GCA_001567115_1__narG__LMZT01000141.1_37	O06459|narG|nar|Thermus_thermophilus	62.4	1206	1603
GCA_001567115_1__narG__LMZT01000141.1_37	A0A894Z0L1|nxrA|nxr|Nitrolancea_hollandica	57.8	1227	1536
GCA_001567115_1__narG__LMZT01000141.1_37	Q3SUK2|nxrA|nxr|Nitrobacter_winogradskyi_Nb-255	57.1	1222	1504
GCA_001567115_1__narG__LMZT01000141.1_37	Q1QPP1|nxrA|nxr|Nitrobacter_hamburgensis_X14	56.6	1222	1496
GCA_001567115_1__narG__LMZT01000141.1_37	A0ACC6ADH6|nxrA|nxr|Nitrobacter_winogradskyi	57.0	1222	1494
GCA_001567115_1__narG__LMZT01000141.1_37	A4BM17|nxrA|nxr|Nitrococcus_mobilis_Nb-231	56.9	1227	1483
GCA_001567115_1__narG__LMZT01000141.1_37	P42175|narG|nar|Bacillus_subtilis	47.8	1212	1170
GCA_001567115_1__narG__LMZT01000141.1_37	G3XCX1|narG|nar|Pseudomonas_aeruginosa	47.1	1228	1152
GCA_001567115_1__narG__LMZT01000141.1_37	Q6GUE5|narG|nar|Halomonas_maura	46.5	1246	1144
GCA_001567115_1__narG__LMZT01000141.1_37	Q8XDC8|narG|nar|Escherichia_coli_O157:H7	47.0	1218	1143
GCA_001567115_1__narG__LMZT01000141.1_37	Q8ZP37|narG|nar|Salmonella_typhimurium	46.8	1218	1135
GCA_001567115_1__narG__LMZT01000141.1_37	P9WJQ3|narG|nar|Mycobacterium_tuberculosis	45.8	1216	1053
GCA_001567115_1__narG__LMZT01000141.1_37	Q75TJ6|narG|nar|Geobacillus_stearothermophilus	45.3	1039	944
GCA_001567115_1__narG__LMZT01000141.1_37	A0A0M2UVV1|nxrA|nxr|Candidatus_Brocadia_fulgida	23.7	637	134
GCA_001567115_1__narG__LMZT01000141.1_37	A0ABM9HBT2|nxrA|nxr|Nitrospina_watsonii	24.1	615	130
GCA_001567115_1__narG__LMZT01000141.1_37	A0A0S4LQF4|nxrA|nxr|Candidatus_Nitrospira_nitrificans	21.5	627	117
GCA_001567115_1__narG__LMZT01000141.1_37	A0A0S4KRS1|nxrA|nxr|Candidatus_Nitrospira_inopinata	22.1	621	115
GCA_001567115_1__narG__LMZT01000141.1_37	A0A1W1I5V4|nxrA|nxr|Nitrospira_japonica	21.2	612	113
GCA_001567115_1__narG__LMZT01000141.1_37	A0ABM8RCK9|nxrA|nxr|Nitrospira_defluvii	21.2	623	110
GCA_001567115_1__narG__LMZT01000141.1_37	A0ABN8AJF8|nxrA|nxr|Candidatus_Nitrotoga_arctica	24.7	361	93.6
GCA_001797465_1__narG__MGPQ01000005.1_168	A0A894Z0L1|nxrA|nxr|Nitrolancea_hollandica	51.8	1246	1348
GCA_001797465_1__narG__MGPQ01000005.1_168	O06459|narG|nar|Thermus_thermophilus	52.4	1237	1345
GCA_001797465_1__narG__MGPQ01000005.1_168	A4BM17|nxrA|nxr|Nitrococcus_mobilis_Nb-231	50.6	1256	1315
GCA_001797465_1__narG__MGPQ01000005.1_168	Q3SUK2|nxrA|nxr|Nitrobacter_winogradskyi_Nb-255	50.5	1249	1310
GCA_001797465_1__narG__MGPQ01000005.1_168	A0ACC6ADH6|nxrA|nxr|Nitrobacter_winogradskyi	49.7	1249	1290
GCA_001797465_1__narG__MGPQ01000005.1_168	Q1QPP1|nxrA|nxr|Nitrobacter_hamburgensis_X14	49.0	1249	1282
GCA_001797465_1__narG__MGPQ01000005.1_168	P42175|narG|nar|Bacillus_subtilis	45.5	1231	1124
GCA_001797465_1__narG__MGPQ01000005.1_168	G3XCX1|narG|nar|Pseudomonas_aeruginosa	44.5	1257	1073
GCA_001797465_1__narG__MGPQ01000005.1_168	Q8XDC8|narG|nar|Escherichia_coli_O157:H7	43.5	1255	1055
GCA_001797465_1__narG__MGPQ01000005.1_168	Q8ZP37|narG|nar|Salmonella_typhimurium	42.9	1248	1043
GCA_001797465_1__narG__MGPQ01000005.1_168	Q6GUE5|narG|nar|Halomonas_maura	43.2	1272	1030
GCA_001797465_1__narG__MGPQ01000005.1_168	P9WJQ3|narG|nar|Mycobacterium_tuberculosis	43.2	1252	994
GCA_001797465_1__narG__MGPQ01000005.1_168	Q75TJ6|narG|nar|Geobacillus_stearothermophilus	43.3	1052	890
GCA_001797465_1__narG__MGPQ01000005.1_168	A0A0M2UVV1|nxrA|nxr|Candidatus_Brocadia_fulgida	23.5	609	137
GCA_001797465_1__narG__MGPQ01000005.1_168	A0ABM9HBT2|nxrA|nxr|Nitrospina_watsonii	23.7	616	116
GCA_001797465_1__narG__MGPQ01000005.1_168	A0ABN8AJF8|nxrA|nxr|Candidatus_Nitrotoga_arctica	22.8	692	96.3
GCA_001797465_1__narG__MGPQ01000005.1_168	A0A0S4LQF4|nxrA|nxr|Candidatus_Nitrospira_nitrificans	24.2	360	95.1
GCA_001797465_1__narG__MGPQ01000005.1_168	A0ABM8RCK9|nxrA|nxr|Nitrospira_defluvii	23.3	361	93.2
GCA_001797465_1__narG__MGPQ01000005.1_168	A0A0S4KRS1|nxrA|nxr|Candidatus_Nitrospira_inopinata	24.1	361	90.9
GCA_001797465_1__narG__MGPQ01000005.1_168	A0A1W1I5V4|nxrA|nxr|Nitrospira_japonica	23.3	361	88.6
GCA_003598085_1__nxrA__QZKU01000007.1_3	Q3SUK2|nxrA|nxr|Nitrobacter_winogradskyi_Nb-255	56.8	1214	1491
GCA_003598085_1__nxrA__QZKU01000007.1_3	A0ACC6ADH6|nxrA|nxr|Nitrobacter_winogradskyi	56.3	1214	1479
GCA_003598085_1__nxrA__QZKU01000007.1_3	A0A894Z0L1|nxrA|nxr|Nitrolancea_hollandica	57.0	1219	1477
GCA_003598085_1__nxrA__QZKU01000007.1_3	Q1QPP1|nxrA|nxr|Nitrobacter_hamburgensis_X14	55.9	1214	1474
GCA_003598085_1__nxrA__QZKU01000007.1_3	O06459|narG|nar|Thermus_thermophilus	57.6	1196	1467
GCA_003598085_1__nxrA__QZKU01000007.1_3	A4BM17|nxrA|nxr|Nitrococcus_mobilis_Nb-231	55.0	1216	1446
GCA_003598085_1__nxrA__QZKU01000007.1_3	P42175|narG|nar|Bacillus_subtilis	48.0	1198	1172
GCA_003598085_1__nxrA__QZKU01000007.1_3	Q6GUE5|narG|nar|Halomonas_maura	46.2	1224	1110
GCA_003598085_1__nxrA__QZKU01000007.1_3	G3XCX1|narG|nar|Pseudomonas_aeruginosa	46.0	1229	1100
GCA_003598085_1__nxrA__QZKU01000007.1_3	Q8XDC8|narG|nar|Escherichia_coli_O157:H7	45.5	1211	1099
GCA_003598085_1__nxrA__QZKU01000007.1_3	Q8ZP37|narG|nar|Salmonella_typhimurium	45.7	1211	1099
GCA_003598085_1__nxrA__QZKU01000007.1_3	P9WJQ3|narG|nar|Mycobacterium_tuberculosis	44.8	1211	1042
GCA_003598085_1__nxrA__QZKU01000007.1_3	Q75TJ6|narG|nar|Geobacillus_stearothermophilus	45.4	1019	933
GCA_003598085_1__nxrA__QZKU01000007.1_3	A0A0M2UVV1|nxrA|nxr|Candidatus_Brocadia_fulgida	23.1	606	130
GCA_003598085_1__nxrA__QZKU01000007.1_3	A0ABM9HBT2|nxrA|nxr|Nitrospina_watsonii	22.9	612	119
GCA_003598085_1__nxrA__QZKU01000007.1_3	A0A0S4LQF4|nxrA|nxr|Candidatus_Nitrospira_nitrificans	23.1	623	117
GCA_003598085_1__nxrA__QZKU01000007.1_3	A0ABM8RCK9|nxrA|nxr|Nitrospira_defluvii	22.6	627	113
GCA_003598085_1__nxrA__QZKU01000007.1_3	A0A1W1I5V4|nxrA|nxr|Nitrospira_japonica	21.2	628	106
GCA_003598085_1__nxrA__QZKU01000007.1_3	A0A0S4KRS1|nxrA|nxr|Candidatus_Nitrospira_inopinata	22.0	618	102
GCA_013360445_1__narG__JABWBP010000044.1_11	O06459|narG|nar|Thermus_thermophilus	59.9	1199	1507
GCA_013360445_1__narG__JABWBP010000044.1_11	A4BM17|nxrA|nxr|Nitrococcus_mobilis_Nb-231	56.0	1221	1457
GCA_013360445_1__narG__JABWBP010000044.1_11	Q3SUK2|nxrA|nxr|Nitrobacter_winogradskyi_Nb-255	56.7	1216	1455
GCA_013360445_1__narG__JABWBP010000044.1_11	Q1QPP1|nxrA|nxr|Nitrobacter_hamburgensis_X14	56.3	1216	1454
GCA_013360445_1__narG__JABWBP010000044.1_11	A0ACC6ADH6|nxrA|nxr|Nitrobacter_winogradskyi	56.3	1216	1451
GCA_013360445_1__narG__JABWBP010000044.1_11	A0A894Z0L1|nxrA|nxr|Nitrolancea_hollandica	56.1	1222	1440
GCA_013360445_1__narG__JABWBP010000044.1_11	P42175|narG|nar|Bacillus_subtilis	46.6	1199	1146
GCA_013360445_1__narG__JABWBP010000044.1_11	Q6GUE5|narG|nar|Halomonas_maura	47.0	1227	1130
GCA_013360445_1__narG__JABWBP010000044.1_11	Q8ZP37|narG|nar|Salmonella_typhimurium	46.4	1213	1102
GCA_013360445_1__narG__JABWBP010000044.1_11	G3XCX1|narG|nar|Pseudomonas_aeruginosa	46.5	1221	1100
GCA_013360445_1__narG__JABWBP010000044.1_11	Q8XDC8|narG|nar|Escherichia_coli_O157:H7	45.9	1213	1095
GCA_013360445_1__narG__JABWBP010000044.1_11	P9WJQ3|narG|nar|Mycobacterium_tuberculosis	45.6	1212	1058
GCA_013360445_1__narG__JABWBP010000044.1_11	Q75TJ6|narG|nar|Geobacillus_stearothermophilus	46.0	1022	957
GCA_013360445_1__narG__JABWBP010000044.1_11	A0A0M2UVV1|nxrA|nxr|Candidatus_Brocadia_fulgida	25.0	605	130
GCA_013360445_1__narG__JABWBP010000044.1_11	A0ABM9HBT2|nxrA|nxr|Nitrospina_watsonii	24.0	616	112
GCA_013360445_1__narG__JABWBP010000044.1_11	A0A0S4LQF4|nxrA|nxr|Candidatus_Nitrospira_nitrificans	25.3	360	106
GCA_013360445_1__narG__JABWBP010000044.1_11	A0A1W1I5V4|nxrA|nxr|Nitrospira_japonica	23.9	612	106
GCA_013360445_1__narG__JABWBP010000044.1_11	A0ABN8AJF8|nxrA|nxr|Candidatus_Nitrotoga_arctica	23.2	608	105
GCA_013360445_1__narG__JABWBP010000044.1_11	A0ABM8RCK9|nxrA|nxr|Nitrospira_defluvii	25.1	366	104
GCA_013360445_1__narG__JABWBP010000044.1_11	A0A0S4KRS1|nxrA|nxr|Candidatus_Nitrospira_inopinata	25.1	366	103
GCA_018263585_1__narG__JAANWZ010000035.1_10	O06459|narG|nar|Thermus_thermophilus	60.4	1232	1551
GCA_018263585_1__narG__JAANWZ010000035.1_10	A0A894Z0L1|nxrA|nxr|Nitrolancea_hollandica	54.9	1258	1468
GCA_018263585_1__narG__JAANWZ010000035.1_10	Q3SUK2|nxrA|nxr|Nitrobacter_winogradskyi_Nb-255	55.3	1251	1466
GCA_018263585_1__narG__JAANWZ010000035.1_10	A0ACC6ADH6|nxrA|nxr|Nitrobacter_winogradskyi	54.7	1251	1445
GCA_018263585_1__narG__JAANWZ010000035.1_10	Q1QPP1|nxrA|nxr|Nitrobacter_hamburgensis_X14	54.0	1251	1438
GCA_018263585_1__narG__JAANWZ010000035.1_10	A4BM17|nxrA|nxr|Nitrococcus_mobilis_Nb-231	54.3	1255	1437
GCA_018263585_1__narG__JAANWZ010000035.1_10	P42175|narG|nar|Bacillus_subtilis	46.4	1241	1171
GCA_018263585_1__narG__JAANWZ010000035.1_10	Q8ZP37|narG|nar|Salmonella_typhimurium	46.2	1251	1128
GCA_018263585_1__narG__JAANWZ010000035.1_10	Q8XDC8|narG|nar|Escherichia_coli_O157:H7	45.8	1251	1122
GCA_018263585_1__narG__JAANWZ010000035.1_10	G3XCX1|narG|nar|Pseudomonas_aeruginosa	46.7	1258	1119
GCA_018263585_1__narG__JAANWZ010000035.1_10	Q6GUE5|narG|nar|Halomonas_maura	45.2	1274	1113
GCA_018263585_1__narG__JAANWZ010000035.1_10	P9WJQ3|narG|nar|Mycobacterium_tuberculosis	44.7	1240	1048
GCA_018263585_1__narG__JAANWZ010000035.1_10	Q75TJ6|narG|nar|Geobacillus_stearothermophilus	45.4	1062	943
GCA_018263585_1__narG__JAANWZ010000035.1_10	A0A0M2UVV1|nxrA|nxr|Candidatus_Brocadia_fulgida	22.9	641	129
GCA_018263585_1__narG__JAANWZ010000035.1_10	A0ABM9HBT2|nxrA|nxr|Nitrospina_watsonii	24.1	617	124
GCA_018263585_1__narG__JAANWZ010000035.1_10	A0A1W1I5V4|nxrA|nxr|Nitrospira_japonica	21.5	605	112
GCA_018263585_1__narG__JAANWZ010000035.1_10	A0A0S4KRS1|nxrA|nxr|Candidatus_Nitrospira_inopinata	21.0	610	107
GCA_018263585_1__narG__JAANWZ010000035.1_10	A0A0S4LQF4|nxrA|nxr|Candidatus_Nitrospira_nitrificans	21.2	612	107
GCA_018263585_1__narG__JAANWZ010000035.1_10	A0ABM8RCK9|nxrA|nxr|Nitrospira_defluvii	21.2	617	107
GCA_018263585_1__narG__JAANWZ010000035.1_10	A0ABN8AJF8|nxrA|nxr|Candidatus_Nitrotoga_arctica	22.1	588	96.3
GCA_019912885_1__narG__JAIOHV010000229.1_19	O06459|narG|nar|Thermus_thermophilus	59.2	1202	1474
GCA_019912885_1__narG__JAIOHV010000229.1_19	A4BM17|nxrA|nxr|Nitrococcus_mobilis_Nb-231	56.3	1216	1427
GCA_019912885_1__narG__JAIOHV010000229.1_19	Q3SUK2|nxrA|nxr|Nitrobacter_winogradskyi_Nb-255	55.7	1211	1427
GCA_019912885_1__narG__JAIOHV010000229.1_19	Q1QPP1|nxrA|nxr|Nitrobacter_hamburgensis_X14	54.7	1211	1422
GCA_019912885_1__narG__JAIOHV010000229.1_19	A0A894Z0L1|nxrA|nxr|Nitrolancea_hollandica	54.8	1224	1421
GCA_019912885_1__narG__JAIOHV010000229.1_19	A0ACC6ADH6|nxrA|nxr|Nitrobacter_winogradskyi	54.8	1214	1411
GCA_019912885_1__narG__JAIOHV010000229.1_19	P42175|narG|nar|Bacillus_subtilis	45.8	1197	1112
GCA_019912885_1__narG__JAIOHV010000229.1_19	G3XCX1|narG|nar|Pseudomonas_aeruginosa	46.2	1221	1085
GCA_019912885_1__narG__JAIOHV010000229.1_19	Q6GUE5|narG|nar|Halomonas_maura	45.4	1228	1082
GCA_019912885_1__narG__JAIOHV010000229.1_19	P9WJQ3|narG|nar|Mycobacterium_tuberculosis	45.1	1206	1056
GCA_019912885_1__narG__JAIOHV010000229.1_19	Q8ZP37|narG|nar|Salmonella_typhimurium	44.2	1213	1050
GCA_019912885_1__narG__JAIOHV010000229.1_19	Q8XDC8|narG|nar|Escherichia_coli_O157:H7	44.1	1217	1047
GCA_019912885_1__narG__JAIOHV010000229.1_19	Q75TJ6|narG|nar|Geobacillus_stearothermophilus	45.8	1024	944
GCA_019912885_1__narG__JAIOHV010000229.1_19	A0A0M2UVV1|nxrA|nxr|Candidatus_Brocadia_fulgida	24.3	647	142
GCA_019912885_1__narG__JAIOHV010000229.1_19	A0ABM9HBT2|nxrA|nxr|Nitrospina_watsonii	23.8	610	119
GCA_019912885_1__narG__JAIOHV010000229.1_19	A0A1W1I5V4|nxrA|nxr|Nitrospira_japonica	22.0	642	110
GCA_019912885_1__narG__JAIOHV010000229.1_19	A0ABM8RCK9|nxrA|nxr|Nitrospira_defluvii	21.2	642	105
GCA_019912885_1__narG__JAIOHV010000229.1_19	A0A0S4KRS1|nxrA|nxr|Candidatus_Nitrospira_inopinata	21.3	642	105
GCA_019912885_1__narG__JAIOHV010000229.1_19	A0A0S4LQF4|nxrA|nxr|Candidatus_Nitrospira_nitrificans	24.0	363	101
GCA_019912885_1__narG__JAIOHV010000229.1_19	A0ABN8AJF8|nxrA|nxr|Candidatus_Nitrotoga_arctica	21.5	582	91.3
GCA_020723665_1__narG__DYIL01000045.1_14	Q6GUE5|narG|nar|Halomonas_maura	71.6	1249	1929
GCA_020723665_1__narG__DYIL01000045.1_14	G3XCX1|narG|nar|Pseudomonas_aeruginosa	70.7	1241	1900
GCA_020723665_1__narG__DYIL01000045.1_14	Q8ZP37|narG|nar|Salmonella_typhimurium	68.5	1238	1867
GCA_020723665_1__narG__DYIL01000045.1_14	Q8XDC8|narG|nar|Escherichia_coli_O157:H7	68.3	1238	1861
GCA_020723665_1__narG__DYIL01000045.1_14	P42175|narG|nar|Bacillus_subtilis	52.5	1241	1356
GCA_020723665_1__narG__DYIL01000045.1_14	O06459|narG|nar|Thermus_thermophilus	50.8	1216	1196
GCA_020723665_1__narG__DYIL01000045.1_14	P9WJQ3|narG|nar|Mycobacterium_tuberculosis	48.6	1214	1181
GCA_020723665_1__narG__DYIL01000045.1_14	A4BM17|nxrA|nxr|Nitrococcus_mobilis_Nb-231	47.0	1235	1137
GCA_020723665_1__narG__DYIL01000045.1_14	Q3SUK2|nxrA|nxr|Nitrobacter_winogradskyi_Nb-255	46.3	1227	1127
GCA_020723665_1__narG__DYIL01000045.1_14	Q1QPP1|nxrA|nxr|Nitrobacter_hamburgensis_X14	46.2	1227	1127
GCA_020723665_1__narG__DYIL01000045.1_14	A0ACC6ADH6|nxrA|nxr|Nitrobacter_winogradskyi	46.5	1227	1118
GCA_020723665_1__narG__DYIL01000045.1_14	Q75TJ6|narG|nar|Geobacillus_stearothermophilus	52.6	1039	1115
GCA_020723665_1__narG__DYIL01000045.1_14	A0A894Z0L1|nxrA|nxr|Nitrolancea_hollandica	45.1	1236	1089
GCA_020723665_1__narG__DYIL01000045.1_14	A0ABN8AJF8|nxrA|nxr|Candidatus_Nitrotoga_arctica	24.4	611	131
GCA_020723665_1__narG__DYIL01000045.1_14	A0A0M2UVV1|nxrA|nxr|Candidatus_Brocadia_fulgida	23.6	631	129
GCA_020723665_1__narG__DYIL01000045.1_14	A0ABM9HBT2|nxrA|nxr|Nitrospina_watsonii	23.6	626	121
GCA_020723665_1__narG__DYIL01000045.1_14	A0A0S4LQF4|nxrA|nxr|Candidatus_Nitrospira_nitrificans	20.4	861	115
GCA_020723665_1__narG__DYIL01000045.1_14	A0A0S4KRS1|nxrA|nxr|Candidatus_Nitrospira_inopinata	22.0	646	115
GCA_020723665_1__narG__DYIL01000045.1_14	A0ABM8RCK9|nxrA|nxr|Nitrospira_defluvii	23.2	646	114
GCA_020723665_1__narG__DYIL01000045.1_14	A0A1W1I5V4|nxrA|nxr|Nitrospira_japonica	22.0	646	112
GCA_020850775_1__nxrA__JADZEA010000161.1_2	O06459|narG|nar|Thermus_thermophilus	60.5	1207	1536
GCA_020850775_1__nxrA__JADZEA010000161.1_2	Q3SUK2|nxrA|nxr|Nitrobacter_winogradskyi_Nb-255	56.3	1221	1467
GCA_020850775_1__nxrA__JADZEA010000161.1_2	Q1QPP1|nxrA|nxr|Nitrobacter_hamburgensis_X14	56.0	1221	1464
GCA_020850775_1__nxrA__JADZEA010000161.1_2	A0ACC6ADH6|nxrA|nxr|Nitrobacter_winogradskyi	56.3	1221	1461
GCA_020850775_1__nxrA__JADZEA010000161.1_2	A0A894Z0L1|nxrA|nxr|Nitrolancea_hollandica	54.8	1226	1442
GCA_020850775_1__nxrA__JADZEA010000161.1_2	A4BM17|nxrA|nxr|Nitrococcus_mobilis_Nb-231	54.9	1224	1425
GCA_020850775_1__nxrA__JADZEA010000161.1_2	P42175|narG|nar|Bacillus_subtilis	47.4	1214	1169
GCA_020850775_1__nxrA__JADZEA010000161.1_2	Q8XDC8|narG|nar|Escherichia_coli_O157:H7	47.5	1215	1153
GCA_020850775_1__nxrA__JADZEA010000161.1_2	Q8ZP37|narG|nar|Salmonella_typhimurium	47.4	1224	1143
GCA_020850775_1__nxrA__JADZEA010000161.1_2	Q6GUE5|narG|nar|Halomonas_maura	46.1	1234	1122
GCA_020850775_1__nxrA__JADZEA010000161.1_2	G3XCX1|narG|nar|Pseudomonas_aeruginosa	45.2	1227	1095
GCA_020850775_1__nxrA__JADZEA010000161.1_2	P9WJQ3|narG|nar|Mycobacterium_tuberculosis	45.3	1212	1068
GCA_020850775_1__nxrA__JADZEA010000161.1_2	Q75TJ6|narG|nar|Geobacillus_stearothermophilus	46.3	1031	956
GCA_020850775_1__nxrA__JADZEA010000161.1_2	A0A0M2UVV1|nxrA|nxr|Candidatus_Brocadia_fulgida	24.8	630	133
GCA_020850775_1__nxrA__JADZEA010000161.1_2	A0ABM9HBT2|nxrA|nxr|Nitrospina_watsonii	24.2	608	110
GCA_020850775_1__nxrA__JADZEA010000161.1_2	A0A1W1I5V4|nxrA|nxr|Nitrospira_japonica	20.6	611	98.2
GCA_020850775_1__nxrA__JADZEA010000161.1_2	A0A0S4KRS1|nxrA|nxr|Candidatus_Nitrospira_inopinata	22.4	361	96.7
GCA_020850775_1__nxrA__JADZEA010000161.1_2	A0A0S4LQF4|nxrA|nxr|Candidatus_Nitrospira_nitrificans	22.1	598	95.9
GCA_020850775_1__nxrA__JADZEA010000161.1_2	A0ABM8RCK9|nxrA|nxr|Nitrospira_defluvii	23.9	352	89.4
GCA_020850775_1__nxrA__JADZEA010000161.1_2	A0ABN8AJF8|nxrA|nxr|Candidatus_Nitrotoga_arctica	21.7	607	79.3
GCA_021783475_1__narG__JAJXTU010000034.1_19	Q8XDC8|narG|nar|Escherichia_coli_O157:H7	55.1	1207	1409
GCA_021783475_1__narG__JAJXTU010000034.1_19	Q8ZP37|narG|nar|Salmonella_typhimurium	55.2	1207	1404
GCA_021783475_1__narG__JAJXTU010000034.1_19	G3XCX1|narG|nar|Pseudomonas_aeruginosa	54.8	1223	1395
GCA_021783475_1__narG__JAJXTU010000034.1_19	Q6GUE5|narG|nar|Halomonas_maura	54.3	1220	1379
GCA_021783475_1__narG__JAJXTU010000034.1_19	P42175|narG|nar|Bacillus_subtilis	49.7	1193	1196
GCA_021783475_1__narG__JAJXTU010000034.1_19	O06459|narG|nar|Thermus_thermophilus	46.6	1202	1070
GCA_021783475_1__narG__JAJXTU010000034.1_19	Q3SUK2|nxrA|nxr|Nitrobacter_winogradskyi_Nb-255	45.2	1204	1052
GCA_021783475_1__narG__JAJXTU010000034.1_19	Q1QPP1|nxrA|nxr|Nitrobacter_hamburgensis_X14	44.3	1204	1049
GCA_021783475_1__narG__JAJXTU010000034.1_19	A0ACC6ADH6|nxrA|nxr|Nitrobacter_winogradskyi	44.7	1204	1046
GCA_021783475_1__narG__JAJXTU010000034.1_19	P9WJQ3|narG|nar|Mycobacterium_tuberculosis	43.3	1192	1033
GCA_021783475_1__narG__JAJXTU010000034.1_19	A4BM17|nxrA|nxr|Nitrococcus_mobilis_Nb-231	43.1	1220	1006
GCA_021783475_1__narG__JAJXTU010000034.1_19	Q75TJ6|narG|nar|Geobacillus_stearothermophilus	49.0	1022	1000
GCA_021783475_1__narG__JAJXTU010000034.1_19	A0A894Z0L1|nxrA|nxr|Nitrolancea_hollandica	42.2	1209	990
GCA_021783475_1__narG__JAJXTU010000034.1_19	A0A0M2UVV1|nxrA|nxr|Candidatus_Brocadia_fulgida	21.2	839	126
GCA_021783475_1__narG__JAJXTU010000034.1_19	A0ABM9HBT2|nxrA|nxr|Nitrospina_watsonii	22.5	618	118
GCA_021783475_1__narG__JAJXTU010000034.1_19	A0ABN8AJF8|nxrA|nxr|Candidatus_Nitrotoga_arctica	23.2	603	114
GCA_021783475_1__narG__JAJXTU010000034.1_19	A0A0S4LQF4|nxrA|nxr|Candidatus_Nitrospira_nitrificans	20.2	850	112
GCA_021783475_1__narG__JAJXTU010000034.1_19	A0ABM8RCK9|nxrA|nxr|Nitrospira_defluvii	20.6	839	108
GCA_021783475_1__narG__JAJXTU010000034.1_19	A0A1W1I5V4|nxrA|nxr|Nitrospira_japonica	19.9	856	101
GCA_021783475_1__narG__JAJXTU010000034.1_19	A0A0S4KRS1|nxrA|nxr|Candidatus_Nitrospira_inopinata	19.9	854	99.8
GCA_024102725_1__nxrA__JAGFJL010000006.1_2	A4BM17|nxrA|nxr|Nitrococcus_mobilis_Nb-231	85.0	699	1316
GCA_024102725_1__nxrA__JAGFJL010000006.1_2	Q3SUK2|nxrA|nxr|Nitrobacter_winogradskyi_Nb-255	67.5	699	1059
GCA_024102725_1__nxrA__JAGFJL010000006.1_2	A0ACC6ADH6|nxrA|nxr|Nitrobacter_winogradskyi	67.0	699	1045
GCA_024102725_1__nxrA__JAGFJL010000006.1_2	Q1QPP1|nxrA|nxr|Nitrobacter_hamburgensis_X14	66.8	699	1041
GCA_024102725_1__nxrA__JAGFJL010000006.1_2	A0A894Z0L1|nxrA|nxr|Nitrolancea_hollandica	65.3	704	1017
GCA_024102725_1__nxrA__JAGFJL010000006.1_2	O06459|narG|nar|Thermus_thermophilus	56.1	702	818
GCA_024102725_1__nxrA__JAGFJL010000006.1_2	Q75TJ6|narG|nar|Geobacillus_stearothermophilus	43.0	702	607
GCA_024102725_1__nxrA__JAGFJL010000006.1_2	G3XCX1|narG|nar|Pseudomonas_aeruginosa	43.2	708	607
GCA_024102725_1__nxrA__JAGFJL010000006.1_2	P42175|narG|nar|Bacillus_subtilis	41.8	704	598
GCA_024102725_1__nxrA__JAGFJL010000006.1_2	Q6GUE5|narG|nar|Halomonas_maura	43.7	710	592
GCA_024102725_1__nxrA__JAGFJL010000006.1_2	Q8ZP37|narG|nar|Salmonella_typhimurium	42.7	708	586
GCA_024102725_1__nxrA__JAGFJL010000006.1_2	Q8XDC8|narG|nar|Escherichia_coli_O157:H7	41.9	706	583
GCA_024102725_1__nxrA__JAGFJL010000006.1_2	P9WJQ3|narG|nar|Mycobacterium_tuberculosis	41.9	699	565
GCA_024102725_1__narG__JAGFJL010000032.1_29	A4BM17|nxrA|nxr|Nitrococcus_mobilis_Nb-231	95.8	698	1459
GCA_024102725_1__narG__JAGFJL010000032.1_29	Q3SUK2|nxrA|nxr|Nitrobacter_winogradskyi_Nb-255	68.1	698	1069
GCA_024102725_1__narG__JAGFJL010000032.1_29	A0A894Z0L1|nxrA|nxr|Nitrolancea_hollandica	67.1	703	1044
GCA_024102725_1__narG__JAGFJL010000032.1_29	Q1QPP1|nxrA|nxr|Nitrobacter_hamburgensis_X14	66.5	698	1041
GCA_024102725_1__narG__JAGFJL010000032.1_29	A0ACC6ADH6|nxrA|nxr|Nitrobacter_winogradskyi	66.8	698	1041
GCA_024102725_1__narG__JAGFJL010000032.1_29	O06459|narG|nar|Thermus_thermophilus	56.8	699	831
GCA_024102725_1__narG__JAGFJL010000032.1_29	Q75TJ6|narG|nar|Geobacillus_stearothermophilus	44.7	700	629
GCA_024102725_1__narG__JAGFJL010000032.1_29	P42175|narG|nar|Bacillus_subtilis	44.4	701	626
GCA_024102725_1__narG__JAGFJL010000032.1_29	Q6GUE5|narG|nar|Halomonas_maura	45.6	706	608
GCA_024102725_1__narG__JAGFJL010000032.1_29	G3XCX1|narG|nar|Pseudomonas_aeruginosa	44.6	707	607
GCA_024102725_1__narG__JAGFJL010000032.1_29	Q8ZP37|narG|nar|Salmonella_typhimurium	43.8	704	593
GCA_024102725_1__narG__JAGFJL010000032.1_29	Q8XDC8|narG|nar|Escherichia_coli_O157:H7	43.6	706	591
GCA_024102725_1__narG__JAGFJL010000032.1_29	P9WJQ3|narG|nar|Mycobacterium_tuberculosis	40.5	704	555
GCA_030433275_1__nxrA__JAUILK010000006.1_59	A4BM17|nxrA|nxr|Nitrococcus_mobilis_Nb-231	96.6	1218	2540
GCA_030433275_1__nxrA__JAUILK010000006.1_59	Q3SUK2|nxrA|nxr|Nitrobacter_winogradskyi_Nb-255	69.1	1220	1846
GCA_030433275_1__nxrA__JAUILK010000006.1_59	Q1QPP1|nxrA|nxr|Nitrobacter_hamburgensis_X14	68.0	1220	1813
GCA_030433275_1__nxrA__JAUILK010000006.1_59	A0ACC6ADH6|nxrA|nxr|Nitrobacter_winogradskyi	68.1	1220	1809
GCA_030433275_1__nxrA__JAUILK010000006.1_59	A0A894Z0L1|nxrA|nxr|Nitrolancea_hollandica	67.2	1227	1796
GCA_030433275_1__nxrA__JAUILK010000006.1_59	O06459|narG|nar|Thermus_thermophilus	58.3	1219	1504
GCA_030433275_1__nxrA__JAUILK010000006.1_59	P42175|narG|nar|Bacillus_subtilis	47.1	1211	1171
GCA_030433275_1__nxrA__JAUILK010000006.1_59	G3XCX1|narG|nar|Pseudomonas_aeruginosa	47.0	1233	1129
GCA_030433275_1__nxrA__JAUILK010000006.1_59	Q6GUE5|narG|nar|Halomonas_maura	46.4	1245	1119
GCA_030433275_1__nxrA__JAUILK010000006.1_59	Q8XDC8|narG|nar|Escherichia_coli_O157:H7	45.9	1234	1115
GCA_030433275_1__nxrA__JAUILK010000006.1_59	Q8ZP37|narG|nar|Salmonella_typhimurium	46.0	1226	1111
GCA_030433275_1__nxrA__JAUILK010000006.1_59	P9WJQ3|narG|nar|Mycobacterium_tuberculosis	44.5	1217	1060
GCA_030433275_1__nxrA__JAUILK010000006.1_59	Q75TJ6|narG|nar|Geobacillus_stearothermophilus	45.1	1028	946
GCA_030433275_1__nxrA__JAUILK010000006.1_59	A0ABM8RCK9|nxrA|nxr|Nitrospira_defluvii	20.7	845	121
GCA_030433275_1__nxrA__JAUILK010000006.1_59	A0A0M2UVV1|nxrA|nxr|Candidatus_Brocadia_fulgida	24.9	365	121
GCA_030433275_1__nxrA__JAUILK010000006.1_59	A0A0S4LQF4|nxrA|nxr|Candidatus_Nitrospira_nitrificans	22.4	661	117
GCA_030433275_1__nxrA__JAUILK010000006.1_59	A0ABM9HBT2|nxrA|nxr|Nitrospina_watsonii	22.4	669	116
GCA_030433275_1__nxrA__JAUILK010000006.1_59	A0A1W1I5V4|nxrA|nxr|Nitrospira_japonica	21.1	611	106
GCA_030433275_1__nxrA__JAUILK010000006.1_59	A0A0S4KRS1|nxrA|nxr|Candidatus_Nitrospira_inopinata	21.3	611	105
GCA_030433275_1__nxrA__JAUILK010000006.1_59	A0ABN8AJF8|nxrA|nxr|Candidatus_Nitrotoga_arctica	20.6	709	92.8
GCA_030452265_1__nxrA__JAKDMQ010000006.1_17	A4BM17|nxrA|nxr|Nitrococcus_mobilis_Nb-231	81.6	1221	2176
GCA_030452265_1__nxrA__JAKDMQ010000006.1_17	Q3SUK2|nxrA|nxr|Nitrobacter_winogradskyi_Nb-255	66.8	1222	1776
GCA_030452265_1__nxrA__JAKDMQ010000006.1_17	Q1QPP1|nxrA|nxr|Nitrobacter_hamburgensis_X14	66.3	1222	1764
GCA_030452265_1__nxrA__JAKDMQ010000006.1_17	A0ACC6ADH6|nxrA|nxr|Nitrobacter_winogradskyi	66.1	1222	1753
GCA_030452265_1__nxrA__JAKDMQ010000006.1_17	A0A894Z0L1|nxrA|nxr|Nitrolancea_hollandica	65.2	1229	1732
GCA_030452265_1__nxrA__JAKDMQ010000006.1_17	O06459|narG|nar|Thermus_thermophilus	57.4	1222	1459
GCA_030452265_1__nxrA__JAKDMQ010000006.1_17	P42175|narG|nar|Bacillus_subtilis	45.0	1215	1105
GCA_030452265_1__nxrA__JAKDMQ010000006.1_17	G3XCX1|narG|nar|Pseudomonas_aeruginosa	44.9	1237	1081
GCA_030452265_1__nxrA__JAKDMQ010000006.1_17	Q6GUE5|narG|nar|Halomonas_maura	44.5	1250	1066
GCA_030452265_1__nxrA__JAKDMQ010000006.1_17	Q8ZP37|narG|nar|Salmonella_typhimurium	43.8	1227	1058
GCA_030452265_1__nxrA__JAKDMQ010000006.1_17	Q8XDC8|narG|nar|Escherichia_coli_O157:H7	43.2	1235	1051
GCA_030452265_1__nxrA__JAKDMQ010000006.1_17	P9WJQ3|narG|nar|Mycobacterium_tuberculosis	42.7	1221	1005
GCA_030452265_1__nxrA__JAKDMQ010000006.1_17	Q75TJ6|narG|nar|Geobacillus_stearothermophilus	44.0	1031	894
GCA_030452265_1__nxrA__JAKDMQ010000006.1_17	A0A0M2UVV1|nxrA|nxr|Candidatus_Brocadia_fulgida	23.6	365	114
GCA_030452265_1__nxrA__JAKDMQ010000006.1_17	A0ABM9HBT2|nxrA|nxr|Nitrospina_watsonii	22.9	598	111
GCA_030452265_1__nxrA__JAKDMQ010000006.1_17	A0ABM8RCK9|nxrA|nxr|Nitrospira_defluvii	23.1	363	103
GCA_030452265_1__nxrA__JAKDMQ010000006.1_17	A0A0S4LQF4|nxrA|nxr|Candidatus_Nitrospira_nitrificans	23.1	363	100
GCA_030452265_1__nxrA__JAKDMQ010000006.1_17	A0A0S4KRS1|nxrA|nxr|Candidatus_Nitrospira_inopinata	23.4	363	96.3
GCA_030452265_1__nxrA__JAKDMQ010000006.1_17	A0A1W1I5V4|nxrA|nxr|Nitrospira_japonica	21.1	622	94.7
GCA_030452265_1__nxrA__JAKDMQ010000006.1_17	A0ABN8AJF8|nxrA|nxr|Candidatus_Nitrotoga_arctica	24.8	367	85.9
GCA_030452365_1__nxrA__JAKDMK010000003.1_6	A4BM17|nxrA|nxr|Nitrococcus_mobilis_Nb-231	83.9	1220	2232
GCA_030452365_1__nxrA__JAKDMK010000003.1_6	Q3SUK2|nxrA|nxr|Nitrobacter_winogradskyi_Nb-255	67.8	1221	1815
GCA_030452365_1__nxrA__JAKDMK010000003.1_6	Q1QPP1|nxrA|nxr|Nitrobacter_hamburgensis_X14	67.2	1221	1792
GCA_030452365_1__nxrA__JAKDMK010000003.1_6	A0ACC6ADH6|nxrA|nxr|Nitrobacter_winogradskyi	66.5	1221	1777
GCA_030452365_1__nxrA__JAKDMK010000003.1_6	A0A894Z0L1|nxrA|nxr|Nitrolancea_hollandica	66.0	1228	1755
GCA_030452365_1__nxrA__JAKDMK010000003.1_6	O06459|narG|nar|Thermus_thermophilus	59.1	1220	1496
GCA_030452365_1__nxrA__JAKDMK010000003.1_6	P42175|narG|nar|Bacillus_subtilis	46.5	1215	1149
GCA_030452365_1__nxrA__JAKDMK010000003.1_6	Q8ZP37|narG|nar|Salmonella_typhimurium	46.6	1227	1121
GCA_030452365_1__nxrA__JAKDMK010000003.1_6	Q8XDC8|narG|nar|Escherichia_coli_O157:H7	46.1	1233	1117
GCA_030452365_1__nxrA__JAKDMK010000003.1_6	G3XCX1|narG|nar|Pseudomonas_aeruginosa	46.8	1234	1108
GCA_030452365_1__nxrA__JAKDMK010000003.1_6	Q6GUE5|narG|nar|Halomonas_maura	46.0	1247	1097
GCA_030452365_1__nxrA__JAKDMK010000003.1_6	P9WJQ3|narG|nar|Mycobacterium_tuberculosis	42.9	1220	1015
GCA_030452365_1__nxrA__JAKDMK010000003.1_6	Q75TJ6|narG|nar|Geobacillus_stearothermophilus	45.0	1031	926
GCA_030452365_1__nxrA__JAKDMK010000003.1_6	A0ABM9HBT2|nxrA|nxr|Nitrospina_watsonii	21.4	858	117
GCA_030452365_1__nxrA__JAKDMK010000003.1_6	A0A0M2UVV1|nxrA|nxr|Candidatus_Brocadia_fulgida	21.1	592	116
GCA_030452365_1__nxrA__JAKDMK010000003.1_6	A0ABM8RCK9|nxrA|nxr|Nitrospira_defluvii	21.4	616	104
GCA_030452365_1__nxrA__JAKDMK010000003.1_6	A0A0S4LQF4|nxrA|nxr|Candidatus_Nitrospira_nitrificans	24.3	362	101
GCA_030452365_1__nxrA__JAKDMK010000003.1_6	A0A0S4KRS1|nxrA|nxr|Candidatus_Nitrospira_inopinata	22.9	362	94.7
GCA_030452365_1__nxrA__JAKDMK010000003.1_6	A0A1W1I5V4|nxrA|nxr|Nitrospira_japonica	22.4	362	94.7
GCA_030452365_1__nxrA__JAKDMK010000003.1_6	A0ABN8AJF8|nxrA|nxr|Candidatus_Nitrotoga_arctica	22.9	660	94.4
GCA_031960865_1__nxrA__JAVRLZ010000034.1_15	Q8ZP37|narG|nar|Salmonella_typhimurium	57.5	663	806
GCA_031960865_1__nxrA__JAVRLZ010000034.1_15	Q8XDC8|narG|nar|Escherichia_coli_O157:H7	57.3	663	796
GCA_031960865_1__nxrA__JAVRLZ010000034.1_15	G3XCX1|narG|nar|Pseudomonas_aeruginosa	58.1	664	783
GCA_031960865_1__nxrA__JAVRLZ010000034.1_15	Q6GUE5|narG|nar|Halomonas_maura	56.3	675	765
GCA_031960865_1__nxrA__JAVRLZ010000034.1_15	P42175|narG|nar|Bacillus_subtilis	54.0	648	731
GCA_031960865_1__nxrA__JAVRLZ010000034.1_15	P9WJQ3|narG|nar|Mycobacterium_tuberculosis	48.1	655	629
GCA_031960865_1__nxrA__JAVRLZ010000034.1_15	Q1QPP1|nxrA|nxr|Nitrobacter_hamburgensis_X14	48.3	633	624
GCA_031960865_1__nxrA__JAVRLZ010000034.1_15	Q3SUK2|nxrA|nxr|Nitrobacter_winogradskyi_Nb-255	48.7	637	623
GCA_031960865_1__nxrA__JAVRLZ010000034.1_15	A0ACC6ADH6|nxrA|nxr|Nitrobacter_winogradskyi	48.8	637	622
GCA_031960865_1__nxrA__JAVRLZ010000034.1_15	O06459|narG|nar|Thermus_thermophilus	48.6	629	610
GCA_031960865_1__nxrA__JAVRLZ010000034.1_15	A4BM17|nxrA|nxr|Nitrococcus_mobilis_Nb-231	46.7	634	596
GCA_031960865_1__nxrA__JAVRLZ010000034.1_15	A0A894Z0L1|nxrA|nxr|Nitrolancea_hollandica	44.5	645	554
GCA_031960865_1__nxrA__JAVRLZ010000034.1_15	Q75TJ6|narG|nar|Geobacillus_stearothermophilus	50.0	448	473
GCA_031960865_1__nxrA__JAVRLZ010000034.1_15	A0ABM9HBT2|nxrA|nxr|Nitrospina_watsonii	23.6	635	139
GCA_031960865_1__nxrA__JAVRLZ010000034.1_15	A0A0M2UVV1|nxrA|nxr|Candidatus_Brocadia_fulgida	23.1	598	135
GCA_031960865_1__nxrA__JAVRLZ010000034.1_15	A0ABN8AJF8|nxrA|nxr|Candidatus_Nitrotoga_arctica	24.7	599	125
GCA_031960865_1__nxrA__JAVRLZ010000034.1_15	A0ABM8RCK9|nxrA|nxr|Nitrospira_defluvii	22.9	659	117
GCA_031960865_1__nxrA__JAVRLZ010000034.1_15	A0A0S4LQF4|nxrA|nxr|Candidatus_Nitrospira_nitrificans	21.8	648	117
GCA_031960865_1__nxrA__JAVRLZ010000034.1_15	A0A0S4KRS1|nxrA|nxr|Candidatus_Nitrospira_inopinata	22.4	611	115
GCA_031960865_1__nxrA__JAVRLZ010000034.1_15	A0A1W1I5V4|nxrA|nxr|Nitrospira_japonica	21.4	649	114
GCA_031960865_1__narG__JAVRLZ010000058.1_7	Q6GUE5|narG|nar|Halomonas_maura	53.7	589	677
GCA_031960865_1__narG__JAVRLZ010000058.1_7	G3XCX1|narG|nar|Pseudomonas_aeruginosa	53.5	592	676
GCA_031960865_1__narG__JAVRLZ010000058.1_7	Q8ZP37|narG|nar|Salmonella_typhimurium	53.1	589	672
GCA_031960865_1__narG__JAVRLZ010000058.1_7	Q8XDC8|narG|nar|Escherichia_coli_O157:H7	52.6	589	671
GCA_031960865_1__narG__JAVRLZ010000058.1_7	Q75TJ6|narG|nar|Geobacillus_stearothermophilus	49.5	592	569
GCA_031960865_1__narG__JAVRLZ010000058.1_7	P42175|narG|nar|Bacillus_subtilis	48.7	593	559
GCA_031960865_1__narG__JAVRLZ010000058.1_7	O06459|narG|nar|Thermus_thermophilus	45.4	586	520
GCA_031960865_1__narG__JAVRLZ010000058.1_7	Q3SUK2|nxrA|nxr|Nitrobacter_winogradskyi_Nb-255	41.1	603	475
GCA_031960865_1__narG__JAVRLZ010000058.1_7	A0ACC6ADH6|nxrA|nxr|Nitrobacter_winogradskyi	41.5	603	469
GCA_031960865_1__narG__JAVRLZ010000058.1_7	Q1QPP1|nxrA|nxr|Nitrobacter_hamburgensis_X14	40.3	600	469
GCA_031960865_1__narG__JAVRLZ010000058.1_7	P9WJQ3|narG|nar|Mycobacterium_tuberculosis	39.5	583	466
GCA_031960865_1__narG__JAVRLZ010000058.1_7	A4BM17|nxrA|nxr|Nitrococcus_mobilis_Nb-231	39.7	602	457
GCA_031960865_1__narG__JAVRLZ010000058.1_7	A0A894Z0L1|nxrA|nxr|Nitrolancea_hollandica	40.3	611	457
GCA_031960865_1__narG__JAVRLZ010000058.1_7	A0A1W1I5V4|nxrA|nxr|Nitrospira_japonica	25.0	80	44.3
GCA_031960865_1__narG__JAVRLZ010000058.1_7	A0ABM8RCK9|nxrA|nxr|Nitrospira_defluvii	25.0	80	43.5
GCA_031960865_1__narG__JAVRLZ010000058.1_7	A0A0S4KRS1|nxrA|nxr|Candidatus_Nitrospira_inopinata	23.8	80	42.4
GCA_031960865_1__narG__JAVRLZ010000058.1_7	A0A0S4LQF4|nxrA|nxr|Candidatus_Nitrospira_nitrificans	23.4	77	41.2
GCA_031960865_1__narG__JAVRLZ010000058.1_7	A0A0M2UVV1|nxrA|nxr|Candidatus_Brocadia_fulgida	21.4	112	40.8
GCA_036381125_1__narG__DASVDK010000062.1_20	A0A894Z0L1|nxrA|nxr|Nitrolancea_hollandica	73.0	1222	1983
GCA_036381125_1__narG__DASVDK010000062.1_20	Q3SUK2|nxrA|nxr|Nitrobacter_winogradskyi_Nb-255	70.5	1215	1900
GCA_036381125_1__narG__DASVDK010000062.1_20	Q1QPP1|nxrA|nxr|Nitrobacter_hamburgensis_X14	70.0	1215	1881
GCA_036381125_1__narG__DASVDK010000062.1_20	A0ACC6ADH6|nxrA|nxr|Nitrobacter_winogradskyi	69.4	1215	1866
GCA_036381125_1__narG__DASVDK010000062.1_20	A4BM17|nxrA|nxr|Nitrococcus_mobilis_Nb-231	69.0	1219	1856
GCA_036381125_1__narG__DASVDK010000062.1_20	O06459|narG|nar|Thermus_thermophilus	62.3	1214	1599
GCA_036381125_1__narG__DASVDK010000062.1_20	P42175|narG|nar|Bacillus_subtilis	48.7	1207	1206
GCA_036381125_1__narG__DASVDK010000062.1_20	G3XCX1|narG|nar|Pseudomonas_aeruginosa	48.1	1237	1158
GCA_036381125_1__narG__DASVDK010000062.1_20	Q6GUE5|narG|nar|Halomonas_maura	47.5	1239	1153
GCA_036381125_1__narG__DASVDK010000062.1_20	Q8XDC8|narG|nar|Escherichia_coli_O157:H7	47.2	1223	1152
GCA_036381125_1__narG__DASVDK010000062.1_20	Q8ZP37|narG|nar|Salmonella_typhimurium	47.2	1223	1144
GCA_036381125_1__narG__DASVDK010000062.1_20	P9WJQ3|narG|nar|Mycobacterium_tuberculosis	47.7	1217	1110
GCA_036381125_1__narG__DASVDK010000062.1_20	Q75TJ6|narG|nar|Geobacillus_stearothermophilus	46.4	1029	977
GCA_036381125_1__narG__DASVDK010000062.1_20	A0A0M2UVV1|nxrA|nxr|Candidatus_Brocadia_fulgida	23.2	595	134
GCA_036381125_1__narG__DASVDK010000062.1_20	A0ABM9HBT2|nxrA|nxr|Nitrospina_watsonii	23.3	600	114
GCA_036381125_1__narG__DASVDK010000062.1_20	A0A0S4LQF4|nxrA|nxr|Candidatus_Nitrospira_nitrificans	22.6	614	106
GCA_036381125_1__narG__DASVDK010000062.1_20	A0A1W1I5V4|nxrA|nxr|Nitrospira_japonica	23.0	610	105
GCA_036381125_1__narG__DASVDK010000062.1_20	A0A0S4KRS1|nxrA|nxr|Candidatus_Nitrospira_inopinata	22.5	604	103
GCA_036381125_1__narG__DASVDK010000062.1_20	A0ABN8AJF8|nxrA|nxr|Candidatus_Nitrotoga_arctica	24.4	611	101
GCA_036381125_1__narG__DASVDK010000062.1_20	A0ABM8RCK9|nxrA|nxr|Nitrospira_defluvii	24.5	359	98.6
GCA_036480675_1__narG__JAZGGY010000337.1_1	O06459|narG|nar|Thermus_thermophilus	63.9	1077	1421
GCA_036480675_1__narG__JAZGGY010000337.1_1	A0A894Z0L1|nxrA|nxr|Nitrolancea_hollandica	56.4	1100	1310
GCA_036480675_1__narG__JAZGGY010000337.1_1	Q1QPP1|nxrA|nxr|Nitrobacter_hamburgensis_X14	55.5	1097	1289
GCA_036480675_1__narG__JAZGGY010000337.1_1	Q3SUK2|nxrA|nxr|Nitrobacter_winogradskyi_Nb-255	55.4	1097	1284
GCA_036480675_1__narG__JAZGGY010000337.1_1	A4BM17|nxrA|nxr|Nitrococcus_mobilis_Nb-231	55.8	1094	1279
GCA_036480675_1__narG__JAZGGY010000337.1_1	A0ACC6ADH6|nxrA|nxr|Nitrobacter_winogradskyi	55.2	1097	1276
GCA_036480675_1__narG__JAZGGY010000337.1_1	P42175|narG|nar|Bacillus_subtilis	46.2	1088	1012
GCA_036480675_1__narG__JAZGGY010000337.1_1	Q6GUE5|narG|nar|Halomonas_maura	46.8	1110	1010
GCA_036480675_1__narG__JAZGGY010000337.1_1	Q8XDC8|narG|nar|Escherichia_coli_O157:H7	47.2	1103	1004
GCA_036480675_1__narG__JAZGGY010000337.1_1	Q8ZP37|narG|nar|Salmonella_typhimurium	47.1	1103	1000
GCA_036480675_1__narG__JAZGGY010000337.1_1	G3XCX1|narG|nar|Pseudomonas_aeruginosa	46.7	1098	999
GCA_036480675_1__narG__JAZGGY010000337.1_1	Q75TJ6|narG|nar|Geobacillus_stearothermophilus	47.5	1027	975
GCA_036480675_1__narG__JAZGGY010000337.1_1	P9WJQ3|narG|nar|Mycobacterium_tuberculosis	44.5	1101	913
GCA_036480675_1__narG__JAZGGY010000337.1_1	A0A0M2UVV1|nxrA|nxr|Candidatus_Brocadia_fulgida	23.3	481	100
GCA_036480675_1__narG__JAZGGY010000337.1_1	A0A1W1I5V4|nxrA|nxr|Nitrospira_japonica	22.9	480	96.7
GCA_036480675_1__narG__JAZGGY010000337.1_1	A0ABM9HBT2|nxrA|nxr|Nitrospina_watsonii	24.7	445	92.8
GCA_036480675_1__narG__JAZGGY010000337.1_1	A0A0S4LQF4|nxrA|nxr|Candidatus_Nitrospira_nitrificans	22.6	500	92.4
GCA_036480675_1__narG__JAZGGY010000337.1_1	A0A0S4KRS1|nxrA|nxr|Candidatus_Nitrospira_inopinata	22.5	475	91.7
GCA_036480675_1__narG__JAZGGY010000337.1_1	A0ABN8AJF8|nxrA|nxr|Candidatus_Nitrotoga_arctica	23.7	468	83.2
GCA_036480675_1__narG__JAZGGY010000337.1_1	A0ABM8RCK9|nxrA|nxr|Nitrospira_defluvii	22.1	480	81.6
GCA_036562265_1__nxrA__DATCKS010000205.1_2	A0A894Z0L1|nxrA|nxr|Nitrolancea_hollandica	70.8	729	1157
GCA_036562265_1__nxrA__DATCKS010000205.1_2	A4BM17|nxrA|nxr|Nitrococcus_mobilis_Nb-231	69.3	733	1118
GCA_036562265_1__nxrA__DATCKS010000205.1_2	Q1QPP1|nxrA|nxr|Nitrobacter_hamburgensis_X14	69.4	729	1115
GCA_036562265_1__nxrA__DATCKS010000205.1_2	Q3SUK2|nxrA|nxr|Nitrobacter_winogradskyi_Nb-255	69.1	729	1115
GCA_036562265_1__nxrA__DATCKS010000205.1_2	A0ACC6ADH6|nxrA|nxr|Nitrobacter_winogradskyi	68.0	729	1093
GCA_036562265_1__nxrA__DATCKS010000205.1_2	O06459|narG|nar|Thermus_thermophilus	65.7	727	1023
GCA_036562265_1__nxrA__DATCKS010000205.1_2	P42175|narG|nar|Bacillus_subtilis	52.4	699	772
GCA_036562265_1__nxrA__DATCKS010000205.1_2	P9WJQ3|narG|nar|Mycobacterium_tuberculosis	50.8	716	742
GCA_036562265_1__nxrA__DATCKS010000205.1_2	G3XCX1|narG|nar|Pseudomonas_aeruginosa	50.8	724	742
GCA_036562265_1__nxrA__DATCKS010000205.1_2	Q8ZP37|narG|nar|Salmonella_typhimurium	50.3	712	740
GCA_036562265_1__nxrA__DATCKS010000205.1_2	Q8XDC8|narG|nar|Escherichia_coli_O157:H7	50.3	712	739
GCA_036562265_1__nxrA__DATCKS010000205.1_2	Q6GUE5|narG|nar|Halomonas_maura	50.3	735	738
GCA_036562265_1__nxrA__DATCKS010000205.1_2	Q75TJ6|narG|nar|Geobacillus_stearothermophilus	46.9	531	529
GCA_036562265_1__nxrA__DATCKS010000205.1_2	A0A0M2UVV1|nxrA|nxr|Candidatus_Brocadia_fulgida	23.6	597	137
GCA_036562265_1__nxrA__DATCKS010000205.1_2	A0ABM9HBT2|nxrA|nxr|Nitrospina_watsonii	22.8	675	116
GCA_036562265_1__nxrA__DATCKS010000205.1_2	A0A1W1I5V4|nxrA|nxr|Nitrospira_japonica	23.7	619	105
GCA_036562265_1__nxrA__DATCKS010000205.1_2	A0A0S4LQF4|nxrA|nxr|Candidatus_Nitrospira_nitrificans	22.1	670	104
GCA_036562265_1__nxrA__DATCKS010000205.1_2	A0A0S4KRS1|nxrA|nxr|Candidatus_Nitrospira_inopinata	23.2	604	102
GCA_036562265_1__nxrA__DATCKS010000205.1_2	A0ABN8AJF8|nxrA|nxr|Candidatus_Nitrotoga_arctica	24.4	602	102
GCA_036562265_1__nxrA__DATCKS010000205.1_2	A0ABM8RCK9|nxrA|nxr|Nitrospira_defluvii	25.1	363	99.4
GCA_040755155_1__nxrA__JBFMBP010000002.1_34	Q8XDC8|narG|nar|Escherichia_coli_O157:H7	32.4	1206	555
GCA_040755155_1__nxrA__JBFMBP010000002.1_34	O06459|narG|nar|Thermus_thermophilus	32.4	1189	551
GCA_040755155_1__nxrA__JBFMBP010000002.1_34	Q8ZP37|narG|nar|Salmonella_typhimurium	32.4	1201	551
GCA_040755155_1__nxrA__JBFMBP010000002.1_34	G3XCX1|narG|nar|Pseudomonas_aeruginosa	30.8	1214	541
GCA_040755155_1__nxrA__JBFMBP010000002.1_34	Q1QPP1|nxrA|nxr|Nitrobacter_hamburgensis_X14	31.6	1201	539
GCA_040755155_1__nxrA__JBFMBP010000002.1_34	A0ACC6ADH6|nxrA|nxr|Nitrobacter_winogradskyi	31.6	1204	537
GCA_040755155_1__nxrA__JBFMBP010000002.1_34	Q6GUE5|narG|nar|Halomonas_maura	30.5	1244	538
GCA_040755155_1__nxrA__JBFMBP010000002.1_34	P9WJQ3|narG|nar|Mycobacterium_tuberculosis	32.1	1195	537
GCA_040755155_1__nxrA__JBFMBP010000002.1_34	Q3SUK2|nxrA|nxr|Nitrobacter_winogradskyi_Nb-255	31.5	1201	536
GCA_040755155_1__nxrA__JBFMBP010000002.1_34	P42175|narG|nar|Bacillus_subtilis	31.1	1191	532
GCA_040755155_1__nxrA__JBFMBP010000002.1_34	A4BM17|nxrA|nxr|Nitrococcus_mobilis_Nb-231	31.6	1209	525
GCA_040755155_1__nxrA__JBFMBP010000002.1_34	A0A894Z0L1|nxrA|nxr|Nitrolancea_hollandica	30.7	1207	518
GCA_040755155_1__nxrA__JBFMBP010000002.1_34	Q75TJ6|narG|nar|Geobacillus_stearothermophilus	30.4	1010	392
GCA_040755155_1__nxrA__JBFMBP010000002.1_34	A0A0M2UVV1|nxrA|nxr|Candidatus_Brocadia_fulgida	24.1	1091	269
GCA_040755155_1__nxrA__JBFMBP010000002.1_34	A0A0S4LQF4|nxrA|nxr|Candidatus_Nitrospira_nitrificans	24.2	952	237
GCA_040755155_1__nxrA__JBFMBP010000002.1_34	A0ABM9HBT2|nxrA|nxr|Nitrospina_watsonii	24.3	916	236
GCA_040755155_1__nxrA__JBFMBP010000002.1_34	A0A1W1I5V4|nxrA|nxr|Nitrospira_japonica	23.4	945	233
GCA_040755155_1__nxrA__JBFMBP010000002.1_34	A0ABM8RCK9|nxrA|nxr|Nitrospira_defluvii	24.3	949	231
GCA_040755155_1__nxrA__JBFMBP010000002.1_34	A0ABN8AJF8|nxrA|nxr|Candidatus_Nitrotoga_arctica	24.9	925	228
GCA_040755155_1__nxrA__JBFMBP010000002.1_34	A0A0S4KRS1|nxrA|nxr|Candidatus_Nitrospira_inopinata	22.7	942	212
GCA_050173015_1__narG__JBFXLE010000003.1_64	O06459|narG|nar|Thermus_thermophilus	60.9	1205	1566
GCA_050173015_1__narG__JBFXLE010000003.1_64	A0A894Z0L1|nxrA|nxr|Nitrolancea_hollandica	56.3	1227	1506
GCA_050173015_1__narG__JBFXLE010000003.1_64	Q3SUK2|nxrA|nxr|Nitrobacter_winogradskyi_Nb-255	57.0	1219	1498
GCA_050173015_1__narG__JBFXLE010000003.1_64	A4BM17|nxrA|nxr|Nitrococcus_mobilis_Nb-231	56.9	1224	1493
GCA_050173015_1__narG__JBFXLE010000003.1_64	Q1QPP1|nxrA|nxr|Nitrobacter_hamburgensis_X14	55.9	1219	1489
GCA_050173015_1__narG__JBFXLE010000003.1_64	A0ACC6ADH6|nxrA|nxr|Nitrobacter_winogradskyi	56.8	1219	1487
GCA_050173015_1__narG__JBFXLE010000003.1_64	P42175|narG|nar|Bacillus_subtilis	48.3	1205	1192
GCA_050173015_1__narG__JBFXLE010000003.1_64	Q6GUE5|narG|nar|Halomonas_maura	46.2	1233	1129
GCA_050173015_1__narG__JBFXLE010000003.1_64	Q8ZP37|narG|nar|Salmonella_typhimurium	47.1	1216	1127
GCA_050173015_1__narG__JBFXLE010000003.1_64	Q8XDC8|narG|nar|Escherichia_coli_O157:H7	46.8	1217	1125
GCA_050173015_1__narG__JBFXLE010000003.1_64	G3XCX1|narG|nar|Pseudomonas_aeruginosa	46.6	1221	1111
GCA_050173015_1__narG__JBFXLE010000003.1_64	P9WJQ3|narG|nar|Mycobacterium_tuberculosis	45.9	1213	1068
GCA_050173015_1__narG__JBFXLE010000003.1_64	Q75TJ6|narG|nar|Geobacillus_stearothermophilus	46.3	1031	949
GCA_050173015_1__narG__JBFXLE010000003.1_64	A0A0M2UVV1|nxrA|nxr|Candidatus_Brocadia_fulgida	23.4	640	119
GCA_050173015_1__narG__JBFXLE010000003.1_64	A0ABM9HBT2|nxrA|nxr|Nitrospina_watsonii	24.3	609	117
GCA_050173015_1__narG__JBFXLE010000003.1_64	A0A1W1I5V4|nxrA|nxr|Nitrospira_japonica	24.9	366	113
GCA_050173015_1__narG__JBFXLE010000003.1_64	A0A0S4KRS1|nxrA|nxr|Candidatus_Nitrospira_inopinata	24.0	366	110
GCA_050173015_1__narG__JBFXLE010000003.1_64	A0A0S4LQF4|nxrA|nxr|Candidatus_Nitrospira_nitrificans	21.5	647	104
GCA_050173015_1__narG__JBFXLE010000003.1_64	A0ABM8RCK9|nxrA|nxr|Nitrospira_defluvii	24.0	359	102
GCA_050173015_1__narG__JBFXLE010000003.1_64	A0ABN8AJF8|nxrA|nxr|Candidatus_Nitrotoga_arctica	22.2	600	90.5
GCA_050253135_1__nxrA__JBFWJP010000221.1_1	Q8ZP37|narG|nar|Salmonella_typhimurium	53.2	963	1090
GCA_050253135_1__nxrA__JBFWJP010000221.1_1	Q8XDC8|narG|nar|Escherichia_coli_O157:H7	53.1	963	1087
GCA_050253135_1__nxrA__JBFWJP010000221.1_1	G3XCX1|narG|nar|Pseudomonas_aeruginosa	54.6	959	1079
GCA_050253135_1__nxrA__JBFWJP010000221.1_1	Q6GUE5|narG|nar|Halomonas_maura	53.3	975	1053
GCA_050253135_1__nxrA__JBFWJP010000221.1_1	P42175|narG|nar|Bacillus_subtilis	51.1	942	953
GCA_050253135_1__nxrA__JBFWJP010000221.1_1	Q75TJ6|narG|nar|Geobacillus_stearothermophilus	50.3	867	863
GCA_050253135_1__nxrA__JBFWJP010000221.1_1	O06459|narG|nar|Thermus_thermophilus	46.6	938	835
GCA_050253135_1__nxrA__JBFWJP010000221.1_1	Q3SUK2|nxrA|nxr|Nitrobacter_winogradskyi_Nb-255	44.4	948	810
GCA_050253135_1__nxrA__JBFWJP010000221.1_1	A0ACC6ADH6|nxrA|nxr|Nitrobacter_winogradskyi	44.4	949	808
GCA_050253135_1__nxrA__JBFWJP010000221.1_1	Q1QPP1|nxrA|nxr|Nitrobacter_hamburgensis_X14	43.5	960	808
GCA_050253135_1__nxrA__JBFWJP010000221.1_1	P9WJQ3|narG|nar|Mycobacterium_tuberculosis	43.2	952	800
GCA_050253135_1__nxrA__JBFWJP010000221.1_1	A4BM17|nxrA|nxr|Nitrococcus_mobilis_Nb-231	42.1	971	774
GCA_050253135_1__nxrA__JBFWJP010000221.1_1	A0A894Z0L1|nxrA|nxr|Nitrolancea_hollandica	40.2	970	720
GCA_050253135_1__nxrA__JBFWJP010000221.1_1	A0ABN8AJF8|nxrA|nxr|Candidatus_Nitrotoga_arctica	25.4	433	103
GCA_050253135_1__nxrA__JBFWJP010000221.1_1	A0ABM9HBT2|nxrA|nxr|Nitrospina_watsonii	23.7	493	97.1
GCA_050253135_1__nxrA__JBFWJP010000221.1_1	A0A0M2UVV1|nxrA|nxr|Candidatus_Brocadia_fulgida	21.4	651	95.5
GCA_050253135_1__nxrA__JBFWJP010000221.1_1	A0A1W1I5V4|nxrA|nxr|Nitrospira_japonica	20.7	619	88.2
GCA_050253135_1__nxrA__JBFWJP010000221.1_1	A0ABM8RCK9|nxrA|nxr|Nitrospira_defluvii	21.2	619	85.1
GCA_050253135_1__nxrA__JBFWJP010000221.1_1	A0A0S4LQF4|nxrA|nxr|Candidatus_Nitrospira_nitrificans	20.2	650	84.3
GCA_050253135_1__nxrA__JBFWJP010000221.1_1	A0A0S4KRS1|nxrA|nxr|Candidatus_Nitrospira_inopinata	19.8	661	79.0
GCA_902386255_1__nxrA__CABMII010000056.1_43	P42175|narG|nar|Bacillus_subtilis	29.7	1190	507
GCA_902386255_1__nxrA__CABMII010000056.1_43	Q8XDC8|narG|nar|Escherichia_coli_O157:H7	30.2	1203	498
GCA_902386255_1__nxrA__CABMII010000056.1_43	Q1QPP1|nxrA|nxr|Nitrobacter_hamburgensis_X14	30.8	1200	497
GCA_902386255_1__nxrA__CABMII010000056.1_43	A0ACC6ADH6|nxrA|nxr|Nitrobacter_winogradskyi	30.5	1200	497
GCA_902386255_1__nxrA__CABMII010000056.1_43	Q8ZP37|narG|nar|Salmonella_typhimurium	29.8	1203	498
GCA_902386255_1__nxrA__CABMII010000056.1_43	A4BM17|nxrA|nxr|Nitrococcus_mobilis_Nb-231	30.4	1206	493
GCA_902386255_1__nxrA__CABMII010000056.1_43	Q3SUK2|nxrA|nxr|Nitrobacter_winogradskyi_Nb-255	30.1	1200	492
GCA_902386255_1__nxrA__CABMII010000056.1_43	A0A894Z0L1|nxrA|nxr|Nitrolancea_hollandica	30.2	1210	491
GCA_902386255_1__nxrA__CABMII010000056.1_43	P9WJQ3|narG|nar|Mycobacterium_tuberculosis	30.5	1184	488
GCA_902386255_1__nxrA__CABMII010000056.1_43	Q6GUE5|narG|nar|Halomonas_maura	30.0	1237	484
GCA_902386255_1__nxrA__CABMII010000056.1_43	O06459|narG|nar|Thermus_thermophilus	30.0	1179	481
GCA_902386255_1__nxrA__CABMII010000056.1_43	G3XCX1|narG|nar|Pseudomonas_aeruginosa	29.0	1212	464
GCA_902386255_1__nxrA__CABMII010000056.1_43	Q75TJ6|narG|nar|Geobacillus_stearothermophilus	30.8	1017	411
GCA_902386255_1__nxrA__CABMII010000056.1_43	A0A0M2UVV1|nxrA|nxr|Candidatus_Brocadia_fulgida	28.7	1040	298
GCA_902386255_1__nxrA__CABMII010000056.1_43	A0ABM9HBT2|nxrA|nxr|Nitrospina_watsonii	26.8	871	253
GCA_902386255_1__nxrA__CABMII010000056.1_43	A0A0S4LQF4|nxrA|nxr|Candidatus_Nitrospira_nitrificans	25.0	972	236
GCA_902386255_1__nxrA__CABMII010000056.1_43	A0ABM8RCK9|nxrA|nxr|Nitrospira_defluvii	28.3	741	236
GCA_902386255_1__nxrA__CABMII010000056.1_43	A0ABN8AJF8|nxrA|nxr|Candidatus_Nitrotoga_arctica	26.6	890	230
GCA_902386255_1__nxrA__CABMII010000056.1_43	A0A0S4KRS1|nxrA|nxr|Candidatus_Nitrospira_inopinata	24.8	905	226
GCA_902386255_1__nxrA__CABMII010000056.1_43	A0A1W1I5V4|nxrA|nxr|Nitrospira_japonica	26.5	740	225
GCA_963807355_1__narG__CAWEBX010000019.1_88	Q3SUK2|nxrA|nxr|Nitrobacter_winogradskyi_Nb-255	97.7	1214	2526
GCA_963807355_1__narG__CAWEBX010000019.1_88	A0ACC6ADH6|nxrA|nxr|Nitrobacter_winogradskyi	93.2	1214	2422
GCA_963807355_1__narG__CAWEBX010000019.1_88	Q1QPP1|nxrA|nxr|Nitrobacter_hamburgensis_X14	90.4	1214	2373
GCA_963807355_1__narG__CAWEBX010000019.1_88	A4BM17|nxrA|nxr|Nitrococcus_mobilis_Nb-231	69.3	1220	1841
GCA_963807355_1__narG__CAWEBX010000019.1_88	A0A894Z0L1|nxrA|nxr|Nitrolancea_hollandica	67.7	1223	1790
GCA_963807355_1__narG__CAWEBX010000019.1_88	O06459|narG|nar|Thermus_thermophilus	58.2	1215	1481
GCA_963807355_1__narG__CAWEBX010000019.1_88	P42175|narG|nar|Bacillus_subtilis	46.4	1210	1149
GCA_963807355_1__narG__CAWEBX010000019.1_88	G3XCX1|narG|nar|Pseudomonas_aeruginosa	46.9	1232	1136
GCA_963807355_1__narG__CAWEBX010000019.1_88	Q8XDC8|narG|nar|Escherichia_coli_O157:H7	45.7	1229	1117
GCA_963807355_1__narG__CAWEBX010000019.1_88	Q6GUE5|narG|nar|Halomonas_maura	45.9	1238	1113
GCA_963807355_1__narG__CAWEBX010000019.1_88	Q8ZP37|narG|nar|Salmonella_typhimurium	46.0	1225	1112
GCA_963807355_1__narG__CAWEBX010000019.1_88	P9WJQ3|narG|nar|Mycobacterium_tuberculosis	44.9	1228	1041
GCA_963807355_1__narG__CAWEBX010000019.1_88	Q75TJ6|narG|nar|Geobacillus_stearothermophilus	44.6	1032	941
GCA_963807355_1__narG__CAWEBX010000019.1_88	A0A0M2UVV1|nxrA|nxr|Candidatus_Brocadia_fulgida	23.2	603	126
GCA_963807355_1__narG__CAWEBX010000019.1_88	A0A0S4LQF4|nxrA|nxr|Candidatus_Nitrospira_nitrificans	25.3	368	103
GCA_963807355_1__narG__CAWEBX010000019.1_88	A0ABM8RCK9|nxrA|nxr|Nitrospira_defluvii	24.7	376	103
GCA_963807355_1__narG__CAWEBX010000019.1_88	A0ABM9HBT2|nxrA|nxr|Nitrospina_watsonii	23.7	379	100
GCA_963807355_1__narG__CAWEBX010000019.1_88	A0A1W1I5V4|nxrA|nxr|Nitrospira_japonica	22.1	620	94.0
GCA_963807355_1__narG__CAWEBX010000019.1_88	A0A0S4KRS1|nxrA|nxr|Candidatus_Nitrospira_inopinata	24.3	367	93.2
GCA_963807355_1__narG__CAWEBX010000019.1_88	A0ABN8AJF8|nxrA|nxr|Candidatus_Nitrotoga_arctica	26.2	367	89.0
GCA_964452105_1__narG__CAYVLI010000041.1_5	O06459|narG|nar|Thermus_thermophilus	62.3	1201	1582
GCA_964452105_1__narG__CAYVLI010000041.1_5	A0A894Z0L1|nxrA|nxr|Nitrolancea_hollandica	58.5	1228	1548
GCA_964452105_1__narG__CAYVLI010000041.1_5	Q3SUK2|nxrA|nxr|Nitrobacter_winogradskyi_Nb-255	58.1	1221	1519
GCA_964452105_1__narG__CAYVLI010000041.1_5	Q1QPP1|nxrA|nxr|Nitrobacter_hamburgensis_X14	57.2	1221	1509
GCA_964452105_1__narG__CAYVLI010000041.1_5	A0ACC6ADH6|nxrA|nxr|Nitrobacter_winogradskyi	57.5	1221	1505
GCA_964452105_1__narG__CAYVLI010000041.1_5	A4BM17|nxrA|nxr|Nitrococcus_mobilis_Nb-231	57.0	1224	1472
GCA_964452105_1__narG__CAYVLI010000041.1_5	P42175|narG|nar|Bacillus_subtilis	47.8	1208	1162
GCA_964452105_1__narG__CAYVLI010000041.1_5	Q8ZP37|narG|nar|Salmonella_typhimurium	47.9	1218	1147
GCA_964452105_1__narG__CAYVLI010000041.1_5	Q6GUE5|narG|nar|Halomonas_maura	47.4	1242	1146
GCA_964452105_1__narG__CAYVLI010000041.1_5	Q8XDC8|narG|nar|Escherichia_coli_O157:H7	47.5	1218	1144
GCA_964452105_1__narG__CAYVLI010000041.1_5	G3XCX1|narG|nar|Pseudomonas_aeruginosa	47.6	1228	1133
GCA_964452105_1__narG__CAYVLI010000041.1_5	P9WJQ3|narG|nar|Mycobacterium_tuberculosis	45.7	1207	1051
GCA_964452105_1__narG__CAYVLI010000041.1_5	Q75TJ6|narG|nar|Geobacillus_stearothermophilus	46.5	1027	940
GCA_964452105_1__narG__CAYVLI010000041.1_5	A0A0M2UVV1|nxrA|nxr|Candidatus_Brocadia_fulgida	24.0	638	141
GCA_964452105_1__narG__CAYVLI010000041.1_5	A0ABM9HBT2|nxrA|nxr|Nitrospina_watsonii	24.9	615	135
GCA_964452105_1__narG__CAYVLI010000041.1_5	A0A1W1I5V4|nxrA|nxr|Nitrospira_japonica	21.8	609	112
GCA_964452105_1__narG__CAYVLI010000041.1_5	A0A0S4LQF4|nxrA|nxr|Candidatus_Nitrospira_nitrificans	21.8	618	110
GCA_964452105_1__narG__CAYVLI010000041.1_5	A0ABM8RCK9|nxrA|nxr|Nitrospira_defluvii	22.4	617	110
GCA_964452105_1__narG__CAYVLI010000041.1_5	A0A0S4KRS1|nxrA|nxr|Candidatus_Nitrospira_inopinata	22.0	659	109
GCA_964452105_1__narG__CAYVLI010000041.1_5	A0ABN8AJF8|nxrA|nxr|Candidatus_Nitrotoga_arctica	23.1	602	100
GCA_964520315_1__narG__CAZFNT010000067.1_1	O06459|narG|nar|Thermus_thermophilus	60.0	872	1082
GCA_964520315_1__narG__CAZFNT010000067.1_1	A0A894Z0L1|nxrA|nxr|Nitrolancea_hollandica	55.0	896	1034
GCA_964520315_1__narG__CAZFNT010000067.1_1	Q3SUK2|nxrA|nxr|Nitrobacter_winogradskyi_Nb-255	53.5	896	1010
GCA_964520315_1__narG__CAZFNT010000067.1_1	A4BM17|nxrA|nxr|Nitrococcus_mobilis_Nb-231	53.7	895	1006
GCA_964520315_1__narG__CAZFNT010000067.1_1	Q1QPP1|nxrA|nxr|Nitrobacter_hamburgensis_X14	52.7	896	1004
GCA_964520315_1__narG__CAZFNT010000067.1_1	A0ACC6ADH6|nxrA|nxr|Nitrobacter_winogradskyi	53.2	896	999
GCA_964520315_1__narG__CAZFNT010000067.1_1	Q75TJ6|narG|nar|Geobacillus_stearothermophilus	44.4	892	771
GCA_964520315_1__narG__CAZFNT010000067.1_1	P42175|narG|nar|Bacillus_subtilis	43.6	890	745
GCA_964520315_1__narG__CAZFNT010000067.1_1	G3XCX1|narG|nar|Pseudomonas_aeruginosa	43.4	901	730
GCA_964520315_1__narG__CAZFNT010000067.1_1	Q6GUE5|narG|nar|Halomonas_maura	41.9	909	723
GCA_964520315_1__narG__CAZFNT010000067.1_1	Q8ZP37|narG|nar|Salmonella_typhimurium	42.6	903	709
GCA_964520315_1__narG__CAZFNT010000067.1_1	Q8XDC8|narG|nar|Escherichia_coli_O157:H7	41.9	903	701
GCA_964520315_1__narG__CAZFNT010000067.1_1	P9WJQ3|narG|nar|Mycobacterium_tuberculosis	42.6	891	678
GCA_964582755_1__narG__CAZOTR010000095.1_7	Q6GUE5|narG|nar|Halomonas_maura	70.2	939	1402
GCA_964582755_1__narG__CAZOTR010000095.1_7	Q8XDC8|narG|nar|Escherichia_coli_O157:H7	68.8	928	1377
GCA_964582755_1__narG__CAZOTR010000095.1_7	G3XCX1|narG|nar|Pseudomonas_aeruginosa	68.2	933	1377
GCA_964582755_1__narG__CAZOTR010000095.1_7	Q8ZP37|narG|nar|Salmonella_typhimurium	68.1	928	1371
GCA_964582755_1__narG__CAZOTR010000095.1_7	Q75TJ6|narG|nar|Geobacillus_stearothermophilus	51.8	941	969
GCA_964582755_1__narG__CAZOTR010000095.1_7	P42175|narG|nar|Bacillus_subtilis	49.6	939	946
GCA_964582755_1__narG__CAZOTR010000095.1_7	O06459|narG|nar|Thermus_thermophilus	48.4	933	845
GCA_964582755_1__narG__CAZOTR010000095.1_7	A4BM17|nxrA|nxr|Nitrococcus_mobilis_Nb-231	45.9	944	806
GCA_964582755_1__narG__CAZOTR010000095.1_7	Q1QPP1|nxrA|nxr|Nitrobacter_hamburgensis_X14	44.7	945	797
GCA_964582755_1__narG__CAZOTR010000095.1_7	Q3SUK2|nxrA|nxr|Nitrobacter_winogradskyi_Nb-255	44.7	944	793
GCA_964582755_1__narG__CAZOTR010000095.1_7	P9WJQ3|narG|nar|Mycobacterium_tuberculosis	43.7	925	790
GCA_964582755_1__narG__CAZOTR010000095.1_7	A0ACC6ADH6|nxrA|nxr|Nitrobacter_winogradskyi	44.8	944	787
GCA_964582755_1__narG__CAZOTR010000095.1_7	A0A894Z0L1|nxrA|nxr|Nitrolancea_hollandica	44.2	947	760
GCA_964582755_1__narG__CAZOTR010000095.1_7	A0ABN8AJF8|nxrA|nxr|Candidatus_Nitrotoga_arctica	25.6	125	47.0
GCA_964582755_1__narG__CAZOTR010000095.1_7	A0A1W1I5V4|nxrA|nxr|Nitrospira_japonica	24.5	159	42.4
GCA_964582755_1__narG__CAZOTR010000095.1_7	A0A0M2UVV1|nxrA|nxr|Candidatus_Brocadia_fulgida	19.6	301	41.2
GCA_964600515_1__narG__CAZRKD010000003.1_8	O06459|narG|nar|Thermus_thermophilus	60.8	1201	1551
GCA_964600515_1__narG__CAZRKD010000003.1_8	Q3SUK2|nxrA|nxr|Nitrobacter_winogradskyi_Nb-255	56.6	1216	1489
GCA_964600515_1__narG__CAZRKD010000003.1_8	Q1QPP1|nxrA|nxr|Nitrobacter_hamburgensis_X14	56.1	1216	1480
GCA_964600515_1__narG__CAZRKD010000003.1_8	A4BM17|nxrA|nxr|Nitrococcus_mobilis_Nb-231	56.6	1221	1475
GCA_964600515_1__narG__CAZRKD010000003.1_8	A0ACC6ADH6|nxrA|nxr|Nitrobacter_winogradskyi	55.5	1216	1459
GCA_964600515_1__narG__CAZRKD010000003.1_8	A0A894Z0L1|nxrA|nxr|Nitrolancea_hollandica	56.0	1219	1454
GCA_964600515_1__narG__CAZRKD010000003.1_8	P42175|narG|nar|Bacillus_subtilis	47.8	1200	1172
GCA_964600515_1__narG__CAZRKD010000003.1_8	Q8XDC8|narG|nar|Escherichia_coli_O157:H7	47.4	1209	1127
GCA_964600515_1__narG__CAZRKD010000003.1_8	Q8ZP37|narG|nar|Salmonella_typhimurium	47.8	1208	1127
GCA_964600515_1__narG__CAZRKD010000003.1_8	Q6GUE5|narG|nar|Halomonas_maura	46.8	1232	1117
GCA_964600515_1__narG__CAZRKD010000003.1_8	G3XCX1|narG|nar|Pseudomonas_aeruginosa	45.9	1223	1095
GCA_964600515_1__narG__CAZRKD010000003.1_8	P9WJQ3|narG|nar|Mycobacterium_tuberculosis	45.3	1211	1065
GCA_964600515_1__narG__CAZRKD010000003.1_8	Q75TJ6|narG|nar|Geobacillus_stearothermophilus	44.9	1022	934
GCA_964600515_1__narG__CAZRKD010000003.1_8	A0A0M2UVV1|nxrA|nxr|Candidatus_Brocadia_fulgida	24.4	628	134
GCA_964600515_1__narG__CAZRKD010000003.1_8	A0ABM9HBT2|nxrA|nxr|Nitrospina_watsonii	24.4	626	126
GCA_964600515_1__narG__CAZRKD010000003.1_8	A0A0S4KRS1|nxrA|nxr|Candidatus_Nitrospira_inopinata	22.4	647	102
GCA_964600515_1__narG__CAZRKD010000003.1_8	A0ABM8RCK9|nxrA|nxr|Nitrospira_defluvii	22.1	628	102
GCA_964600515_1__narG__CAZRKD010000003.1_8	A0A0S4LQF4|nxrA|nxr|Candidatus_Nitrospira_nitrificans	22.4	611	100
GCA_964600515_1__narG__CAZRKD010000003.1_8	A0A1W1I5V4|nxrA|nxr|Nitrospira_japonica	21.8	629	99.0
GCA_964600515_1__narG__CAZRKD010000003.1_8	A0ABN8AJF8|nxrA|nxr|Candidatus_Nitrotoga_arctica	23.4	595	91.7
GCA_964600955_1__narG__CAZRLV010000046.1_5	O06459|narG|nar|Thermus_thermophilus	57.8	1201	1442
GCA_964600955_1__narG__CAZRLV010000046.1_5	Q3SUK2|nxrA|nxr|Nitrobacter_winogradskyi_Nb-255	54.9	1215	1437
GCA_964600955_1__narG__CAZRLV010000046.1_5	Q1QPP1|nxrA|nxr|Nitrobacter_hamburgensis_X14	54.4	1215	1434
GCA_964600955_1__narG__CAZRLV010000046.1_5	A0ACC6ADH6|nxrA|nxr|Nitrobacter_winogradskyi	54.1	1215	1419
GCA_964600955_1__narG__CAZRLV010000046.1_5	A4BM17|nxrA|nxr|Nitrococcus_mobilis_Nb-231	55.2	1220	1419
GCA_964600955_1__narG__CAZRLV010000046.1_5	A0A894Z0L1|nxrA|nxr|Nitrolancea_hollandica	54.0	1225	1401
GCA_964600955_1__narG__CAZRLV010000046.1_5	P42175|narG|nar|Bacillus_subtilis	45.8	1200	1110
GCA_964600955_1__narG__CAZRLV010000046.1_5	G3XCX1|narG|nar|Pseudomonas_aeruginosa	46.9	1220	1096
GCA_964600955_1__narG__CAZRLV010000046.1_5	Q6GUE5|narG|nar|Halomonas_maura	45.9	1229	1090
GCA_964600955_1__narG__CAZRLV010000046.1_5	Q8ZP37|narG|nar|Salmonella_typhimurium	45.0	1212	1074
GCA_964600955_1__narG__CAZRLV010000046.1_5	Q8XDC8|narG|nar|Escherichia_coli_O157:H7	44.8	1212	1071
GCA_964600955_1__narG__CAZRLV010000046.1_5	P9WJQ3|narG|nar|Mycobacterium_tuberculosis	43.9	1220	1012
GCA_964600955_1__narG__CAZRLV010000046.1_5	Q75TJ6|narG|nar|Geobacillus_stearothermophilus	45.1	1022	916
GCA_964600955_1__narG__CAZRLV010000046.1_5	A0A0M2UVV1|nxrA|nxr|Candidatus_Brocadia_fulgida	24.5	607	126
GCA_964600955_1__narG__CAZRLV010000046.1_5	A0A1W1I5V4|nxrA|nxr|Nitrospira_japonica	23.2	630	111
GCA_964600955_1__narG__CAZRLV010000046.1_5	A0ABM9HBT2|nxrA|nxr|Nitrospina_watsonii	23.2	624	108
GCA_964600955_1__narG__CAZRLV010000046.1_5	A0A0S4LQF4|nxrA|nxr|Candidatus_Nitrospira_nitrificans	22.1	625	108
GCA_964600955_1__narG__CAZRLV010000046.1_5	A0A0S4KRS1|nxrA|nxr|Candidatus_Nitrospira_inopinata	22.1	633	107
GCA_964600955_1__narG__CAZRLV010000046.1_5	A0ABM8RCK9|nxrA|nxr|Nitrospira_defluvii	24.3	370	107
GCA_964600955_1__narG__CAZRLV010000046.1_5	A0ABN8AJF8|nxrA|nxr|Candidatus_Nitrotoga_arctica	22.6	605	92.4
GCA_965285975_1__narG__CBDIWR010000339.1_1	A0A894Z0L1|nxrA|nxr|Nitrolancea_hollandica	95.8	745	1549
GCA_965285975_1__narG__CBDIWR010000339.1_1	A4BM17|nxrA|nxr|Nitrococcus_mobilis_Nb-231	66.8	745	1090
GCA_965285975_1__narG__CBDIWR010000339.1_1	Q3SUK2|nxrA|nxr|Nitrobacter_winogradskyi_Nb-255	66.0	745	1081
GCA_965285975_1__narG__CBDIWR010000339.1_1	A0ACC6ADH6|nxrA|nxr|Nitrobacter_winogradskyi	65.5	745	1066
GCA_965285975_1__narG__CBDIWR010000339.1_1	Q1QPP1|nxrA|nxr|Nitrobacter_hamburgensis_X14	65.4	745	1065
GCA_965285975_1__narG__CBDIWR010000339.1_1	O06459|narG|nar|Thermus_thermophilus	55.3	741	861
GCA_965285975_1__narG__CBDIWR010000339.1_1	Q75TJ6|narG|nar|Geobacillus_stearothermophilus	43.8	747	656
GCA_965285975_1__narG__CBDIWR010000339.1_1	P42175|narG|nar|Bacillus_subtilis	43.6	747	640
GCA_965285975_1__narG__CBDIWR010000339.1_1	G3XCX1|narG|nar|Pseudomonas_aeruginosa	44.0	752	625
GCA_965285975_1__narG__CBDIWR010000339.1_1	Q8XDC8|narG|nar|Escherichia_coli_O157:H7	43.4	751	620
GCA_965285975_1__narG__CBDIWR010000339.1_1	Q8ZP37|narG|nar|Salmonella_typhimurium	43.8	753	619
GCA_965285975_1__narG__CBDIWR010000339.1_1	Q6GUE5|narG|nar|Halomonas_maura	43.3	751	607
GCA_965285975_1__narG__CBDIWR010000339.1_1	P9WJQ3|narG|nar|Mycobacterium_tuberculosis	43.2	750	591
GCA_965285975_1__narG__CBDIWR010000339.1_1	A0ABN8AJF8|nxrA|nxr|Candidatus_Nitrotoga_arctica	24.3	177	42.0
GCF_000012725_1__nxrA__NC_007406.1_2153	A0ACC6ADH6|nxrA|nxr|Nitrobacter_winogradskyi	98.7	1214	2539
GCF_000012725_1__nxrA__NC_007406.1_2153	Q3SUK2|nxrA|nxr|Nitrobacter_winogradskyi_Nb-255	94.8	1214	2458
GCF_000012725_1__nxrA__NC_007406.1_2153	Q1QPP1|nxrA|nxr|Nitrobacter_hamburgensis_X14	92.3	1214	2412
GCF_000012725_1__nxrA__NC_007406.1_2153	A4BM17|nxrA|nxr|Nitrococcus_mobilis_Nb-231	68.4	1220	1811
GCF_000012725_1__nxrA__NC_007406.1_2153	A0A894Z0L1|nxrA|nxr|Nitrolancea_hollandica	67.3	1223	1778
GCF_000012725_1__nxrA__NC_007406.1_2153	O06459|narG|nar|Thermus_thermophilus	57.6	1215	1474
GCF_000012725_1__nxrA__NC_007406.1_2153	P42175|narG|nar|Bacillus_subtilis	45.9	1210	1149
GCF_000012725_1__nxrA__NC_007406.1_2153	G3XCX1|narG|nar|Pseudomonas_aeruginosa	46.6	1232	1127
GCF_000012725_1__nxrA__NC_007406.1_2153	Q8XDC8|narG|nar|Escherichia_coli_O157:H7	45.8	1229	1118
GCF_000012725_1__nxrA__NC_007406.1_2153	Q8ZP37|narG|nar|Salmonella_typhimurium	45.6	1225	1108
GCF_000012725_1__nxrA__NC_007406.1_2153	Q6GUE5|narG|nar|Halomonas_maura	45.4	1238	1105
GCF_000012725_1__nxrA__NC_007406.1_2153	P9WJQ3|narG|nar|Mycobacterium_tuberculosis	45.0	1224	1046
GCF_000012725_1__nxrA__NC_007406.1_2153	Q75TJ6|narG|nar|Geobacillus_stearothermophilus	44.0	1032	934
GCF_000012725_1__nxrA__NC_007406.1_2153	A0A0M2UVV1|nxrA|nxr|Candidatus_Brocadia_fulgida	23.1	611	125
GCF_000012725_1__nxrA__NC_007406.1_2153	A0ABM9HBT2|nxrA|nxr|Nitrospina_watsonii	23.5	603	103
GCF_000012725_1__nxrA__NC_007406.1_2153	A0A0S4LQF4|nxrA|nxr|Candidatus_Nitrospira_nitrificans	24.9	366	101
GCF_000012725_1__nxrA__NC_007406.1_2153	A0ABM8RCK9|nxrA|nxr|Nitrospira_defluvii	23.6	382	101
GCF_000012725_1__nxrA__NC_007406.1_2153	A0ABN8AJF8|nxrA|nxr|Candidatus_Nitrotoga_arctica	23.6	606	96.3
GCF_000012725_1__nxrA__NC_007406.1_2153	A0A1W1I5V4|nxrA|nxr|Nitrospira_japonica	20.9	635	95.9
GCF_000012725_1__nxrA__NC_007406.1_2153	A0A0S4KRS1|nxrA|nxr|Candidatus_Nitrospira_inopinata	21.4	621	91.7
GCF_000012725_1__narG__NC_007406.1_784	Q3SUK2|nxrA|nxr|Nitrobacter_winogradskyi_Nb-255	100	1214	2569
GCF_000012725_1__narG__NC_007406.1_784	A0ACC6ADH6|nxrA|nxr|Nitrobacter_winogradskyi	94.3	1214	2449
GCF_000012725_1__narG__NC_007406.1_784	Q1QPP1|nxrA|nxr|Nitrobacter_hamburgensis_X14	90.8	1214	2377
GCF_000012725_1__narG__NC_007406.1_784	A4BM17|nxrA|nxr|Nitrococcus_mobilis_Nb-231	69.3	1220	1841
GCF_000012725_1__narG__NC_007406.1_784	A0A894Z0L1|nxrA|nxr|Nitrolancea_hollandica	67.5	1223	1791
GCF_000012725_1__narG__NC_007406.1_784	O06459|narG|nar|Thermus_thermophilus	58.0	1215	1480
GCF_000012725_1__narG__NC_007406.1_784	P42175|narG|nar|Bacillus_subtilis	46.1	1210	1147
GCF_000012725_1__narG__NC_007406.1_784	G3XCX1|narG|nar|Pseudomonas_aeruginosa	47.0	1232	1135
GCF_000012725_1__narG__NC_007406.1_784	Q8XDC8|narG|nar|Escherichia_coli_O157:H7	46.0	1229	1121
GCF_000012725_1__narG__NC_007406.1_784	Q6GUE5|narG|nar|Halomonas_maura	46.0	1238	1114
GCF_000012725_1__narG__NC_007406.1_784	Q8ZP37|narG|nar|Salmonella_typhimurium	46.1	1225	1113
GCF_000012725_1__narG__NC_007406.1_784	P9WJQ3|narG|nar|Mycobacterium_tuberculosis	44.4	1224	1035
GCF_000012725_1__narG__NC_007406.1_784	Q75TJ6|narG|nar|Geobacillus_stearothermophilus	44.2	1030	936
GCF_000012725_1__narG__NC_007406.1_784	A0A0M2UVV1|nxrA|nxr|Candidatus_Brocadia_fulgida	22.9	602	129
GCF_000012725_1__narG__NC_007406.1_784	A0ABM9HBT2|nxrA|nxr|Nitrospina_watsonii	22.3	618	105
GCF_000012725_1__narG__NC_007406.1_784	A0ABM8RCK9|nxrA|nxr|Nitrospira_defluvii	24.7	376	104
GCF_000012725_1__narG__NC_007406.1_784	A0A0S4LQF4|nxrA|nxr|Candidatus_Nitrospira_nitrificans	24.2	376	103
GCF_000012725_1__narG__NC_007406.1_784	A0A0S4KRS1|nxrA|nxr|Candidatus_Nitrospira_inopinata	22.9	375	94.7
GCF_000012725_1__narG__NC_007406.1_784	A0A1W1I5V4|nxrA|nxr|Nitrospira_japonica	22.9	375	94.4
GCF_000012725_1__narG__NC_007406.1_784	A0ABN8AJF8|nxrA|nxr|Candidatus_Nitrotoga_arctica	24.1	606	94.0
GCF_000013885_1__nxrA__NC_007964.1_987	Q1QPP1|nxrA|nxr|Nitrobacter_hamburgensis_X14	100	1214	2558
GCF_000013885_1__nxrA__NC_007964.1_987	A0ACC6ADH6|nxrA|nxr|Nitrobacter_winogradskyi	92.2	1214	2409
GCF_000013885_1__nxrA__NC_007964.1_987	Q3SUK2|nxrA|nxr|Nitrobacter_winogradskyi_Nb-255	90.8	1214	2375
GCF_000013885_1__nxrA__NC_007964.1_987	A4BM17|nxrA|nxr|Nitrococcus_mobilis_Nb-231	68.2	1220	1810
GCF_000013885_1__nxrA__NC_007964.1_987	A0A894Z0L1|nxrA|nxr|Nitrolancea_hollandica	66.8	1223	1768
GCF_000013885_1__nxrA__NC_007964.1_987	O06459|narG|nar|Thermus_thermophilus	58.4	1215	1491
GCF_000013885_1__nxrA__NC_007964.1_987	P42175|narG|nar|Bacillus_subtilis	46.0	1210	1147
GCF_000013885_1__nxrA__NC_007964.1_987	G3XCX1|narG|nar|Pseudomonas_aeruginosa	46.6	1232	1132
GCF_000013885_1__nxrA__NC_007964.1_987	Q8XDC8|narG|nar|Escherichia_coli_O157:H7	45.3	1228	1120
GCF_000013885_1__nxrA__NC_007964.1_987	Q6GUE5|narG|nar|Halomonas_maura	45.2	1238	1116
GCF_000013885_1__nxrA__NC_007964.1_987	Q8ZP37|narG|nar|Salmonella_typhimurium	45.1	1224	1111
GCF_000013885_1__nxrA__NC_007964.1_987	P9WJQ3|narG|nar|Mycobacterium_tuberculosis	45.5	1224	1059
GCF_000013885_1__nxrA__NC_007964.1_987	Q75TJ6|narG|nar|Geobacillus_stearothermophilus	44.6	1032	943
GCF_000013885_1__nxrA__NC_007964.1_987	A0A0M2UVV1|nxrA|nxr|Candidatus_Brocadia_fulgida	23.8	605	127
GCF_000013885_1__nxrA__NC_007964.1_987	A0ABM8RCK9|nxrA|nxr|Nitrospira_defluvii	22.1	630	109
GCF_000013885_1__nxrA__NC_007964.1_987	A0A0S4LQF4|nxrA|nxr|Candidatus_Nitrospira_nitrificans	21.8	629	103
GCF_000013885_1__nxrA__NC_007964.1_987	A0ABM9HBT2|nxrA|nxr|Nitrospina_watsonii	26.6	391	103
GCF_000013885_1__nxrA__NC_007964.1_987	A0A0S4KRS1|nxrA|nxr|Candidatus_Nitrospira_inopinata	21.5	627	103
GCF_000013885_1__nxrA__NC_007964.1_987	A0A1W1I5V4|nxrA|nxr|Nitrospira_japonica	21.5	627	101
GCF_000013885_1__nxrA__NC_007964.1_987	A0ABN8AJF8|nxrA|nxr|Candidatus_Nitrotoga_arctica	23.3	606	96.7
GCF_000013885_1__narG__NC_007964.1_3608	Q1QPP1|nxrA|nxr|Nitrobacter_hamburgensis_X14	94.2	1214	2462
GCF_000013885_1__narG__NC_007964.1_3608	Q3SUK2|nxrA|nxr|Nitrobacter_winogradskyi_Nb-255	92.1	1214	2405
GCF_000013885_1__narG__NC_007964.1_3608	A0ACC6ADH6|nxrA|nxr|Nitrobacter_winogradskyi	90.9	1214	2378
GCF_000013885_1__narG__NC_007964.1_3608	A4BM17|nxrA|nxr|Nitrococcus_mobilis_Nb-231	68.4	1220	1819
GCF_000013885_1__narG__NC_007964.1_3608	A0A894Z0L1|nxrA|nxr|Nitrolancea_hollandica	66.5	1223	1768
GCF_000013885_1__narG__NC_007964.1_3608	O06459|narG|nar|Thermus_thermophilus	58.2	1210	1484
GCF_000013885_1__narG__NC_007964.1_3608	P42175|narG|nar|Bacillus_subtilis	45.8	1210	1142
GCF_000013885_1__narG__NC_007964.1_3608	G3XCX1|narG|nar|Pseudomonas_aeruginosa	46.7	1232	1133
GCF_000013885_1__narG__NC_007964.1_3608	Q8XDC8|narG|nar|Escherichia_coli_O157:H7	45.4	1228	1119
GCF_000013885_1__narG__NC_007964.1_3608	Q6GUE5|narG|nar|Halomonas_maura	45.4	1238	1116
GCF_000013885_1__narG__NC_007964.1_3608	Q8ZP37|narG|nar|Salmonella_typhimurium	45.6	1224	1112
GCF_000013885_1__narG__NC_007964.1_3608	P9WJQ3|narG|nar|Mycobacterium_tuberculosis	44.5	1223	1040
GCF_000013885_1__narG__NC_007964.1_3608	Q75TJ6|narG|nar|Geobacillus_stearothermophilus	44.7	1032	940
GCF_000013885_1__narG__NC_007964.1_3608	A0A0M2UVV1|nxrA|nxr|Candidatus_Brocadia_fulgida	23.1	605	127
GCF_000013885_1__narG__NC_007964.1_3608	A0ABM8RCK9|nxrA|nxr|Nitrospira_defluvii	22.9	621	111
GCF_000013885_1__narG__NC_007964.1_3608	A0ABM9HBT2|nxrA|nxr|Nitrospina_watsonii	26.4	386	108
GCF_000013885_1__narG__NC_007964.1_3608	A0A0S4KRS1|nxrA|nxr|Candidatus_Nitrospira_inopinata	21.8	619	106
GCF_000013885_1__narG__NC_007964.1_3608	A0A0S4LQF4|nxrA|nxr|Candidatus_Nitrospira_nitrificans	21.5	619	105
GCF_000013885_1__narG__NC_007964.1_3608	A0A1W1I5V4|nxrA|nxr|Nitrospira_japonica	21.6	619	102
GCF_000013885_1__narG__NC_007964.1_3608	A0ABN8AJF8|nxrA|nxr|Candidatus_Nitrotoga_arctica	22.9	606	98.2
GCF_000153205_1__nxrA__NZ_CH672427.1_126	A4BM17|nxrA|nxr|Nitrococcus_mobilis_Nb-231	89.0	1220	2349
GCF_000153205_1__nxrA__NZ_CH672427.1_126	Q3SUK2|nxrA|nxr|Nitrobacter_winogradskyi_Nb-255	68.8	1221	1838
GCF_000153205_1__nxrA__NZ_CH672427.1_126	Q1QPP1|nxrA|nxr|Nitrobacter_hamburgensis_X14	68.4	1221	1820
GCF_000153205_1__nxrA__NZ_CH672427.1_126	A0ACC6ADH6|nxrA|nxr|Nitrobacter_winogradskyi	68.4	1221	1814
GCF_000153205_1__nxrA__NZ_CH672427.1_126	A0A894Z0L1|nxrA|nxr|Nitrolancea_hollandica	66.6	1228	1776
GCF_000153205_1__nxrA__NZ_CH672427.1_126	O06459|narG|nar|Thermus_thermophilus	58.3	1222	1497
GCF_000153205_1__nxrA__NZ_CH672427.1_126	P42175|narG|nar|Bacillus_subtilis	46.6	1214	1153
GCF_000153205_1__nxrA__NZ_CH672427.1_126	G3XCX1|narG|nar|Pseudomonas_aeruginosa	45.6	1237	1114
GCF_000153205_1__nxrA__NZ_CH672427.1_126	Q6GUE5|narG|nar|Halomonas_maura	46.0	1250	1107
GCF_000153205_1__nxrA__NZ_CH672427.1_126	Q8ZP37|narG|nar|Salmonella_typhimurium	46.0	1227	1104
GCF_000153205_1__nxrA__NZ_CH672427.1_126	Q8XDC8|narG|nar|Escherichia_coli_O157:H7	45.7	1235	1102
GCF_000153205_1__nxrA__NZ_CH672427.1_126	P9WJQ3|narG|nar|Mycobacterium_tuberculosis	44.4	1230	1066
GCF_000153205_1__nxrA__NZ_CH672427.1_126	Q75TJ6|narG|nar|Geobacillus_stearothermophilus	44.8	1030	932
GCF_000153205_1__nxrA__NZ_CH672427.1_126	A0ABM9HBT2|nxrA|nxr|Nitrospina_watsonii	21.8	888	122
GCF_000153205_1__nxrA__NZ_CH672427.1_126	A0A0M2UVV1|nxrA|nxr|Candidatus_Brocadia_fulgida	24.1	365	116
GCF_000153205_1__nxrA__NZ_CH672427.1_126	A0ABM8RCK9|nxrA|nxr|Nitrospira_defluvii	24.9	362	110
GCF_000153205_1__nxrA__NZ_CH672427.1_126	A0A0S4LQF4|nxrA|nxr|Candidatus_Nitrospira_nitrificans	24.3	362	106
GCF_000153205_1__nxrA__NZ_CH672427.1_126	A0A1W1I5V4|nxrA|nxr|Nitrospira_japonica	21.9	612	102
GCF_000153205_1__nxrA__NZ_CH672427.1_126	A0A0S4KRS1|nxrA|nxr|Candidatus_Nitrospira_inopinata	22.9	362	97.4
GCF_000153205_1__nxrA__NZ_CH672427.1_126	A0ABN8AJF8|nxrA|nxr|Candidatus_Nitrotoga_arctica	22.2	644	94.7
GCF_000212395_1__narG__NC_015499.1_93	G3XCX1|narG|nar|Pseudomonas_aeruginosa	54.5	1231	1412
GCF_000212395_1__narG__NC_015499.1_93	Q8XDC8|narG|nar|Escherichia_coli_O157:H7	54.8	1213	1408
GCF_000212395_1__narG__NC_015499.1_93	Q8ZP37|narG|nar|Salmonella_typhimurium	55.0	1213	1407
GCF_000212395_1__narG__NC_015499.1_93	Q6GUE5|narG|nar|Halomonas_maura	54.2	1224	1386
GCF_000212395_1__narG__NC_015499.1_93	P42175|narG|nar|Bacillus_subtilis	49.3	1193	1191
GCF_000212395_1__narG__NC_015499.1_93	O06459|narG|nar|Thermus_thermophilus	46.5	1201	1069
GCF_000212395_1__narG__NC_015499.1_93	Q3SUK2|nxrA|nxr|Nitrobacter_winogradskyi_Nb-255	45.5	1201	1055
GCF_000212395_1__narG__NC_015499.1_93	Q1QPP1|nxrA|nxr|Nitrobacter_hamburgensis_X14	44.4	1201	1054
GCF_000212395_1__narG__NC_015499.1_93	A0ACC6ADH6|nxrA|nxr|Nitrobacter_winogradskyi	45.5	1201	1051
GCF_000212395_1__narG__NC_015499.1_93	P9WJQ3|narG|nar|Mycobacterium_tuberculosis	43.8	1200	1040
GCF_000212395_1__narG__NC_015499.1_93	A4BM17|nxrA|nxr|Nitrococcus_mobilis_Nb-231	44.2	1206	1018
GCF_000212395_1__narG__NC_015499.1_93	Q75TJ6|narG|nar|Geobacillus_stearothermophilus	49.5	1022	1011
GCF_000212395_1__narG__NC_015499.1_93	A0A894Z0L1|nxrA|nxr|Nitrolancea_hollandica	42.7	1206	984
GCF_000212395_1__narG__NC_015499.1_93	A0A0M2UVV1|nxrA|nxr|Candidatus_Brocadia_fulgida	21.1	843	120
GCF_000212395_1__narG__NC_015499.1_93	A0A0S4LQF4|nxrA|nxr|Candidatus_Nitrospira_nitrificans	20.0	854	115
GCF_000212395_1__narG__NC_015499.1_93	A0ABM8RCK9|nxrA|nxr|Nitrospira_defluvii	21.0	852	115
GCF_000212395_1__narG__NC_015499.1_93	A0ABM9HBT2|nxrA|nxr|Nitrospina_watsonii	22.0	609	115
GCF_000212395_1__narG__NC_015499.1_93	A0ABN8AJF8|nxrA|nxr|Candidatus_Nitrotoga_arctica	22.2	613	114
GCF_000212395_1__narG__NC_015499.1_93	A0A1W1I5V4|nxrA|nxr|Nitrospira_japonica	20.1	840	103
GCF_000212395_1__narG__NC_015499.1_93	A0A0S4KRS1|nxrA|nxr|Candidatus_Nitrospira_inopinata	19.7	838	102
GCF_000242715_1__narG__NZ_AHBF01000163.1_51	P9WJQ3|narG|nar|Mycobacterium_tuberculosis	63.4	1216	1609
GCF_000242715_1__narG__NZ_AHBF01000163.1_51	G3XCX1|narG|nar|Pseudomonas_aeruginosa	52.7	1229	1288
GCF_000242715_1__narG__NZ_AHBF01000163.1_51	P42175|narG|nar|Bacillus_subtilis	52.8	1206	1287
GCF_000242715_1__narG__NZ_AHBF01000163.1_51	Q6GUE5|narG|nar|Halomonas_maura	52.2	1232	1273
GCF_000242715_1__narG__NZ_AHBF01000163.1_51	Q8XDC8|narG|nar|Escherichia_coli_O157:H7	50.6	1223	1256
GCF_000242715_1__narG__NZ_AHBF01000163.1_51	Q8ZP37|narG|nar|Salmonella_typhimurium	50.3	1222	1253
GCF_000242715_1__narG__NZ_AHBF01000163.1_51	O06459|narG|nar|Thermus_thermophilus	49.5	1207	1175
GCF_000242715_1__narG__NZ_AHBF01000163.1_51	Q1QPP1|nxrA|nxr|Nitrobacter_hamburgensis_X14	45.9	1217	1097
GCF_000242715_1__narG__NZ_AHBF01000163.1_51	Q75TJ6|narG|nar|Geobacillus_stearothermophilus	54.5	1019	1087
GCF_000242715_1__narG__NZ_AHBF01000163.1_51	Q3SUK2|nxrA|nxr|Nitrobacter_winogradskyi_Nb-255	45.3	1218	1077
GCF_000242715_1__narG__NZ_AHBF01000163.1_51	A0ACC6ADH6|nxrA|nxr|Nitrobacter_winogradskyi	45.0	1217	1067
GCF_000242715_1__narG__NZ_AHBF01000163.1_51	A4BM17|nxrA|nxr|Nitrococcus_mobilis_Nb-231	45.5	1220	1063
GCF_000242715_1__narG__NZ_AHBF01000163.1_51	A0A894Z0L1|nxrA|nxr|Nitrolancea_hollandica	45.7	1217	1052
GCF_000242715_1__narG__NZ_AHBF01000163.1_51	A0A0M2UVV1|nxrA|nxr|Candidatus_Brocadia_fulgida	24.4	589	117
GCF_000242715_1__narG__NZ_AHBF01000163.1_51	A0ABN8AJF8|nxrA|nxr|Candidatus_Nitrotoga_arctica	24.7	598	116
GCF_000242715_1__narG__NZ_AHBF01000163.1_51	A0ABM9HBT2|nxrA|nxr|Nitrospina_watsonii	27.1	380	107
GCF_000242715_1__narG__NZ_AHBF01000163.1_51	A0A0S4LQF4|nxrA|nxr|Candidatus_Nitrospira_nitrificans	24.0	363	97.8
GCF_000242715_1__narG__NZ_AHBF01000163.1_51	A0A0S4KRS1|nxrA|nxr|Candidatus_Nitrospira_inopinata	24.5	363	95.1
GCF_000242715_1__narG__NZ_AHBF01000163.1_51	A0ABM8RCK9|nxrA|nxr|Nitrospira_defluvii	24.8	363	94.0
GCF_000242715_1__narG__NZ_AHBF01000163.1_51	A0A1W1I5V4|nxrA|nxr|Nitrospira_japonica	23.1	363	89.4
GCF_000297255_1__nxrA__NZ_CAGS01000558.1_1	A0A894Z0L1|nxrA|nxr|Nitrolancea_hollandica	91.2	828	1636
GCF_000297255_1__nxrA__NZ_CAGS01000558.1_1	A4BM17|nxrA|nxr|Nitrococcus_mobilis_Nb-231	64.4	829	1143
GCF_000297255_1__nxrA__NZ_CAGS01000558.1_1	Q3SUK2|nxrA|nxr|Nitrobacter_winogradskyi_Nb-255	64.3	830	1139
GCF_000297255_1__nxrA__NZ_CAGS01000558.1_1	Q1QPP1|nxrA|nxr|Nitrobacter_hamburgensis_X14	63.1	830	1122
GCF_000297255_1__nxrA__NZ_CAGS01000558.1_1	A0ACC6ADH6|nxrA|nxr|Nitrobacter_winogradskyi	63.5	830	1117
GCF_000297255_1__nxrA__NZ_CAGS01000558.1_1	O06459|narG|nar|Thermus_thermophilus	56.2	829	970
GCF_000297255_1__nxrA__NZ_CAGS01000558.1_1	P42175|narG|nar|Bacillus_subtilis	44.5	821	699
GCF_000297255_1__nxrA__NZ_CAGS01000558.1_1	Q75TJ6|narG|nar|Geobacillus_stearothermophilus	43.9	790	688
GCF_000297255_1__nxrA__NZ_CAGS01000558.1_1	G3XCX1|narG|nar|Pseudomonas_aeruginosa	43.1	850	668
GCF_000297255_1__nxrA__NZ_CAGS01000558.1_1	Q8XDC8|narG|nar|Escherichia_coli_O157:H7	42.6	847	659
GCF_000297255_1__nxrA__NZ_CAGS01000558.1_1	Q8ZP37|narG|nar|Salmonella_typhimurium	42.4	847	654
GCF_000297255_1__nxrA__NZ_CAGS01000558.1_1	Q6GUE5|narG|nar|Halomonas_maura	42.0	858	652
GCF_000297255_1__nxrA__NZ_CAGS01000558.1_1	P9WJQ3|narG|nar|Mycobacterium_tuberculosis	40.9	838	617
GCF_000297255_1__nxrA__NZ_CAGS01000558.1_1	A0A0M2UVV1|nxrA|nxr|Candidatus_Brocadia_fulgida	25.4	394	87.4
GCF_000297255_1__nxrA__NZ_CAGS01000558.1_1	A0ABN8AJF8|nxrA|nxr|Candidatus_Nitrotoga_arctica	24.3	400	80.5
GCF_000297255_1__nxrA__NZ_CAGS01000558.1_1	A0A1W1I5V4|nxrA|nxr|Nitrospira_japonica	23.9	381	75.1
GCF_000297255_1__nxrA__NZ_CAGS01000558.1_1	A0ABM9HBT2|nxrA|nxr|Nitrospina_watsonii	30.1	136	71.2
GCF_000297255_1__nxrA__NZ_CAGS01000558.1_1	A0A0S4LQF4|nxrA|nxr|Candidatus_Nitrospira_nitrificans	32.6	135	70.5
GCF_000297255_1__nxrA__NZ_CAGS01000558.1_1	A0ABM8RCK9|nxrA|nxr|Nitrospira_defluvii	28.3	187	67.4
GCF_000297255_1__nxrA__NZ_CAGS01000558.1_1	A0A0S4KRS1|nxrA|nxr|Candidatus_Nitrospira_inopinata	30.4	135	65.1
GCF_002847305_1__narG__NZ_CP025408.1_100	Q6GUE5|narG|nar|Halomonas_maura	67.9	1257	1804
GCF_002847305_1__narG__NZ_CP025408.1_100	G3XCX1|narG|nar|Pseudomonas_aeruginosa	67.6	1247	1783
GCF_002847305_1__narG__NZ_CP025408.1_100	Q8ZP37|narG|nar|Salmonella_typhimurium	66.9	1244	1769
GCF_002847305_1__narG__NZ_CP025408.1_100	Q8XDC8|narG|nar|Escherichia_coli_O157:H7	66.3	1243	1760
GCF_002847305_1__narG__NZ_CP025408.1_100	P42175|narG|nar|Bacillus_subtilis	49.2	1249	1264
GCF_002847305_1__narG__NZ_CP025408.1_100	O06459|narG|nar|Thermus_thermophilus	50.5	1212	1191
GCF_002847305_1__narG__NZ_CP025408.1_100	P9WJQ3|narG|nar|Mycobacterium_tuberculosis	47.8	1200	1178
GCF_002847305_1__narG__NZ_CP025408.1_100	Q1QPP1|nxrA|nxr|Nitrobacter_hamburgensis_X14	46.9	1223	1154
GCF_002847305_1__narG__NZ_CP025408.1_100	A4BM17|nxrA|nxr|Nitrococcus_mobilis_Nb-231	47.3	1230	1125
GCF_002847305_1__narG__NZ_CP025408.1_100	A0ACC6ADH6|nxrA|nxr|Nitrobacter_winogradskyi	46.2	1222	1122
GCF_002847305_1__narG__NZ_CP025408.1_100	Q3SUK2|nxrA|nxr|Nitrobacter_winogradskyi_Nb-255	45.7	1222	1118
GCF_002847305_1__narG__NZ_CP025408.1_100	A0A894Z0L1|nxrA|nxr|Nitrolancea_hollandica	46.4	1233	1093
GCF_002847305_1__narG__NZ_CP025408.1_100	Q75TJ6|narG|nar|Geobacillus_stearothermophilus	50.4	1043	1056
GCF_002847305_1__narG__NZ_CP025408.1_100	A0A0S4LQF4|nxrA|nxr|Candidatus_Nitrospira_nitrificans	21.9	872	135
GCF_002847305_1__narG__NZ_CP025408.1_100	A0ABM9HBT2|nxrA|nxr|Nitrospina_watsonii	22.9	621	126
GCF_002847305_1__narG__NZ_CP025408.1_100	A0ABN8AJF8|nxrA|nxr|Candidatus_Nitrotoga_arctica	24.3	604	122
GCF_002847305_1__narG__NZ_CP025408.1_100	A0A0M2UVV1|nxrA|nxr|Candidatus_Brocadia_fulgida	22.1	869	120
GCF_002847305_1__narG__NZ_CP025408.1_100	A0A1W1I5V4|nxrA|nxr|Nitrospira_japonica	21.7	869	119
GCF_002847305_1__narG__NZ_CP025408.1_100	A0A0S4KRS1|nxrA|nxr|Candidatus_Nitrospira_inopinata	21.6	861	112
GCF_002847305_1__narG__NZ_CP025408.1_100	A0ABM8RCK9|nxrA|nxr|Nitrospira_defluvii	21.0	866	108
GCF_003176655_1__nxrA__NZ_QGSL01000106.1_392	Q6GUE5|narG|nar|Halomonas_maura	81.8	1258	2224
GCF_003176655_1__nxrA__NZ_QGSL01000106.1_392	Q8ZP37|narG|nar|Salmonella_typhimurium	74.3	1256	2010
GCF_003176655_1__nxrA__NZ_QGSL01000106.1_392	Q8XDC8|narG|nar|Escherichia_coli_O157:H7	73.6	1256	2001
GCF_003176655_1__nxrA__NZ_QGSL01000106.1_392	G3XCX1|narG|nar|Pseudomonas_aeruginosa	71.2	1248	1920
GCF_003176655_1__nxrA__NZ_QGSL01000106.1_392	P42175|narG|nar|Bacillus_subtilis	51.9	1235	1323
GCF_003176655_1__nxrA__NZ_QGSL01000106.1_392	O06459|narG|nar|Thermus_thermophilus	48.8	1215	1178
GCF_003176655_1__nxrA__NZ_QGSL01000106.1_392	P9WJQ3|narG|nar|Mycobacterium_tuberculosis	48.9	1224	1174
GCF_003176655_1__nxrA__NZ_QGSL01000106.1_392	Q3SUK2|nxrA|nxr|Nitrobacter_winogradskyi_Nb-255	45.3	1228	1113
GCF_003176655_1__nxrA__NZ_QGSL01000106.1_392	Q1QPP1|nxrA|nxr|Nitrobacter_hamburgensis_X14	44.1	1228	1105
GCF_003176655_1__nxrA__NZ_QGSL01000106.1_392	A4BM17|nxrA|nxr|Nitrococcus_mobilis_Nb-231	45.5	1238	1104
GCF_003176655_1__nxrA__NZ_QGSL01000106.1_392	A0ACC6ADH6|nxrA|nxr|Nitrobacter_winogradskyi	44.5	1228	1093
GCF_003176655_1__nxrA__NZ_QGSL01000106.1_392	Q75TJ6|narG|nar|Geobacillus_stearothermophilus	51.7	1045	1079
GCF_003176655_1__nxrA__NZ_QGSL01000106.1_392	A0A894Z0L1|nxrA|nxr|Nitrolancea_hollandica	45.0	1243	1069
GCF_003176655_1__nxrA__NZ_QGSL01000106.1_392	A0A0M2UVV1|nxrA|nxr|Candidatus_Brocadia_fulgida	22.6	633	129
GCF_003176655_1__nxrA__NZ_QGSL01000106.1_392	A0A0S4LQF4|nxrA|nxr|Candidatus_Nitrospira_nitrificans	22.3	676	126
GCF_003176655_1__nxrA__NZ_QGSL01000106.1_392	A0ABM9HBT2|nxrA|nxr|Nitrospina_watsonii	22.8	637	124
GCF_003176655_1__nxrA__NZ_QGSL01000106.1_392	A0A0S4KRS1|nxrA|nxr|Candidatus_Nitrospira_inopinata	22.5	694	123
GCF_003176655_1__nxrA__NZ_QGSL01000106.1_392	A0ABN8AJF8|nxrA|nxr|Candidatus_Nitrotoga_arctica	24.0	617	122
GCF_003176655_1__nxrA__NZ_QGSL01000106.1_392	A0A1W1I5V4|nxrA|nxr|Nitrospira_japonica	22.0	694	120
GCF_003176655_1__nxrA__NZ_QGSL01000106.1_392	A0ABM8RCK9|nxrA|nxr|Nitrospira_defluvii	22.6	678	119
GCF_003176655_1__narG__NZ_QGSL01000029.1_681	G3XCX1|narG|nar|Pseudomonas_aeruginosa	91.4	1261	2443
GCF_003176655_1__narG__NZ_QGSL01000029.1_681	Q8XDC8|narG|nar|Escherichia_coli_O157:H7	71.2	1251	1934
GCF_003176655_1__narG__NZ_QGSL01000029.1_681	Q6GUE5|narG|nar|Halomonas_maura	72.1	1249	1934
GCF_003176655_1__narG__NZ_QGSL01000029.1_681	Q8ZP37|narG|nar|Salmonella_typhimurium	71.3	1251	1929
GCF_003176655_1__narG__NZ_QGSL01000029.1_681	P42175|narG|nar|Bacillus_subtilis	50.7	1249	1308
GCF_003176655_1__narG__NZ_QGSL01000029.1_681	O06459|narG|nar|Thermus_thermophilus	49.7	1219	1172
GCF_003176655_1__narG__NZ_QGSL01000029.1_681	P9WJQ3|narG|nar|Mycobacterium_tuberculosis	48.9	1209	1170
GCF_003176655_1__narG__NZ_QGSL01000029.1_681	Q3SUK2|nxrA|nxr|Nitrobacter_winogradskyi_Nb-255	46.0	1230	1134
GCF_003176655_1__narG__NZ_QGSL01000029.1_681	Q1QPP1|nxrA|nxr|Nitrobacter_hamburgensis_X14	45.9	1230	1134
GCF_003176655_1__narG__NZ_QGSL01000029.1_681	A4BM17|nxrA|nxr|Nitrococcus_mobilis_Nb-231	46.6	1233	1125
GCF_003176655_1__narG__NZ_QGSL01000029.1_681	A0ACC6ADH6|nxrA|nxr|Nitrobacter_winogradskyi	45.8	1230	1124
GCF_003176655_1__narG__NZ_QGSL01000029.1_681	Q75TJ6|narG|nar|Geobacillus_stearothermophilus	50.4	1041	1076
GCF_003176655_1__narG__NZ_QGSL01000029.1_681	A0A894Z0L1|nxrA|nxr|Nitrolancea_hollandica	44.8	1237	1069
GCF_003176655_1__narG__NZ_QGSL01000029.1_681	A0A0S4LQF4|nxrA|nxr|Candidatus_Nitrospira_nitrificans	22.3	632	119
GCF_003176655_1__narG__NZ_QGSL01000029.1_681	A0A0M2UVV1|nxrA|nxr|Candidatus_Brocadia_fulgida	20.3	890	119
GCF_003176655_1__narG__NZ_QGSL01000029.1_681	A0ABM9HBT2|nxrA|nxr|Nitrospina_watsonii	23.3	636	117
GCF_003176655_1__narG__NZ_QGSL01000029.1_681	A0A0S4KRS1|nxrA|nxr|Candidatus_Nitrospira_inopinata	22.0	649	111
GCF_003176655_1__narG__NZ_QGSL01000029.1_681	A0ABM8RCK9|nxrA|nxr|Nitrospira_defluvii	22.2	649	111
GCF_003176655_1__narG__NZ_QGSL01000029.1_681	A0ABN8AJF8|nxrA|nxr|Candidatus_Nitrotoga_arctica	23.4	616	110
GCF_003176655_1__narG__NZ_QGSL01000029.1_681	A0A1W1I5V4|nxrA|nxr|Nitrospira_japonica	20.3	864	106
GCF_003336745_1__narG__NZ_QGMX01000004.1_191	O06459|narG|nar|Thermus_thermophilus	93.9	1196	2379
GCF_003336745_1__narG__NZ_QGMX01000004.1_191	A0A894Z0L1|nxrA|nxr|Nitrolancea_hollandica	58.2	1217	1508
GCF_003336745_1__narG__NZ_QGMX01000004.1_191	A4BM17|nxrA|nxr|Nitrococcus_mobilis_Nb-231	57.8	1219	1479
GCF_003336745_1__narG__NZ_QGMX01000004.1_191	Q1QPP1|nxrA|nxr|Nitrobacter_hamburgensis_X14	57.9	1214	1474
GCF_003336745_1__narG__NZ_QGMX01000004.1_191	Q3SUK2|nxrA|nxr|Nitrobacter_winogradskyi_Nb-255	57.6	1214	1466
GCF_003336745_1__narG__NZ_QGMX01000004.1_191	A0ACC6ADH6|nxrA|nxr|Nitrobacter_winogradskyi	57.2	1214	1460
GCF_003336745_1__narG__NZ_QGMX01000004.1_191	P42175|narG|nar|Bacillus_subtilis	48.7	1198	1187
GCF_003336745_1__narG__NZ_QGMX01000004.1_191	G3XCX1|narG|nar|Pseudomonas_aeruginosa	49.8	1218	1184
GCF_003336745_1__narG__NZ_QGMX01000004.1_191	Q6GUE5|narG|nar|Halomonas_maura	48.9	1219	1155
GCF_003336745_1__narG__NZ_QGMX01000004.1_191	Q8XDC8|narG|nar|Escherichia_coli_O157:H7	49.0	1209	1147
GCF_003336745_1__narG__NZ_QGMX01000004.1_191	Q8ZP37|narG|nar|Salmonella_typhimurium	48.8	1210	1141
GCF_003336745_1__narG__NZ_QGMX01000004.1_191	P9WJQ3|narG|nar|Mycobacterium_tuberculosis	48.1	1197	1124
GCF_003336745_1__narG__NZ_QGMX01000004.1_191	Q75TJ6|narG|nar|Geobacillus_stearothermophilus	48.0	1018	985
GCF_003336745_1__narG__NZ_QGMX01000004.1_191	A0A0M2UVV1|nxrA|nxr|Candidatus_Brocadia_fulgida	24.4	630	135
GCF_003336745_1__narG__NZ_QGMX01000004.1_191	A0ABM9HBT2|nxrA|nxr|Nitrospina_watsonii	23.3	610	127
GCF_003336745_1__narG__NZ_QGMX01000004.1_191	A0A1W1I5V4|nxrA|nxr|Nitrospira_japonica	22.4	612	120
GCF_003336745_1__narG__NZ_QGMX01000004.1_191	A0A0S4LQF4|nxrA|nxr|Candidatus_Nitrospira_nitrificans	23.1	602	117
GCF_003336745_1__narG__NZ_QGMX01000004.1_191	A0A0S4KRS1|nxrA|nxr|Candidatus_Nitrospira_inopinata	22.4	590	113
GCF_003336745_1__narG__NZ_QGMX01000004.1_191	A0ABM8RCK9|nxrA|nxr|Nitrospira_defluvii	23.1	428	107
GCF_003336745_1__narG__NZ_QGMX01000004.1_191	A0ABN8AJF8|nxrA|nxr|Candidatus_Nitrotoga_arctica	23.9	594	103
GCF_005796065_1__narG__NZ_VASG01000004.1_227	Q6GUE5|narG|nar|Halomonas_maura	82.1	1258	2214
GCF_005796065_1__narG__NZ_VASG01000004.1_227	Q8ZP37|narG|nar|Salmonella_typhimurium	73.8	1256	2003
GCF_005796065_1__narG__NZ_VASG01000004.1_227	Q8XDC8|narG|nar|Escherichia_coli_O157:H7	73.6	1256	2000
GCF_005796065_1__narG__NZ_VASG01000004.1_227	G3XCX1|narG|nar|Pseudomonas_aeruginosa	71.1	1248	1899
GCF_005796065_1__narG__NZ_VASG01000004.1_227	P42175|narG|nar|Bacillus_subtilis	51.7	1235	1312
GCF_005796065_1__narG__NZ_VASG01000004.1_227	P9WJQ3|narG|nar|Mycobacterium_tuberculosis	48.7	1218	1165
GCF_005796065_1__narG__NZ_VASG01000004.1_227	O06459|narG|nar|Thermus_thermophilus	49.2	1216	1164
GCF_005796065_1__narG__NZ_VASG01000004.1_227	Q3SUK2|nxrA|nxr|Nitrobacter_winogradskyi_Nb-255	45.0	1228	1105
GCF_005796065_1__narG__NZ_VASG01000004.1_227	Q1QPP1|nxrA|nxr|Nitrobacter_hamburgensis_X14	44.0	1228	1100
GCF_005796065_1__narG__NZ_VASG01000004.1_227	A4BM17|nxrA|nxr|Nitrococcus_mobilis_Nb-231	45.2	1234	1091
GCF_005796065_1__narG__NZ_VASG01000004.1_227	A0ACC6ADH6|nxrA|nxr|Nitrobacter_winogradskyi	44.0	1228	1087
GCF_005796065_1__narG__NZ_VASG01000004.1_227	A0A894Z0L1|nxrA|nxr|Nitrolancea_hollandica	45.5	1239	1075
GCF_005796065_1__narG__NZ_VASG01000004.1_227	Q75TJ6|narG|nar|Geobacillus_stearothermophilus	51.9	1045	1073
GCF_005796065_1__narG__NZ_VASG01000004.1_227	A0ABN8AJF8|nxrA|nxr|Candidatus_Nitrotoga_arctica	23.7	617	130
GCF_005796065_1__narG__NZ_VASG01000004.1_227	A0ABM9HBT2|nxrA|nxr|Nitrospina_watsonii	23.3	636	127
GCF_005796065_1__narG__NZ_VASG01000004.1_227	A0A0M2UVV1|nxrA|nxr|Candidatus_Brocadia_fulgida	22.5	619	127
GCF_005796065_1__narG__NZ_VASG01000004.1_227	A0A0S4KRS1|nxrA|nxr|Candidatus_Nitrospira_inopinata	22.0	683	123
GCF_005796065_1__narG__NZ_VASG01000004.1_227	A0A0S4LQF4|nxrA|nxr|Candidatus_Nitrospira_nitrificans	21.8	662	122
GCF_005796065_1__narG__NZ_VASG01000004.1_227	A0A1W1I5V4|nxrA|nxr|Nitrospira_japonica	22.1	684	119
GCF_005796065_1__narG__NZ_VASG01000004.1_227	A0ABM8RCK9|nxrA|nxr|Nitrospira_defluvii	22.1	683	114
GCF_021602305_1__narG__NZ_BQIB01000001.1_2	Q6GUE5|narG|nar|Halomonas_maura	81.7	1258	2217
GCF_021602305_1__narG__NZ_BQIB01000001.1_2	Q8ZP37|narG|nar|Salmonella_typhimurium	74.0	1256	2009
GCF_021602305_1__narG__NZ_BQIB01000001.1_2	Q8XDC8|narG|nar|Escherichia_coli_O157:H7	73.7	1256	2005
GCF_021602305_1__narG__NZ_BQIB01000001.1_2	G3XCX1|narG|nar|Pseudomonas_aeruginosa	71.1	1248	1914
GCF_021602305_1__narG__NZ_BQIB01000001.1_2	P42175|narG|nar|Bacillus_subtilis	51.9	1234	1325
GCF_021602305_1__narG__NZ_BQIB01000001.1_2	O06459|narG|nar|Thermus_thermophilus	49.3	1216	1178
GCF_021602305_1__narG__NZ_BQIB01000001.1_2	P9WJQ3|narG|nar|Mycobacterium_tuberculosis	48.4	1219	1175
GCF_021602305_1__narG__NZ_BQIB01000001.1_2	Q3SUK2|nxrA|nxr|Nitrobacter_winogradskyi_Nb-255	45.0	1227	1116
GCF_021602305_1__narG__NZ_BQIB01000001.1_2	Q1QPP1|nxrA|nxr|Nitrobacter_hamburgensis_X14	44.0	1227	1107
GCF_021602305_1__narG__NZ_BQIB01000001.1_2	A4BM17|nxrA|nxr|Nitrococcus_mobilis_Nb-231	45.3	1233	1105
GCF_021602305_1__narG__NZ_BQIB01000001.1_2	A0ACC6ADH6|nxrA|nxr|Nitrobacter_winogradskyi	43.8	1227	1095
GCF_021602305_1__narG__NZ_BQIB01000001.1_2	Q75TJ6|narG|nar|Geobacillus_stearothermophilus	51.8	1044	1084
GCF_021602305_1__narG__NZ_BQIB01000001.1_2	A0A894Z0L1|nxrA|nxr|Nitrolancea_hollandica	45.7	1238	1078
GCF_021602305_1__narG__NZ_BQIB01000001.1_2	A0ABN8AJF8|nxrA|nxr|Candidatus_Nitrotoga_arctica	24.8	618	129
GCF_021602305_1__narG__NZ_BQIB01000001.1_2	A0A0M2UVV1|nxrA|nxr|Candidatus_Brocadia_fulgida	22.3	619	125
GCF_021602305_1__narG__NZ_BQIB01000001.1_2	A0A1W1I5V4|nxrA|nxr|Nitrospira_japonica	22.4	678	121
GCF_021602305_1__narG__NZ_BQIB01000001.1_2	A0A0S4LQF4|nxrA|nxr|Candidatus_Nitrospira_nitrificans	22.9	667	121
GCF_021602305_1__narG__NZ_BQIB01000001.1_2	A0ABM9HBT2|nxrA|nxr|Nitrospina_watsonii	22.8	637	121
GCF_021602305_1__narG__NZ_BQIB01000001.1_2	A0A0S4KRS1|nxrA|nxr|Candidatus_Nitrospira_inopinata	22.4	683	120
GCF_021602305_1__narG__NZ_BQIB01000001.1_2	A0ABM8RCK9|nxrA|nxr|Nitrospira_defluvii	22.9	678	117
GCF_031854425_1__narG__NZ_JAVRQI010000002.1_174	Q8XDC8|narG|nar|Escherichia_coli_O157:H7	67.4	1247	1804
GCF_031854425_1__narG__NZ_JAVRQI010000002.1_174	Q8ZP37|narG|nar|Salmonella_typhimurium	67.4	1247	1801
GCF_031854425_1__narG__NZ_JAVRQI010000002.1_174	Q6GUE5|narG|nar|Halomonas_maura	66.9	1251	1798
GCF_031854425_1__narG__NZ_JAVRQI010000002.1_174	G3XCX1|narG|nar|Pseudomonas_aeruginosa	66.2	1248	1767
GCF_031854425_1__narG__NZ_JAVRQI010000002.1_174	P42175|narG|nar|Bacillus_subtilis	50.5	1246	1310
GCF_031854425_1__narG__NZ_JAVRQI010000002.1_174	O06459|narG|nar|Thermus_thermophilus	49.3	1220	1178
GCF_031854425_1__narG__NZ_JAVRQI010000002.1_174	P9WJQ3|narG|nar|Mycobacterium_tuberculosis	47.9	1220	1171
GCF_031854425_1__narG__NZ_JAVRQI010000002.1_174	Q1QPP1|nxrA|nxr|Nitrobacter_hamburgensis_X14	46.9	1225	1157
GCF_031854425_1__narG__NZ_JAVRQI010000002.1_174	A0ACC6ADH6|nxrA|nxr|Nitrobacter_winogradskyi	46.7	1224	1139
GCF_031854425_1__narG__NZ_JAVRQI010000002.1_174	Q3SUK2|nxrA|nxr|Nitrobacter_winogradskyi_Nb-255	46.1	1225	1130
GCF_031854425_1__narG__NZ_JAVRQI010000002.1_174	A4BM17|nxrA|nxr|Nitrococcus_mobilis_Nb-231	46.5	1231	1122
GCF_031854425_1__narG__NZ_JAVRQI010000002.1_174	A0A894Z0L1|nxrA|nxr|Nitrolancea_hollandica	45.7	1237	1095
GCF_031854425_1__narG__NZ_JAVRQI010000002.1_174	Q75TJ6|narG|nar|Geobacillus_stearothermophilus	51.9	1040	1093
GCF_031854425_1__narG__NZ_JAVRQI010000002.1_174	A0A0S4LQF4|nxrA|nxr|Candidatus_Nitrospira_nitrificans	21.2	896	131
GCF_031854425_1__narG__NZ_JAVRQI010000002.1_174	A0ABN8AJF8|nxrA|nxr|Candidatus_Nitrotoga_arctica	23.7	620	127
GCF_031854425_1__narG__NZ_JAVRQI010000002.1_174	A0ABM9HBT2|nxrA|nxr|Nitrospina_watsonii	22.9	632	127
GCF_031854425_1__narG__NZ_JAVRQI010000002.1_174	A0A0M2UVV1|nxrA|nxr|Candidatus_Brocadia_fulgida	21.6	883	125
GCF_031854425_1__narG__NZ_JAVRQI010000002.1_174	A0A1W1I5V4|nxrA|nxr|Nitrospira_japonica	20.9	899	122
GCF_031854425_1__narG__NZ_JAVRQI010000002.1_174	A0A0S4KRS1|nxrA|nxr|Candidatus_Nitrospira_inopinata	20.5	892	114
GCF_031854425_1__narG__NZ_JAVRQI010000002.1_174	A0ABM8RCK9|nxrA|nxr|Nitrospira_defluvii	20.9	893	112
GCF_033555915_1__narG__NZ_CP109864.1_813	Q8XDC8|narG|nar|Escherichia_coli_O157:H7	67.3	1249	1805
GCF_033555915_1__narG__NZ_CP109864.1_813	Q8ZP37|narG|nar|Salmonella_typhimurium	67.5	1249	1803
GCF_033555915_1__narG__NZ_CP109864.1_813	Q6GUE5|narG|nar|Halomonas_maura	67.4	1252	1802
GCF_033555915_1__narG__NZ_CP109864.1_813	G3XCX1|narG|nar|Pseudomonas_aeruginosa	67.7	1246	1792
GCF_033555915_1__narG__NZ_CP109864.1_813	P42175|narG|nar|Bacillus_subtilis	50.8	1245	1308
GCF_033555915_1__narG__NZ_CP109864.1_813	O06459|narG|nar|Thermus_thermophilus	50.0	1209	1174
GCF_033555915_1__narG__NZ_CP109864.1_813	P9WJQ3|narG|nar|Mycobacterium_tuberculosis	48.2	1221	1162
GCF_033555915_1__narG__NZ_CP109864.1_813	Q1QPP1|nxrA|nxr|Nitrobacter_hamburgensis_X14	46.7	1225	1138
GCF_033555915_1__narG__NZ_CP109864.1_813	A4BM17|nxrA|nxr|Nitrococcus_mobilis_Nb-231	46.5	1229	1123
GCF_033555915_1__narG__NZ_CP109864.1_813	A0ACC6ADH6|nxrA|nxr|Nitrobacter_winogradskyi	46.1	1226	1110
GCF_033555915_1__narG__NZ_CP109864.1_813	Q3SUK2|nxrA|nxr|Nitrobacter_winogradskyi_Nb-255	45.6	1226	1104
GCF_033555915_1__narG__NZ_CP109864.1_813	Q75TJ6|narG|nar|Geobacillus_stearothermophilus	51.9	1039	1092
GCF_033555915_1__narG__NZ_CP109864.1_813	A0A894Z0L1|nxrA|nxr|Nitrolancea_hollandica	46.0	1239	1085
GCF_033555915_1__narG__NZ_CP109864.1_813	A0ABM9HBT2|nxrA|nxr|Nitrospina_watsonii	23.2	637	127
GCF_033555915_1__narG__NZ_CP109864.1_813	A0ABN8AJF8|nxrA|nxr|Candidatus_Nitrotoga_arctica	23.7	620	125
GCF_033555915_1__narG__NZ_CP109864.1_813	A0A0S4LQF4|nxrA|nxr|Candidatus_Nitrospira_nitrificans	21.2	869	124
GCF_033555915_1__narG__NZ_CP109864.1_813	A0A0M2UVV1|nxrA|nxr|Candidatus_Brocadia_fulgida	21.7	883	123
GCF_033555915_1__narG__NZ_CP109864.1_813	A0A1W1I5V4|nxrA|nxr|Nitrospira_japonica	20.9	866	115
GCF_033555915_1__narG__NZ_CP109864.1_813	A0A0S4KRS1|nxrA|nxr|Candidatus_Nitrospira_inopinata	20.7	860	111
GCF_033555915_1__narG__NZ_CP109864.1_813	A0ABM8RCK9|nxrA|nxr|Nitrospira_defluvii	24.6	362	99.8
GCF_047149785_1__nxrA__NZ_BAAGBE010000001.1_245	A0ACC6ADH6|nxrA|nxr|Nitrobacter_winogradskyi	93.2	1215	2439
GCF_047149785_1__nxrA__NZ_BAAGBE010000001.1_245	Q3SUK2|nxrA|nxr|Nitrobacter_winogradskyi_Nb-255	92.1	1215	2410
GCF_047149785_1__nxrA__NZ_BAAGBE010000001.1_245	Q1QPP1|nxrA|nxr|Nitrobacter_hamburgensis_X14	91.9	1215	2410
GCF_047149785_1__nxrA__NZ_BAAGBE010000001.1_245	A4BM17|nxrA|nxr|Nitrococcus_mobilis_Nb-231	68.9	1221	1813
GCF_047149785_1__nxrA__NZ_BAAGBE010000001.1_245	A0A894Z0L1|nxrA|nxr|Nitrolancea_hollandica	67.2	1224	1769
GCF_047149785_1__nxrA__NZ_BAAGBE010000001.1_245	O06459|narG|nar|Thermus_thermophilus	57.9	1216	1471
GCF_047149785_1__nxrA__NZ_BAAGBE010000001.1_245	P42175|narG|nar|Bacillus_subtilis	46.0	1211	1135
GCF_047149785_1__nxrA__NZ_BAAGBE010000001.1_245	G3XCX1|narG|nar|Pseudomonas_aeruginosa	47.0	1233	1123
GCF_047149785_1__nxrA__NZ_BAAGBE010000001.1_245	Q8XDC8|narG|nar|Escherichia_coli_O157:H7	45.8	1230	1105
GCF_047149785_1__nxrA__NZ_BAAGBE010000001.1_245	Q6GUE5|narG|nar|Halomonas_maura	45.4	1239	1101
GCF_047149785_1__nxrA__NZ_BAAGBE010000001.1_245	Q8ZP37|narG|nar|Salmonella_typhimurium	45.9	1226	1099
GCF_047149785_1__nxrA__NZ_BAAGBE010000001.1_245	P9WJQ3|narG|nar|Mycobacterium_tuberculosis	45.2	1220	1041
GCF_047149785_1__nxrA__NZ_BAAGBE010000001.1_245	Q75TJ6|narG|nar|Geobacillus_stearothermophilus	43.5	1031	916
GCF_047149785_1__nxrA__NZ_BAAGBE010000001.1_245	A0A0M2UVV1|nxrA|nxr|Candidatus_Brocadia_fulgida	23.5	603	118
GCF_047149785_1__nxrA__NZ_BAAGBE010000001.1_245	A0A0S4LQF4|nxrA|nxr|Candidatus_Nitrospira_nitrificans	22.4	639	105
GCF_047149785_1__nxrA__NZ_BAAGBE010000001.1_245	A0ABM8RCK9|nxrA|nxr|Nitrospira_defluvii	22.0	631	105
GCF_047149785_1__nxrA__NZ_BAAGBE010000001.1_245	A0A1W1I5V4|nxrA|nxr|Nitrospira_japonica	21.5	628	98.2
GCF_047149785_1__nxrA__NZ_BAAGBE010000001.1_245	A0ABM9HBT2|nxrA|nxr|Nitrospina_watsonii	25.5	365	97.4
GCF_047149785_1__nxrA__NZ_BAAGBE010000001.1_245	A0A0S4KRS1|nxrA|nxr|Candidatus_Nitrospira_inopinata	21.1	630	96.7
GCF_047149785_1__nxrA__NZ_BAAGBE010000001.1_245	A0ABN8AJF8|nxrA|nxr|Candidatus_Nitrotoga_arctica	22.9	602	91.7
GCF_047149785_1__narG__NZ_BAAGBE010000001.1_7	A0ACC6ADH6|nxrA|nxr|Nitrobacter_winogradskyi	92.8	1214	2435
GCF_047149785_1__narG__NZ_BAAGBE010000001.1_7	Q3SUK2|nxrA|nxr|Nitrobacter_winogradskyi_Nb-255	92.4	1214	2423
GCF_047149785_1__narG__NZ_BAAGBE010000001.1_7	Q1QPP1|nxrA|nxr|Nitrobacter_hamburgensis_X14	91.6	1214	2407
GCF_047149785_1__narG__NZ_BAAGBE010000001.1_7	A4BM17|nxrA|nxr|Nitrococcus_mobilis_Nb-231	68.9	1220	1816
GCF_047149785_1__narG__NZ_BAAGBE010000001.1_7	A0A894Z0L1|nxrA|nxr|Nitrolancea_hollandica	66.9	1223	1779
GCF_047149785_1__narG__NZ_BAAGBE010000001.1_7	O06459|narG|nar|Thermus_thermophilus	57.5	1215	1469
GCF_047149785_1__narG__NZ_BAAGBE010000001.1_7	P42175|narG|nar|Bacillus_subtilis	45.7	1211	1139
GCF_047149785_1__narG__NZ_BAAGBE010000001.1_7	G3XCX1|narG|nar|Pseudomonas_aeruginosa	46.3	1232	1122
GCF_047149785_1__narG__NZ_BAAGBE010000001.1_7	Q8XDC8|narG|nar|Escherichia_coli_O157:H7	45.0	1229	1108
GCF_047149785_1__narG__NZ_BAAGBE010000001.1_7	Q8ZP37|narG|nar|Salmonella_typhimurium	45.2	1225	1100
GCF_047149785_1__narG__NZ_BAAGBE010000001.1_7	Q6GUE5|narG|nar|Halomonas_maura	44.6	1238	1096
GCF_047149785_1__narG__NZ_BAAGBE010000001.1_7	P9WJQ3|narG|nar|Mycobacterium_tuberculosis	44.4	1215	1035
GCF_047149785_1__narG__NZ_BAAGBE010000001.1_7	Q75TJ6|narG|nar|Geobacillus_stearothermophilus	43.7	1029	931
GCF_047149785_1__narG__NZ_BAAGBE010000001.1_7	A0A0M2UVV1|nxrA|nxr|Candidatus_Brocadia_fulgida	23.5	603	119
GCF_047149785_1__narG__NZ_BAAGBE010000001.1_7	A0ABM8RCK9|nxrA|nxr|Nitrospira_defluvii	22.1	625	104
GCF_047149785_1__narG__NZ_BAAGBE010000001.1_7	A0A0S4LQF4|nxrA|nxr|Candidatus_Nitrospira_nitrificans	22.6	629	103
GCF_047149785_1__narG__NZ_BAAGBE010000001.1_7	A0A1W1I5V4|nxrA|nxr|Nitrospira_japonica	21.5	622	97.8
GCF_047149785_1__narG__NZ_BAAGBE010000001.1_7	A0ABM9HBT2|nxrA|nxr|Nitrospina_watsonii	25.2	365	96.3
GCF_047149785_1__narG__NZ_BAAGBE010000001.1_7	A0A0S4KRS1|nxrA|nxr|Candidatus_Nitrospira_inopinata	21.0	624	95.5
GCF_047149785_1__narG__NZ_BAAGBE010000001.1_7	A0ABN8AJF8|nxrA|nxr|Candidatus_Nitrotoga_arctica	22.8	602	90.1
GCF_048068055_1__narG__NZ_JBLUPT010000001.1_269	G3XCX1|narG|nar|Pseudomonas_aeruginosa	91.3	1261	2446
GCF_048068055_1__narG__NZ_JBLUPT010000001.1_269	Q6GUE5|narG|nar|Halomonas_maura	72.3	1249	1941
GCF_048068055_1__narG__NZ_JBLUPT010000001.1_269	Q8ZP37|narG|nar|Salmonella_typhimurium	70.8	1251	1924
GCF_048068055_1__narG__NZ_JBLUPT010000001.1_269	Q8XDC8|narG|nar|Escherichia_coli_O157:H7	70.7	1251	1921
GCF_048068055_1__narG__NZ_JBLUPT010000001.1_269	P42175|narG|nar|Bacillus_subtilis	50.7	1249	1315
GCF_048068055_1__narG__NZ_JBLUPT010000001.1_269	O06459|narG|nar|Thermus_thermophilus	49.9	1219	1182
GCF_048068055_1__narG__NZ_JBLUPT010000001.1_269	P9WJQ3|narG|nar|Mycobacterium_tuberculosis	48.7	1207	1176
GCF_048068055_1__narG__NZ_JBLUPT010000001.1_269	Q3SUK2|nxrA|nxr|Nitrobacter_winogradskyi_Nb-255	46.6	1230	1132
GCF_048068055_1__narG__NZ_JBLUPT010000001.1_269	Q1QPP1|nxrA|nxr|Nitrobacter_hamburgensis_X14	45.9	1235	1126
GCF_048068055_1__narG__NZ_JBLUPT010000001.1_269	A4BM17|nxrA|nxr|Nitrococcus_mobilis_Nb-231	47.0	1233	1126
GCF_048068055_1__narG__NZ_JBLUPT010000001.1_269	A0ACC6ADH6|nxrA|nxr|Nitrobacter_winogradskyi	46.2	1230	1121
GCF_048068055_1__narG__NZ_JBLUPT010000001.1_269	A0A894Z0L1|nxrA|nxr|Nitrolancea_hollandica	45.1	1239	1076
GCF_048068055_1__narG__NZ_JBLUPT010000001.1_269	Q75TJ6|narG|nar|Geobacillus_stearothermophilus	50.1	1041	1070
GCF_048068055_1__narG__NZ_JBLUPT010000001.1_269	A0A0M2UVV1|nxrA|nxr|Candidatus_Brocadia_fulgida	20.7	854	127
GCF_048068055_1__narG__NZ_JBLUPT010000001.1_269	A0ABM9HBT2|nxrA|nxr|Nitrospina_watsonii	23.1	632	120
GCF_048068055_1__narG__NZ_JBLUPT010000001.1_269	A0ABN8AJF8|nxrA|nxr|Candidatus_Nitrotoga_arctica	24.2	608	117
GCF_048068055_1__narG__NZ_JBLUPT010000001.1_269	A0A0S4LQF4|nxrA|nxr|Candidatus_Nitrospira_nitrificans	21.4	631	116
GCF_048068055_1__narG__NZ_JBLUPT010000001.1_269	A0A0S4KRS1|nxrA|nxr|Candidatus_Nitrospira_inopinata	19.8	867	113
GCF_048068055_1__narG__NZ_JBLUPT010000001.1_269	A0A1W1I5V4|nxrA|nxr|Nitrospira_japonica	19.4	862	110
GCF_048068055_1__narG__NZ_JBLUPT010000001.1_269	A0ABM8RCK9|nxrA|nxr|Nitrospira_defluvii	20.0	862	109
GCF_051912485_1__nxrA__NZ_CP196822.1_593	Q3SUK2|nxrA|nxr|Nitrobacter_winogradskyi_Nb-255	92.6	1214	2431
GCF_051912485_1__nxrA__NZ_CP196822.1_593	A0ACC6ADH6|nxrA|nxr|Nitrobacter_winogradskyi	92.3	1214	2422
GCF_051912485_1__nxrA__NZ_CP196822.1_593	Q1QPP1|nxrA|nxr|Nitrobacter_hamburgensis_X14	91.6	1214	2406
GCF_051912485_1__nxrA__NZ_CP196822.1_593	A4BM17|nxrA|nxr|Nitrococcus_mobilis_Nb-231	68.6	1220	1822
GCF_051912485_1__nxrA__NZ_CP196822.1_593	A0A894Z0L1|nxrA|nxr|Nitrolancea_hollandica	66.6	1223	1761
GCF_051912485_1__nxrA__NZ_CP196822.1_593	O06459|narG|nar|Thermus_thermophilus	57.6	1210	1474
GCF_051912485_1__nxrA__NZ_CP196822.1_593	P42175|narG|nar|Bacillus_subtilis	45.5	1210	1137
GCF_051912485_1__nxrA__NZ_CP196822.1_593	G3XCX1|narG|nar|Pseudomonas_aeruginosa	46.7	1232	1132
GCF_051912485_1__nxrA__NZ_CP196822.1_593	Q8XDC8|narG|nar|Escherichia_coli_O157:H7	44.9	1229	1112
GCF_051912485_1__nxrA__NZ_CP196822.1_593	Q8ZP37|narG|nar|Salmonella_typhimurium	45.1	1225	1107
GCF_051912485_1__nxrA__NZ_CP196822.1_593	Q6GUE5|narG|nar|Halomonas_maura	45.1	1238	1106
GCF_051912485_1__nxrA__NZ_CP196822.1_593	P9WJQ3|narG|nar|Mycobacterium_tuberculosis	44.5	1218	1039
GCF_051912485_1__nxrA__NZ_CP196822.1_593	Q75TJ6|narG|nar|Geobacillus_stearothermophilus	44.0	1032	932
GCF_051912485_1__nxrA__NZ_CP196822.1_593	A0A0M2UVV1|nxrA|nxr|Candidatus_Brocadia_fulgida	22.8	606	117
GCF_051912485_1__nxrA__NZ_CP196822.1_593	A0ABM8RCK9|nxrA|nxr|Nitrospira_defluvii	21.4	635	103
GCF_051912485_1__nxrA__NZ_CP196822.1_593	A0A0S4LQF4|nxrA|nxr|Candidatus_Nitrospira_nitrificans	22.0	640	103
GCF_051912485_1__nxrA__NZ_CP196822.1_593	A0ABM9HBT2|nxrA|nxr|Nitrospina_watsonii	25.5	365	99.8
GCF_051912485_1__nxrA__NZ_CP196822.1_593	A0A1W1I5V4|nxrA|nxr|Nitrospira_japonica	19.6	867	99.0
GCF_051912485_1__nxrA__NZ_CP196822.1_593	A0A0S4KRS1|nxrA|nxr|Candidatus_Nitrospira_inopinata	21.0	630	95.9
GCF_051912485_1__nxrA__NZ_CP196822.1_593	A0ABN8AJF8|nxrA|nxr|Candidatus_Nitrotoga_arctica	22.9	602	92.8
GCF_051912485_1__narG__NZ_CP196822.1_138	Q3SUK2|nxrA|nxr|Nitrobacter_winogradskyi_Nb-255	96.0	1214	2495
GCF_051912485_1__narG__NZ_CP196822.1_138	A0ACC6ADH6|nxrA|nxr|Nitrobacter_winogradskyi	92.2	1214	2411
GCF_051912485_1__narG__NZ_CP196822.1_138	Q1QPP1|nxrA|nxr|Nitrobacter_hamburgensis_X14	90.8	1214	2377
GCF_051912485_1__narG__NZ_CP196822.1_138	A4BM17|nxrA|nxr|Nitrococcus_mobilis_Nb-231	69.1	1220	1844
GCF_051912485_1__narG__NZ_CP196822.1_138	A0A894Z0L1|nxrA|nxr|Nitrolancea_hollandica	67.0	1223	1780
GCF_051912485_1__narG__NZ_CP196822.1_138	O06459|narG|nar|Thermus_thermophilus	57.9	1210	1479
GCF_051912485_1__narG__NZ_CP196822.1_138	P42175|narG|nar|Bacillus_subtilis	46.0	1210	1142
GCF_051912485_1__narG__NZ_CP196822.1_138	G3XCX1|narG|nar|Pseudomonas_aeruginosa	46.8	1232	1135
GCF_051912485_1__narG__NZ_CP196822.1_138	Q8XDC8|narG|nar|Escherichia_coli_O157:H7	45.2	1229	1109
GCF_051912485_1__narG__NZ_CP196822.1_138	Q8ZP37|narG|nar|Salmonella_typhimurium	45.6	1225	1106
GCF_051912485_1__narG__NZ_CP196822.1_138	Q6GUE5|narG|nar|Halomonas_maura	45.3	1239	1104
GCF_051912485_1__narG__NZ_CP196822.1_138	P9WJQ3|narG|nar|Mycobacterium_tuberculosis	44.1	1218	1029
GCF_051912485_1__narG__NZ_CP196822.1_138	Q75TJ6|narG|nar|Geobacillus_stearothermophilus	44.4	1032	940
GCF_051912485_1__narG__NZ_CP196822.1_138	A0A0M2UVV1|nxrA|nxr|Candidatus_Brocadia_fulgida	22.9	606	120
GCF_051912485_1__narG__NZ_CP196822.1_138	A0A0S4LQF4|nxrA|nxr|Candidatus_Nitrospira_nitrificans	21.6	639	104
GCF_051912485_1__narG__NZ_CP196822.1_138	A0ABM8RCK9|nxrA|nxr|Nitrospira_defluvii	21.7	631	103
GCF_051912485_1__narG__NZ_CP196822.1_138	A0ABM9HBT2|nxrA|nxr|Nitrospina_watsonii	23.7	379	101
GCF_051912485_1__narG__NZ_CP196822.1_138	A0A1W1I5V4|nxrA|nxr|Nitrospira_japonica	21.2	628	98.2
GCF_051912485_1__narG__NZ_CP196822.1_138	A0A0S4KRS1|nxrA|nxr|Candidatus_Nitrospira_inopinata	21.0	630	97.1
GCF_051912485_1__narG__NZ_CP196822.1_138	A0ABN8AJF8|nxrA|nxr|Candidatus_Nitrotoga_arctica	23.5	605	89.4
GCF_947487305_1__narG__NZ_CANKWH010000009.1_141	Q6GUE5|narG|nar|Halomonas_maura	67.6	1258	1809
GCF_947487305_1__narG__NZ_CANKWH010000009.1_141	Q8ZP37|narG|nar|Salmonella_typhimurium	67.3	1249	1791
GCF_947487305_1__narG__NZ_CANKWH010000009.1_141	Q8XDC8|narG|nar|Escherichia_coli_O157:H7	66.9	1249	1786
GCF_947487305_1__narG__NZ_CANKWH010000009.1_141	G3XCX1|narG|nar|Pseudomonas_aeruginosa	66.5	1247	1770
GCF_947487305_1__narG__NZ_CANKWH010000009.1_141	P42175|narG|nar|Bacillus_subtilis	49.9	1249	1280
GCF_947487305_1__narG__NZ_CANKWH010000009.1_141	O06459|narG|nar|Thermus_thermophilus	50.4	1212	1189
GCF_947487305_1__narG__NZ_CANKWH010000009.1_141	P9WJQ3|narG|nar|Mycobacterium_tuberculosis	48.4	1203	1172
GCF_947487305_1__narG__NZ_CANKWH010000009.1_141	Q1QPP1|nxrA|nxr|Nitrobacter_hamburgensis_X14	47.3	1224	1152
GCF_947487305_1__narG__NZ_CANKWH010000009.1_141	A4BM17|nxrA|nxr|Nitrococcus_mobilis_Nb-231	47.2	1232	1125
GCF_947487305_1__narG__NZ_CANKWH010000009.1_141	A0ACC6ADH6|nxrA|nxr|Nitrobacter_winogradskyi	46.6	1224	1123
GCF_947487305_1__narG__NZ_CANKWH010000009.1_141	Q3SUK2|nxrA|nxr|Nitrobacter_winogradskyi_Nb-255	45.9	1224	1115
GCF_947487305_1__narG__NZ_CANKWH010000009.1_141	A0A894Z0L1|nxrA|nxr|Nitrolancea_hollandica	46.2	1239	1091
GCF_947487305_1__narG__NZ_CANKWH010000009.1_141	Q75TJ6|narG|nar|Geobacillus_stearothermophilus	51.6	1040	1071
GCF_947487305_1__narG__NZ_CANKWH010000009.1_141	A0A0S4LQF4|nxrA|nxr|Candidatus_Nitrospira_nitrificans	21.3	872	137
GCF_947487305_1__narG__NZ_CANKWH010000009.1_141	A0ABM9HBT2|nxrA|nxr|Nitrospina_watsonii	23.3	640	130
GCF_947487305_1__narG__NZ_CANKWH010000009.1_141	A0A1W1I5V4|nxrA|nxr|Nitrospira_japonica	21.3	868	126
GCF_947487305_1__narG__NZ_CANKWH010000009.1_141	A0ABN8AJF8|nxrA|nxr|Candidatus_Nitrotoga_arctica	24.6	613	126
GCF_947487305_1__narG__NZ_CANKWH010000009.1_141	A0A0M2UVV1|nxrA|nxr|Candidatus_Brocadia_fulgida	22.2	868	123
GCF_947487305_1__narG__NZ_CANKWH010000009.1_141	A0A0S4KRS1|nxrA|nxr|Candidatus_Nitrospira_inopinata	20.6	862	119
GCF_947487305_1__narG__NZ_CANKWH010000009.1_141	A0ABM8RCK9|nxrA|nxr|Nitrospira_defluvii	21.5	871	116
