sample	family	count
GCA_000403075_1	NR	1
GCA_000403075_1	asnB	2
GCA_000403075_1	gdh_K15371	1
GCA_000403075_1	glnA	1
GCA_000403075_1	glsA	1
GCA_000403075_1	gs_K00284	1
GCA_000403075_1	napA	1
GCA_000403075_1	nasA	1
GCA_000403075_1	nirA	1
GCA_000403075_1	nirD	1
GCA_000403075_1	nirK	1
GCA_000403075_1	nirS	2
GCA_000403075_1	nmo	1
GCA_000403075_1	nosZ	1
GCA_000403075_1	nrfC	2
GCA_000403075_1	ureC	1
GCA_000405805_1	NR	1
GCA_000405805_1	ansB	1
GCA_000405805_1	gdh_K00262	2
GCA_000405805_1	gdh_K15371	1
GCA_000405805_1	glsA	2
GCA_000405805_1	narC	1
GCA_000405805_1	nasA	1
GCA_000405805_1	nmo	2
GCA_000405805_1	norC	1
GCA_000522425_1	NR	7
GCA_000522425_1	ansB	2
GCA_000522425_1	asnB	14
GCA_000522425_1	gdh_K00261	7
GCA_000522425_1	gdh_K00262	6
GCA_000522425_1	gdh_K15371	1
GCA_000522425_1	glnA	7
GCA_000522425_1	glsA	9
GCA_000522425_1	gs_K00266	10
GCA_000522425_1	gs_K00284	1
GCA_000522425_1	hao	1
GCA_000522425_1	napC	1
GCA_000522425_1	narB	1
GCA_000522425_1	narC	1
GCA_000522425_1	narJ	1
GCA_000522425_1	narZ	1
GCA_000522425_1	nasA	6
GCA_000522425_1	nirA	1
GCA_000522425_1	nirB	5
GCA_000522425_1	nirD	9
GCA_000522425_1	nirK	5
GCA_000522425_1	nmo	8
GCA_000522425_1	norB	1
GCA_000522425_1	nosZ	8
GCA_000522425_1	nrfC	3
GCA_000522425_1	ureC	8
GCA_000739515_1	NR	1
GCA_000739515_1	ansB	1
GCA_000739515_1	asnB	9
GCA_000739515_1	gdh_K00261	2
GCA_000739515_1	gdh_K00262	4
GCA_000739515_1	glnA	1
GCA_000739515_1	glsA	6
GCA_000739515_1	gs_K00265	1
GCA_000739515_1	gs_K00266	17
GCA_000739515_1	gs_K00284	1
GCA_000739515_1	hcp	1
GCA_000739515_1	narH	1
GCA_000739515_1	nasA	1
GCA_000739515_1	nifD	2
GCA_000739515_1	nifH	1
GCA_000739515_1	nifK	2
GCA_000739515_1	nirA	1
GCA_000739515_1	nirB	2
GCA_000739515_1	nirS	1
GCA_000739515_1	nmo	5
GCA_000739515_1	nosZ	1
GCA_000739515_1	ureC	1
GCA_001180325_1	asnB	2
GCA_001180325_1	gdh_K00262	1
GCA_001180325_1	gdh_K15371	1
GCA_001180325_1	glnA	3
GCA_001180325_1	gs_K00266	2
GCA_001180325_1	gs_K00284	2
GCA_001180325_1	narC	1
GCA_001180325_1	nasA	1
GCA_001180325_1	nirB	1
GCA_001180325_1	nirD	1
GCA_001180325_1	nmo	1
GCA_001180325_1	ureA	1
GCA_001180325_1	ureB	1
GCA_001180325_1	ureC	1
GCA_001302835_1	NR	1
GCA_001302835_1	asnB	3
GCA_001302835_1	gdh_K00261	1
GCA_001302835_1	gdh_K00262	2
GCA_001302835_1	gdh_K15371	1
GCA_001302835_1	glnA	1
GCA_001302835_1	glsA	2
GCA_001302835_1	gs_K00266	14
GCA_001302835_1	hao	1
GCA_001302835_1	nmo	5
GCA_001304035_1	asnB	1
GCA_001304035_1	gdh_K00261	1
GCA_001304035_1	gdh_K00262	1
GCA_001304035_1	gdh_K15371	1
GCA_001304035_1	glnA	2
GCA_001304035_1	glsA	4
GCA_001304035_1	gs_K00266	13
GCA_001304035_1	nasA	2
GCA_001304035_1	nirD	1
GCA_001304035_1	nirK	1
GCA_001304035_1	nmo	3
GCA_001304035_1	nosZ	1
GCA_001304035_1	nrfC	1
GCA_001304035_1	ureC	1
GCA_001443445_1	asnB	6
GCA_001443445_1	gdh_K00261	1
GCA_001443445_1	gdh_K15371	1
GCA_001443445_1	glnA	1
GCA_001443445_1	glsA	1
GCA_001443445_1	gs_K00266	3
GCA_001443445_1	gs_K00284	1
GCA_001443445_1	narC	1
GCA_001443445_1	narG	1
GCA_001443445_1	narH	1
GCA_001443445_1	nasA	1
GCA_001443445_1	nirA	1
GCA_001443445_1	nirB	2
GCA_001443445_1	nirD	3
GCA_001443445_1	nirK	3
GCA_001443445_1	nirS	1
GCA_001443445_1	nmo	5
GCA_001443445_1	norC	2
GCA_001443445_1	nosZ	2
GCA_001443445_1	nrfC	2
GCA_001443445_1	nrfD	1
GCA_001567115_1	NR	1
GCA_001567115_1	asnB	4
GCA_001567115_1	gdh_K00261	1
GCA_001567115_1	gdh_K00262	2
GCA_001567115_1	gdh_K15371	1
GCA_001567115_1	glnA	3
GCA_001567115_1	glsA	2
GCA_001567115_1	gs_K00264	1
GCA_001567115_1	gs_K00266	6
GCA_001567115_1	narB	1
GCA_001567115_1	narC	1
GCA_001567115_1	narG	1
GCA_001567115_1	narH	1
GCA_001567115_1	narI	1
GCA_001567115_1	narJ	1
GCA_001567115_1	nasA	1
GCA_001567115_1	nirA	1
GCA_001567115_1	nmo	3
GCA_001567115_1	norB	2
GCA_001567115_1	nrfA	1
GCA_001567115_1	nrfC	5
GCA_001730085_1	asnB	1
GCA_001730085_1	gdh_K00261	1
GCA_001730085_1	gdh_K15371	1
GCA_001730085_1	glnA	2
GCA_001730085_1	glsA	1
GCA_001730085_1	gs_K00265	1
GCA_001730085_1	gs_K00266	1
GCA_001730085_1	narC	1
GCA_001730085_1	narH	3
GCA_001730085_1	nasA	1
GCA_001730085_1	nifH	1
GCA_001730085_1	nirA	1
GCA_001730085_1	nmo	3
GCA_001771425_1	asnB	1
GCA_001771425_1	gdh_K15371	1
GCA_001771425_1	glnA	3
GCA_001771425_1	gs_K00266	3
GCA_001771425_1	gs_K00284	1
GCA_001771425_1	hcp	2
GCA_001771425_1	narJ	1
GCA_001771425_1	nasA	2
GCA_001771425_1	nmo	3
GCA_001771425_1	nrfC	1
GCA_001771425_1	ureA	1
GCA_001782795_1	NR	2
GCA_001782795_1	asnB	6
GCA_001782795_1	gdh_K00261	2
GCA_001782795_1	gdh_K00262	3
GCA_001782795_1	gdh_K15371	4
GCA_001782795_1	glnA	2
GCA_001782795_1	glsA	3
GCA_001782795_1	gs_K00266	7
GCA_001782795_1	gs_K00284	1
GCA_001782795_1	napA	1
GCA_001782795_1	narB	1
GCA_001782795_1	narC	1
GCA_001782795_1	narG	1
GCA_001782795_1	nasA	2
GCA_001782795_1	nirA	2
GCA_001782795_1	nirB	1
GCA_001782795_1	nirD	2
GCA_001782795_1	nirS	1
GCA_001782795_1	nmo	2
GCA_001782795_1	norC	2
GCA_001782795_1	nosZ	1
GCA_001782795_1	nrfA	1
GCA_001782795_1	nrfC	5
GCA_001782795_1	nxrB	1
GCA_001782795_1	ureC	1
GCA_001790675_1	asnB	3
GCA_001790675_1	gdh_K00261	1
GCA_001790675_1	gdh_K00262	2
GCA_001790675_1	gdh_K15371	1
GCA_001790675_1	glnA	1
GCA_001790675_1	glsA	1
GCA_001790675_1	gs_K00265	1
GCA_001790675_1	gs_K00266	9
GCA_001790675_1	hao	1
GCA_001790675_1	hcp	1
GCA_001790675_1	napA	3
GCA_001790675_1	napC	1
GCA_001790675_1	narC	3
GCA_001790675_1	narG	1
GCA_001790675_1	nasA	2
GCA_001790675_1	nirB	1
GCA_001790675_1	nmo	4
GCA_001790675_1	norC	1
GCA_001790675_1	nosZ	1
GCA_001790675_1	nrfA	1
GCA_001790675_1	nrfC	4
GCA_001790675_1	nrfD	1
GCA_001797465_1	NR	1
GCA_001797465_1	asnB	1
GCA_001797465_1	gdh_K00261	1
GCA_001797465_1	gdh_K00262	3
GCA_001797465_1	gdh_K15371	1
GCA_001797465_1	glnA	3
GCA_001797465_1	glsA	4
GCA_001797465_1	gs_K00265	1
GCA_001797465_1	gs_K00266	7
GCA_001797465_1	hao	1
GCA_001797465_1	napA	2
GCA_001797465_1	napC	2
GCA_001797465_1	narC	1
GCA_001797465_1	narG	1
GCA_001797465_1	narH	1
GCA_001797465_1	narI	1
GCA_001797465_1	narJ	1
GCA_001797465_1	nasA	1
GCA_001797465_1	nirB	3
GCA_001797465_1	nirK	1
GCA_001797465_1	nirS	1
GCA_001797465_1	nmo	2
GCA_001797465_1	norC	1
GCA_001797465_1	nosZ	1
GCA_001797465_1	nrfC	1
GCA_001799195_1	asnB	4
GCA_001799195_1	gdh_K00262	3
GCA_001799195_1	gdh_K15371	1
GCA_001799195_1	glnA	4
GCA_001799195_1	glsA	6
GCA_001799195_1	gs_K00266	8
GCA_001799195_1	narI	1
GCA_001799195_1	nasA	3
GCA_001799195_1	nmo	6
GCA_001799195_1	nrfA	1
GCA_001799195_1	nrfC	3
GCA_001803565_1	NR	1
GCA_001803565_1	asnB	6
GCA_001803565_1	gdh_K00261	1
GCA_001803565_1	gdh_K00262	3
GCA_001803565_1	gdh_K15371	2
GCA_001803565_1	glnA	3
GCA_001803565_1	glsA	1
GCA_001803565_1	gs_K00265	1
GCA_001803565_1	gs_K00266	14
GCA_001803565_1	hao	1
GCA_001803565_1	napA	3
GCA_001803565_1	narC	2
GCA_001803565_1	narG	9
GCA_001803565_1	narH	2
GCA_001803565_1	narJ	1
GCA_001803565_1	narZ	2
GCA_001803565_1	nasA	2
GCA_001803565_1	nifD	1
GCA_001803565_1	nifH	5
GCA_001803565_1	nifK	1
GCA_001803565_1	nirB	2
GCA_001803565_1	nirS	2
GCA_001803565_1	nmo	10
GCA_001803565_1	norB	1
GCA_001803565_1	norC	1
GCA_001803565_1	nosZ	1
GCA_001803565_1	nrfC	8
GCA_001803565_1	nrfD	1
GCA_001803565_1	nxrB	1
GCA_001871015_1	asnB	3
GCA_001871015_1	gdh_K00260	1
GCA_001871015_1	gdh_K00261	1
GCA_001871015_1	gdh_K00262	1
GCA_001871015_1	gdh_K15371	1
GCA_001871015_1	glnA	1
GCA_001871015_1	glsA	2
GCA_001871015_1	gs_K00266	6
GCA_001871015_1	narJ	1
GCA_001871015_1	nifH	1
GCA_001871015_1	nifK	1
GCA_001871015_1	nmo	2
GCA_001871015_1	nosZ	1
GCA_001871015_1	nrfC	2
GCA_001871075_1	asnB	5
GCA_001871075_1	gdh_K00261	2
GCA_001871075_1	gdh_K15371	1
GCA_001871075_1	glnA	2
GCA_001871075_1	glsA	2
GCA_001871075_1	gs_K00265	1
GCA_001871075_1	gs_K00266	4
GCA_001871075_1	narJ	1
GCA_001871075_1	nifH	1
GCA_001871075_1	nmo	2
GCA_001871075_1	nrfC	1
GCA_001872885_1	ansB	1
GCA_001872885_1	asnB	1
GCA_001872885_1	gdh_K00262	1
GCA_002010385_1	NR	1
GCA_002010385_1	gdh_K00261	2
GCA_002010385_1	gdh_K15371	1
GCA_002010385_1	glnA	3
GCA_002010385_1	glsA	1
GCA_002010385_1	gs_K00266	10
GCA_002010385_1	hao	1
GCA_002010385_1	hcp	1
GCA_002010385_1	nasA	1
GCA_002010385_1	nifH	1
GCA_002010385_1	nirB	1
GCA_002010385_1	nmo	4
GCA_002010385_1	nosZ	2
GCA_002010385_1	nrfC	1
GCA_002010385_1	ureC	1
GCA_002067565_1	NR	1
GCA_002067565_1	ansB	1
GCA_002067565_1	asnB	3
GCA_002067565_1	gdh_K00261	1
GCA_002067565_1	gdh_K00262	1
GCA_002067565_1	glnA	3
GCA_002067565_1	gs_K00264	1
GCA_002067565_1	gs_K00266	3
GCA_002067565_1	hcp	1
GCA_002067565_1	nasA	5
GCA_002067565_1	nifD	2
GCA_002067565_1	nifH	3
GCA_002067565_1	nifK	5
GCA_002067565_1	nirB	1
GCA_002067565_1	nmo	1
GCA_002067565_1	nosZ	1
GCA_002083355_1	NR	4
GCA_002083355_1	amoA_B	1
GCA_002083355_1	amoB_B	1
GCA_002083355_1	asnB	3
GCA_002083355_1	gdh_K00261	1
GCA_002083355_1	gdh_K00262	1
GCA_002083355_1	gdh_K15371	2
GCA_002083355_1	glnA	3
GCA_002083355_1	gs_K00265	1
GCA_002083355_1	gs_K00266	5
GCA_002083355_1	hao	2
GCA_002083355_1	napC	1
GCA_002083355_1	narG	3
GCA_002083355_1	nirA	1
GCA_002083355_1	nirB	1
GCA_002083355_1	nirD	3
GCA_002083355_1	nirK	1
GCA_002083355_1	nirS	2
GCA_002083355_1	nmo	8
GCA_002083355_1	norC	1
GCA_002083355_1	nxrB	3
GCA_002083355_1	ureA	1
GCA_002083355_1	ureB	1
GCA_002083355_1	ureC	1
GCA_002084765_1	ansB	1
GCA_002084765_1	asnB	2
GCA_002084765_1	gdh_K00262	1
GCA_002084765_1	gdh_K15371	1
GCA_002084765_1	glnA	2
GCA_002084765_1	glsA	4
GCA_002084765_1	gs_K00266	7
GCA_002084765_1	hao	2
GCA_002084765_1	hcp	1
GCA_002084765_1	napA	1
GCA_002084765_1	nasA	1
GCA_002084765_1	nirA	1
GCA_002084765_1	nirD	1
GCA_002084765_1	nmo	3
GCA_002084765_1	nosZ	3
GCA_002084765_1	nrfC	2
GCA_002084765_1	nrfD	1
GCA_002320695_1	NR	4
GCA_002320695_1	ansB	2
GCA_002320695_1	asnB	3
GCA_002320695_1	gdh_K00261	3
GCA_002320695_1	gdh_K00262	4
GCA_002320695_1	gdh_K15371	1
GCA_002320695_1	glnA	8
GCA_002320695_1	glsA	10
GCA_002320695_1	gs_K00266	1
GCA_002320695_1	gs_K00284	1
GCA_002320695_1	napA	1
GCA_002320695_1	narB	1
GCA_002320695_1	nasA	3
GCA_002320695_1	nirA	1
GCA_002320695_1	nirB	1
GCA_002320695_1	nirD	3
GCA_002320695_1	nmo	5
GCA_002320695_1	norB	1
GCA_002320695_1	nosZ	1
GCA_002320695_1	nrfC	1
GCA_002320695_1	ureC	2
GCA_002347965_1	NR	1
GCA_002347965_1	asnB	1
GCA_002347965_1	gdh_K00261	1
GCA_002347965_1	gdh_K00262	1
GCA_002347965_1	gdh_K15371	1
GCA_002347965_1	glnA	2
GCA_002347965_1	gs_K00265	1
GCA_002347965_1	gs_K00266	6
GCA_002347965_1	hao	1
GCA_002347965_1	hcp	1
GCA_002347965_1	napA	2
GCA_002347965_1	narC	2
GCA_002347965_1	narJ	1
GCA_002347965_1	nasA	1
GCA_002347965_1	nifD	4
GCA_002347965_1	nifH	1
GCA_002347965_1	nifK	2
GCA_002347965_1	nifW	1
GCA_002347965_1	nirD	1
GCA_002347965_1	nirK	1
GCA_002347965_1	nmo	5
GCA_002347965_1	nosZ	1
GCA_002347965_1	nrfC	3
GCA_002382735_1	ansB	1
GCA_002382735_1	asnB	2
GCA_002382735_1	gdh_K00261	1
GCA_002382735_1	gdh_K00262	2
GCA_002382735_1	gdh_K15371	1
GCA_002382735_1	glnA	5
GCA_002382735_1	glsA	2
GCA_002382735_1	gs_K00266	4
GCA_002382735_1	hcp	1
GCA_002382735_1	napA	1
GCA_002382735_1	nasA	1
GCA_002382735_1	nmo	6
GCA_002382735_1	nosZ	1
GCA_002398225_1	gdh_K00261	1
GCA_002398225_1	gdh_K00262	1
GCA_002398225_1	gdh_K15371	1
GCA_002398225_1	glnA	2
GCA_002398225_1	glsA	1
GCA_002398225_1	gs_K00266	8
GCA_002398225_1	hcp	1
GCA_002398225_1	nasA	1
GCA_002398225_1	nmo	4
GCA_002398225_1	nosZ	1
GCA_002403115_1	NR	1
GCA_002403115_1	ansB	1
GCA_002403115_1	asnB	2
GCA_002403115_1	gdh_K00261	1
GCA_002403115_1	gdh_K15371	1
GCA_002403115_1	glnA	3
GCA_002403115_1	glsA	4
GCA_002403115_1	gs_K00266	7
GCA_002403115_1	hcp	2
GCA_002403115_1	narJ	1
GCA_002403115_1	nmo	5
GCA_002403115_1	nrfC	1
GCA_002428525_1	NR	1
GCA_002428525_1	ansB	1
GCA_002428525_1	gdh_K00262	1
GCA_002428525_1	gdh_K15371	1
GCA_002428525_1	glnA	1
GCA_002428525_1	glsA	1
GCA_002428525_1	gs_K00266	5
GCA_002428525_1	hcp	2
GCA_002428525_1	nmo	4
GCA_002428525_1	nosZ	1
GCA_002428525_1	nrfC	1
GCA_002428525_1	ureC	1
GCA_002441095_1	asnB	3
GCA_002441095_1	gdh_K00262	1
GCA_002441095_1	gdh_K15371	1
GCA_002441095_1	glnA	2
GCA_002441095_1	glsA	1
GCA_002441095_1	gs_K00265	1
GCA_002441095_1	gs_K00266	8
GCA_002441095_1	hcp	1
GCA_002441095_1	nirB	1
GCA_002441095_1	nmo	4
GCA_002452335_1	NR	1
GCA_002452335_1	anfG	1
GCA_002452335_1	asnB	1
GCA_002452335_1	gdh_K00262	1
GCA_002452335_1	gdh_K15371	2
GCA_002452335_1	glnA	1
GCA_002452335_1	glsA	2
GCA_002452335_1	gs_K00265	1
GCA_002452335_1	gs_K00266	12
GCA_002452335_1	hao	1
GCA_002452335_1	hcp	1
GCA_002452335_1	napA	3
GCA_002452335_1	narB	1
GCA_002452335_1	nasA	1
GCA_002452335_1	nifD	4
GCA_002452335_1	nifH	2
GCA_002452335_1	nifK	3
GCA_002452335_1	nirB	1
GCA_002452335_1	nirS	1
GCA_002452335_1	nmo	6
GCA_002452335_1	nosZ	1
GCA_002452335_1	nrfA	1
GCA_002452335_1	nrfC	5
GCA_002452335_1	nrfD	1
GCA_002898315_1	asnB	2
GCA_002898315_1	gdh_K00260	1
GCA_002898315_1	gdh_K15371	1
GCA_002898315_1	glnA	1
GCA_002898315_1	glsA	1
GCA_002898315_1	gs_K00266	1
GCA_002898315_1	gs_K00284	1
GCA_002898315_1	napA	1
GCA_002898315_1	narC	1
GCA_002898315_1	narH	1
GCA_002898315_1	nasA	1
GCA_002898315_1	nirA	1
GCA_002898315_1	nirB	1
GCA_002898315_1	nirD	1
GCA_002898315_1	nirS	3
GCA_002898315_1	nmo	1
GCA_002898315_1	nosZ	2
GCA_002898315_1	nrfC	3
GCA_003232385_1	NR	1
GCA_003232385_1	gdh_K15371	1
GCA_003232385_1	glnA	1
GCA_003232385_1	glsA	1
GCA_003232385_1	gs_K00265	1
GCA_003232385_1	gs_K00266	8
GCA_003232385_1	hcp	1
GCA_003232385_1	napA	1
GCA_003232385_1	nasA	2
GCA_003232385_1	nasB	1
GCA_003232385_1	nifD	3
GCA_003232385_1	nifH	1
GCA_003232385_1	nifK	3
GCA_003232385_1	nirB	2
GCA_003232385_1	nmo	3
GCA_003232385_1	norC	1
GCA_003232385_1	nosZ	1
GCA_003232385_1	nrfC	1
GCA_003252515_1	asnB	2
GCA_003252515_1	gdh_K00261	1
GCA_003252515_1	gdh_K00262	2
GCA_003252515_1	gdh_K15371	2
GCA_003252515_1	glnA	3
GCA_003252515_1	glsA	3
GCA_003252515_1	gs_K00266	10
GCA_003252515_1	hcp	1
GCA_003252515_1	napA	1
GCA_003252515_1	nmo	5
GCA_003327425_1	NR	1
GCA_003327425_1	ansB	1
GCA_003327425_1	asnB	5
GCA_003327425_1	gdh_K00261	2
GCA_003327425_1	gdh_K00262	4
GCA_003327425_1	gdh_K15371	1
GCA_003327425_1	glnA	2
GCA_003327425_1	glsA	4
GCA_003327425_1	gs_K00266	11
GCA_003327425_1	hao	3
GCA_003327425_1	hcp	1
GCA_003327425_1	nirD	1
GCA_003327425_1	nirS	1
GCA_003327425_1	nmo	6
GCA_003327425_1	nrfC	2
GCA_003505155_1	ansB	1
GCA_003505155_1	gdh_K00261	1
GCA_003505155_1	glsA	1
GCA_003505155_1	nirB	2
GCA_003505155_1	nosZ	1
GCA_003558335_1	NR	2
GCA_003558335_1	asnB	3
GCA_003558335_1	gdh_K00261	1
GCA_003558335_1	glnA	3
GCA_003558335_1	gs_K00264	1
GCA_003558335_1	gs_K00266	5
GCA_003558335_1	nifD	1
GCA_003558335_1	nifH	1
GCA_003558335_1	nifK	1
GCA_003558335_1	nirB	1
GCA_003558335_1	nmo	1
GCA_003558335_1	nrfC	1
GCA_003558985_1	ansB	1
GCA_003558985_1	asnB	3
GCA_003558985_1	gdh_K00261	1
GCA_003558985_1	gdh_K00262	2
GCA_003558985_1	gdh_K15371	1
GCA_003558985_1	glnA	1
GCA_003558985_1	glsA	1
GCA_003558985_1	gs_K00266	7
GCA_003558985_1	hcp	1
GCA_003558985_1	nirB	1
GCA_003558985_1	nmo	2
GCA_003558985_1	ureA	2
GCA_003598085_1	asnB	2
GCA_003598085_1	gdh_K00261	2
GCA_003598085_1	gdh_K00262	5
GCA_003598085_1	gdh_K15371	1
GCA_003598085_1	glnA	7
GCA_003598085_1	glsA	4
GCA_003598085_1	gs_K00265	1
GCA_003598085_1	gs_K00266	27
GCA_003598085_1	hao	3
GCA_003598085_1	hcp	1
GCA_003598085_1	napA	1
GCA_003598085_1	narB	1
GCA_003598085_1	narC	2
GCA_003598085_1	narG	6
GCA_003598085_1	narH	2
GCA_003598085_1	narJ	2
GCA_003598085_1	nasA	4
GCA_003598085_1	nifH	1
GCA_003598085_1	nifK	1
GCA_003598085_1	nirA	2
GCA_003598085_1	nirB	4
GCA_003598085_1	nirK	3
GCA_003598085_1	nirS	2
GCA_003598085_1	nmo	11
GCA_003598085_1	norC	1
GCA_003598085_1	nrfC	7
GCA_003598085_1	nxrB	1
GCA_003647755_1	asnB	2
GCA_003647755_1	gdh_K00261	1
GCA_003647755_1	gdh_K00262	3
GCA_003647755_1	gdh_K15371	3
GCA_003647755_1	glnA	1
GCA_003647755_1	glsA	1
GCA_003647755_1	gs_K00266	5
GCA_003647755_1	hcp	1
GCA_003647755_1	napA	1
GCA_003647755_1	nasA	1
GCA_003647755_1	nirB	2
GCA_003647755_1	nirS	1
GCA_003647755_1	nmo	7
GCA_003647755_1	nosZ	1
GCA_003647755_1	ureC	1
GCA_003695725_1	asnB	2
GCA_003695725_1	gdh_K00261	4
GCA_003695725_1	gdh_K00262	5
GCA_003695725_1	gdh_K15371	1
GCA_003695725_1	glnA	3
GCA_003695725_1	glsA	1
GCA_003695725_1	gs_K00265	1
GCA_003695725_1	gs_K00266	13
GCA_003695725_1	hcp	1
GCA_003695725_1	napA	2
GCA_003695725_1	narB	1
GCA_003695725_1	narC	2
GCA_003695725_1	narH	1
GCA_003695725_1	narJ	1
GCA_003695725_1	nasA	2
GCA_003695725_1	nifD	2
GCA_003695725_1	nifH	2
GCA_003695725_1	nifK	1
GCA_003695725_1	nirA	1
GCA_003695725_1	nirB	1
GCA_003695725_1	nirS	1
GCA_003695725_1	nmo	5
GCA_003695725_1	nrfC	5
GCA_003702495_1	amoA_A	1
GCA_003702495_1	ansB	1
GCA_003702495_1	asnB	3
GCA_003702495_1	gdh_K00261	2
GCA_003702495_1	glnA	2
GCA_003702495_1	glsA	1
GCA_003702495_1	narC	1
GCA_003702495_1	nirA	1
GCA_003702495_1	nirB	1
GCA_003702495_1	nirD	2
GCA_003702495_1	nirK	3
GCA_003702495_1	nmo	3
GCA_005776525_1	amoA_A	1
GCA_005776525_1	amoB_A	1
GCA_005776525_1	amoC_A	1
GCA_005776525_1	ansB	1
GCA_005776525_1	asnB	3
GCA_005776525_1	gdh_K00261	1
GCA_005776525_1	gdh_K00262	1
GCA_005776525_1	glnA	1
GCA_005776525_1	glsA	1
GCA_005776525_1	nirA	1
GCA_005776525_1	nirB	1
GCA_005776525_1	nirD	2
GCA_005776525_1	nirK	5
GCA_005776525_1	nmo	4
GCA_005882475_1	NR	6
GCA_005882475_1	asnB	3
GCA_005882475_1	gdh_K00261	1
GCA_005882475_1	gdh_K15371	2
GCA_005882475_1	glnA	3
GCA_005882475_1	glsA	3
GCA_005882475_1	gs_K00265	2
GCA_005882475_1	gs_K00266	6
GCA_005882475_1	napA	1
GCA_005882475_1	narB	2
GCA_005882475_1	narC	1
GCA_005882475_1	narH	1
GCA_005882475_1	nasA	2
GCA_005882475_1	nirA	3
GCA_005882475_1	nirD	4
GCA_005882475_1	nirK	3
GCA_005882475_1	nirS	1
GCA_005882475_1	nmo	11
GCA_005882475_1	nosZ	1
GCA_005882475_1	nrfC	1
GCA_005882475_1	ureA	1
GCA_005882475_1	ureB	1
GCA_005882475_1	ureC	3
GCA_008015595_1	NR	1
GCA_008015595_1	amoA_B	1
GCA_008015595_1	amoB_B	1
GCA_008015595_1	amoC_B	1
GCA_008015595_1	asnB	3
GCA_008015595_1	gdh_K00262	1
GCA_008015595_1	gdh_K15371	2
GCA_008015595_1	glnA	2
GCA_008015595_1	glsA	1
GCA_008015595_1	gs_K00266	3
GCA_008015595_1	hao	2
GCA_008015595_1	napC	1
GCA_008015595_1	narJ	1
GCA_008015595_1	nasA	1
GCA_008015595_1	nirA	1
GCA_008015595_1	nirK	2
GCA_008015595_1	nmo	1
GCA_008015595_1	nosZ	1
GCA_008015595_1	nrfC	1
GCA_008015595_1	ureA	1
GCA_008015595_1	ureB	1
GCA_008015595_1	ureC	2
GCA_008933615_1	NR	1
GCA_008933615_1	ansB	2
GCA_008933615_1	asnB	1
GCA_008933615_1	gdh_K00261	1
GCA_008933615_1	gdh_K00262	2
GCA_008933615_1	glnA	4
GCA_008933615_1	glsA	4
GCA_008933615_1	gs_K00266	10
GCA_008933615_1	napA	1
GCA_008933615_1	narC	2
GCA_008933615_1	nasA	2
GCA_008933615_1	nirB	2
GCA_008933615_1	nirD	1
GCA_008933615_1	nmo	6
GCA_008933615_1	nosZ	1
GCA_008933615_1	nrfA	1
GCA_008933615_1	nrfC	3
GCA_008933615_1	nrfD	1
GCA_008933615_1	ureC	1
GCA_011045915_1	NR	2
GCA_011045915_1	ansB	1
GCA_011045915_1	gdh_K00261	1
GCA_011045915_1	gdh_K00262	2
GCA_011045915_1	gdh_K15371	1
GCA_011045915_1	glnA	1
GCA_011045915_1	glsA	1
GCA_011045915_1	gs_K00266	7
GCA_011045915_1	hcp	2
GCA_011045915_1	nasA	1
GCA_011045915_1	nmo	5
GCA_011045915_1	nrfC	1
GCA_011048995_1	NR	1
GCA_011048995_1	ansB	1
GCA_011048995_1	asnB	1
GCA_011048995_1	gdh_K00262	1
GCA_011048995_1	gdh_K15371	2
GCA_011048995_1	glnA	3
GCA_011048995_1	glsA	3
GCA_011048995_1	gs_K00266	4
GCA_011048995_1	hcp	2
GCA_011048995_1	nasA	1
GCA_011048995_1	nirB	1
GCA_011048995_1	nmo	2
GCA_011048995_1	nrfC	2
GCA_011048995_1	ureC	1
GCA_011375275_1	NR	3
GCA_011375275_1	ansB	1
GCA_011375275_1	asnB	4
GCA_011375275_1	gdh_K00261	4
GCA_011375275_1	gdh_K00262	3
GCA_011375275_1	glnA	4
GCA_011375275_1	glsA	2
GCA_011375275_1	gs_K00264	2
GCA_011375275_1	gs_K00265	1
GCA_011375275_1	gs_K00266	7
GCA_011375275_1	hao	2
GCA_011375275_1	hzsA	1
GCA_011375275_1	napA	2
GCA_011375275_1	napB	1
GCA_011375275_1	narC	1
GCA_011375275_1	narJ	1
GCA_011375275_1	nasA	3
GCA_011375275_1	nirB	1
GCA_011375275_1	nirD	2
GCA_011375275_1	nirK	2
GCA_011375275_1	nmo	7
GCA_011375275_1	norC	2
GCA_011375275_1	nosZ	3
GCA_011375275_1	nrfC	4
GCA_011375275_1	nrfD	1
GCA_011620345_1	NR	1
GCA_011620345_1	asnB	1
GCA_011620345_1	gdh_K00261	1
GCA_011620345_1	gdh_K00262	1
GCA_011620345_1	gdh_K15371	1
GCA_011620345_1	glnA	2
GCA_011620345_1	gs_K00265	1
GCA_011620345_1	gs_K00266	5
GCA_011620345_1	hao	1
GCA_011620345_1	hcp	1
GCA_011620345_1	napA	1
GCA_011620345_1	narC	1
GCA_011620345_1	nasA	1
GCA_011620345_1	nifD	3
GCA_011620345_1	nifH	1
GCA_011620345_1	nifK	2
GCA_011620345_1	nifW	1
GCA_011620345_1	nirK	1
GCA_011620345_1	nmo	4
GCA_011620345_1	nosZ	1
GCA_011620345_1	nrfA	1
GCA_011620345_1	nrfC	3
GCA_011620765_1	NR	2
GCA_011620765_1	ansB	2
GCA_011620765_1	asnB	3
GCA_011620765_1	gdh_K00261	1
GCA_011620765_1	glnA	1
GCA_011620765_1	gs_K00266	5
GCA_011620765_1	napA	1
GCA_011620765_1	nirB	2
GCA_011620765_1	nirD	1
GCA_011620765_1	nmo	3
GCA_011620765_1	nrfC	2
GCA_012026715_1	NR	3
GCA_012026715_1	asnB	5
GCA_012026715_1	gdh_K15371	2
GCA_012026715_1	glnA	1
GCA_012026715_1	glsA	2
GCA_012026715_1	gs_K00265	1
GCA_012026715_1	gs_K00266	3
GCA_012026715_1	hao	1
GCA_012026715_1	napC	1
GCA_012026715_1	nasA	4
GCA_012026715_1	nifD	2
GCA_012026715_1	nifH	1
GCA_012026715_1	nifK	1
GCA_012026715_1	nifW	1
GCA_012026715_1	nirA	1
GCA_012026715_1	nirB	2
GCA_012026715_1	nirD	1
GCA_012026715_1	nirK	2
GCA_012026715_1	nmo	1
GCA_012026715_1	norB	1
GCA_012026715_1	norC	1
GCA_012026715_1	nosZ	1
GCA_012026715_1	nrfC	2
GCA_012026715_1	pmoB	2
GCA_012026715_1	pmoC	4
GCA_012026715_1	ureA	1
GCA_012026715_1	ureB	1
GCA_013036315_1	NR	1
GCA_013036315_1	gdh_K00261	2
GCA_013036315_1	gdh_K00262	1
GCA_013036315_1	gdh_K15371	1
GCA_013036315_1	glnA	3
GCA_013036315_1	glsA	1
GCA_013036315_1	narC	1
GCA_013036315_1	nirB	1
GCA_013036315_1	nirK	2
GCA_013036315_1	norB	1
GCA_013036315_1	nosZ	2
GCA_013114715_1	amoA_A	2
GCA_013114715_1	amoB_A	2
GCA_013114715_1	amoC_A	2
GCA_013114715_1	ansB	1
GCA_013114715_1	asnB	5
GCA_013114715_1	gdh_K00261	2
GCA_013114715_1	glnA	2
GCA_013114715_1	gs_K00266	1
GCA_013114715_1	narC	1
GCA_013114715_1	nirA	1
GCA_013114715_1	nirD	3
GCA_013114715_1	nirK	8
GCA_013114715_1	nmo	2
GCA_013114715_1	ureA	1
GCA_013114715_1	ureB	1
GCA_013114715_1	ureC	1
GCA_013139905_1	ansB	2
GCA_013139905_1	asnB	1
GCA_013139905_1	gdh_K00261	1
GCA_013139905_1	gs_K00266	1
GCA_013139905_1	hcp	1
GCA_013139905_1	nmo	1
GCA_013151235_1	asnB	4
GCA_013151235_1	gdh_K00261	1
GCA_013151235_1	gdh_K00262	2
GCA_013151235_1	gdh_K15371	2
GCA_013151235_1	glnA	2
GCA_013151235_1	glsA	2
GCA_013151235_1	gs_K00265	1
GCA_013151235_1	gs_K00266	9
GCA_013151235_1	hao	2
GCA_013151235_1	hcp	1
GCA_013151235_1	napA	3
GCA_013151235_1	napB	1
GCA_013151235_1	narH	1
GCA_013151235_1	nasA	4
GCA_013151235_1	nifH	1
GCA_013151235_1	nifK	1
GCA_013151235_1	nirB	4
GCA_013151235_1	nmo	5
GCA_013151235_1	norB	1
GCA_013151235_1	norC	3
GCA_013151235_1	nrfC	3
GCA_013153205_1	asnB	1
GCA_013153205_1	gdh_K15371	2
GCA_013153205_1	glnA	1
GCA_013153205_1	glsA	1
GCA_013153205_1	gs_K00266	7
GCA_013153205_1	gs_K00284	1
GCA_013153205_1	napA	1
GCA_013153205_1	narH	1
GCA_013153205_1	narJ	1
GCA_013153205_1	nmo	3
GCA_013153205_1	nosZ	1
GCA_013153205_1	nrfC	1
GCA_013178255_1	gdh_K00262	2
GCA_013178255_1	glnA	2
GCA_013178255_1	gs_K00266	5
GCA_013178255_1	nasA	1
GCA_013178255_1	nmo	3
GCA_013178255_1	nosZ	1
GCA_013178255_1	nrfC	1
GCA_013178255_1	ureC	1
GCA_013203245_1	amoB_A	1
GCA_013203245_1	ansB	1
GCA_013203245_1	asnB	5
GCA_013203245_1	gdh_K00261	2
GCA_013203245_1	glnA	3
GCA_013203245_1	glsA	2
GCA_013203245_1	nirA	1
GCA_013203245_1	nirB	1
GCA_013203245_1	nirD	1
GCA_013203245_1	nirK	8
GCA_013203245_1	nmo	3
GCA_013203245_1	nosZ	1
GCA_013203855_1	NR	2
GCA_013203855_1	asnB	2
GCA_013203855_1	gdh_K00262	7
GCA_013203855_1	gdh_K15371	1
GCA_013203855_1	glnA	1
GCA_013203855_1	glsA	1
GCA_013203855_1	gs_K00265	3
GCA_013203855_1	gs_K00266	9
GCA_013203855_1	nasA	1
GCA_013203855_1	nifK	1
GCA_013203855_1	nirA	2
GCA_013203855_1	nirB	1
GCA_013203855_1	nirS	2
GCA_013203855_1	nmo	4
GCA_013203855_1	nosZ	1
GCA_013203855_1	nrfC	1
GCA_013360445_1	NR	1
GCA_013360445_1	ansB	1
GCA_013360445_1	asnB	7
GCA_013360445_1	gdh_K00261	2
GCA_013360445_1	gdh_K00262	2
GCA_013360445_1	gdh_K15371	1
GCA_013360445_1	glnA	3
GCA_013360445_1	glsA	8
GCA_013360445_1	gs_K00265	1
GCA_013360445_1	gs_K00266	8
GCA_013360445_1	hzsA	1
GCA_013360445_1	napA	1
GCA_013360445_1	narB	1
GCA_013360445_1	narC	1
GCA_013360445_1	narG	1
GCA_013360445_1	narH	1
GCA_013360445_1	narI	1
GCA_013360445_1	narJ	2
GCA_013360445_1	nasA	4
GCA_013360445_1	nasB	1
GCA_013360445_1	nirB	1
GCA_013360445_1	nirD	2
GCA_013360445_1	nirS	1
GCA_013360445_1	nmo	6
GCA_013360445_1	nosZ	1
GCA_013360445_1	nrfA	1
GCA_013360445_1	nrfC	4
GCA_013360445_1	nrfD	1
GCA_014189675_1	NR	1
GCA_014189675_1	ansB	1
GCA_014189675_1	gdh_K00261	1
GCA_014189675_1	nifH	1
GCA_014728125_1	ansB	1
GCA_014728125_1	asnB	2
GCA_014728125_1	gdh_K00261	1
GCA_014728125_1	gdh_K00262	3
GCA_014728125_1	gdh_K15371	1
GCA_014728125_1	glnA	2
GCA_014728125_1	glsA	1
GCA_014728125_1	gs_K00266	8
GCA_014728125_1	hcp	1
GCA_014728125_1	narB	1
GCA_014728125_1	narJ	1
GCA_014728125_1	nirB	1
GCA_014728125_1	nmo	5
GCA_014728125_1	nosZ	1
GCA_014728125_1	ureC	1
GCA_014729705_1	ansB	1
GCA_014729705_1	asnB	4
GCA_014729705_1	glnA	1
GCA_014729705_1	gs_K00264	1
GCA_014729705_1	gs_K00266	5
GCA_014729705_1	hcp	1
GCA_014729705_1	nmo	3
GCA_014729705_1	nosZ	1
GCA_014730175_1	ansB	1
GCA_014730175_1	asnB	2
GCA_014730175_1	gdh_K00261	4
GCA_014730175_1	gdh_K00262	1
GCA_014730175_1	glnA	2
GCA_014730175_1	glsA	1
GCA_014730175_1	gs_K00266	9
GCA_014730175_1	hao	1
GCA_014730175_1	nasA	2
GCA_014730175_1	nirB	1
GCA_014730175_1	nirD	1
GCA_014730175_1	nmo	3
GCA_014730175_1	nosZ	2
GCA_014730175_1	nrfC	2
GCA_014730175_1	ureC	1
GCA_014730185_1	ansB	2
GCA_014730185_1	asnB	3
GCA_014730185_1	gdh_K00261	3
GCA_014730185_1	gdh_K00262	1
GCA_014730185_1	gdh_K15371	1
GCA_014730185_1	glnA	3
GCA_014730185_1	glsA	4
GCA_014730185_1	gs_K00266	12
GCA_014730185_1	hao	2
GCA_014730185_1	napA	1
GCA_014730185_1	narC	1
GCA_014730185_1	nasA	2
GCA_014730185_1	nirA	1
GCA_014730185_1	nirB	1
GCA_014730185_1	nirK	1
GCA_014730185_1	nmo	4
GCA_014730185_1	norB	1
GCA_014730185_1	nrfC	3
GCA_014730185_1	nrfD	1
GCA_015062115_1	gdh_K00262	1
GCA_015062115_1	gdh_K15371	1
GCA_015062115_1	glsA	1
GCA_015062115_1	gs_K00266	3
GCA_015062115_1	hcp	1
GCA_015062115_1	nasA	1
GCA_015062825_1	ansB	1
GCA_015062825_1	asnB	3
GCA_015062825_1	gdh_K00261	1
GCA_015062825_1	gdh_K00262	4
GCA_015062825_1	glnA	2
GCA_015062825_1	gs_K00266	4
GCA_015062825_1	hcp	1
GCA_015062825_1	nifD	2
GCA_015062825_1	nifH	2
GCA_015062825_1	nifK	3
GCA_015062825_1	nirB	1
GCA_015062825_1	nmo	3
GCA_015062825_1	nosZ	1
GCA_015231535_1	asnB	1
GCA_015231535_1	gdh_K00261	2
GCA_015231535_1	gdh_K00262	2
GCA_015231535_1	gdh_K15371	1
GCA_015231535_1	glnA	3
GCA_015231535_1	glsA	4
GCA_015231535_1	gs_K00265	1
GCA_015231535_1	gs_K00266	3
GCA_015231535_1	hcp	2
GCA_015231535_1	narB	1
GCA_015231535_1	nasA	3
GCA_015231535_1	nirA	1
GCA_015231535_1	nirB	1
GCA_015231535_1	nirS	4
GCA_015231535_1	nmo	6
GCA_015231535_1	norB	1
GCA_015231535_1	nosZ	3
GCA_015231535_1	nrfC	4
GCA_015231535_1	nrfD	1
GCA_015231535_1	ureA	1
GCA_015231535_1	ureC	2
GCA_015660995_1	NR	1
GCA_015660995_1	ansB	1
GCA_015660995_1	asnB	3
GCA_015660995_1	gdh_K00260	1
GCA_015660995_1	glnA	4
GCA_015660995_1	gs_K00266	3
GCA_015660995_1	nifK	1
GCA_015660995_1	nirD	2
GCA_015660995_1	nmo	2
GCA_015660995_1	nosZ	1
GCA_015660995_1	nrfC	2
GCA_016176845_1	asnB	1
GCA_016176845_1	gdh_K00261	1
GCA_016176845_1	glnA	2
GCA_016176845_1	glsA	1
GCA_016176845_1	gs_K00265	1
GCA_016176845_1	gs_K00266	4
GCA_016176845_1	narC	2
GCA_016176845_1	narG	2
GCA_016176845_1	nasA	1
GCA_016176845_1	nifD	1
GCA_016176845_1	nifH	1
GCA_016176845_1	nirK	2
GCA_016176845_1	nirS	2
GCA_016176845_1	nmo	3
GCA_016176845_1	norC	1
GCA_016176845_1	nrfC	1
GCA_016180645_1	NR	1
GCA_016180645_1	asnB	7
GCA_016180645_1	gdh_K00261	2
GCA_016180645_1	gdh_K00262	4
GCA_016180645_1	gdh_K15371	1
GCA_016180645_1	glnA	2
GCA_016180645_1	glsA	6
GCA_016180645_1	gs_K00266	5
GCA_016180645_1	gs_K00284	1
GCA_016180645_1	napA	1
GCA_016180645_1	narB	2
GCA_016180645_1	narC	1
GCA_016180645_1	narG	7
GCA_016180645_1	narH	5
GCA_016180645_1	nasA	2
GCA_016180645_1	nasB	1
GCA_016180645_1	nifK	1
GCA_016180645_1	nirA	2
GCA_016180645_1	nirD	1
GCA_016180645_1	nirK	1
GCA_016180645_1	nirS	2
GCA_016180645_1	nmo	3
GCA_016180645_1	norC	1
GCA_016180645_1	nosZ	1
GCA_016180645_1	nrfC	3
GCA_016180645_1	ureA	1
GCA_016180645_1	ureB	1
GCA_016180645_1	ureC	1
GCA_016190245_1	asnB	3
GCA_016190245_1	gdh_K00261	1
GCA_016190245_1	gdh_K00262	3
GCA_016190245_1	gdh_K15371	1
GCA_016190245_1	glnA	3
GCA_016190245_1	glsA	5
GCA_016190245_1	gs_K00265	1
GCA_016190245_1	gs_K00266	2
GCA_016190245_1	hao	1
GCA_016190245_1	napA	1
GCA_016190245_1	narB	1
GCA_016190245_1	narC	1
GCA_016190245_1	narG	5
GCA_016190245_1	narH	3
GCA_016190245_1	nifK	1
GCA_016190245_1	nirA	1
GCA_016190245_1	nirB	2
GCA_016190245_1	nirD	2
GCA_016190245_1	nirK	1
GCA_016190245_1	nirS	2
GCA_016190245_1	nmo	1
GCA_016190245_1	norC	1
GCA_016190245_1	nosZ	2
GCA_016190245_1	nrfC	1
GCA_016192455_1	asnB	3
GCA_016192455_1	gdh_K00261	2
GCA_016192455_1	gdh_K00262	2
GCA_016192455_1	gdh_K15371	1
GCA_016192455_1	glnA	5
GCA_016192455_1	glsA	1
GCA_016192455_1	gs_K00266	16
GCA_016192455_1	gs_K00284	1
GCA_016192455_1	napA	5
GCA_016192455_1	napC	1
GCA_016192455_1	narB	1
GCA_016192455_1	narC	6
GCA_016192455_1	narG	1
GCA_016192455_1	narH	1
GCA_016192455_1	nasA	3
GCA_016192455_1	nirA	1
GCA_016192455_1	nirB	2
GCA_016192455_1	nirD	2
GCA_016192455_1	nirS	2
GCA_016192455_1	nmo	2
GCA_016192455_1	norB	1
GCA_016192455_1	norC	2
GCA_016192455_1	nosZ	2
GCA_016192455_1	nrfC	6
GCA_016192455_1	nrfD	1
GCA_016193065_1	asnB	4
GCA_016193065_1	gdh_K00261	1
GCA_016193065_1	gdh_K15371	1
GCA_016193065_1	glnA	2
GCA_016193065_1	glsA	2
GCA_016193065_1	gs_K00265	1
GCA_016193065_1	gs_K00266	8
GCA_016193065_1	gs_K00284	1
GCA_016193065_1	hao	1
GCA_016193065_1	napA	5
GCA_016193065_1	narC	3
GCA_016193065_1	narG	1
GCA_016193065_1	narI	1
GCA_016193065_1	narV	1
GCA_016193065_1	nasA	2
GCA_016193065_1	nasB	2
GCA_016193065_1	nifD	2
GCA_016193065_1	nifH	2
GCA_016193065_1	nirA	1
GCA_016193065_1	nirB	1
GCA_016193065_1	nirD	4
GCA_016193065_1	nirK	5
GCA_016193065_1	nirS	1
GCA_016193065_1	nmo	4
GCA_016193065_1	norB	3
GCA_016193065_1	norC	4
GCA_016193065_1	nosZ	2
GCA_016193065_1	nrfC	12
GCA_016193065_1	nrfD	2
GCA_016195505_1	NR	4
GCA_016195505_1	asnB	1
GCA_016195505_1	gdh_K00261	2
GCA_016195505_1	gdh_K15371	1
GCA_016195505_1	glnA	2
GCA_016195505_1	glsA	1
GCA_016195505_1	gs_K00265	4
GCA_016195505_1	gs_K00266	4
GCA_016195505_1	narG	2
GCA_016195505_1	nasA	2
GCA_016195505_1	nirA	1
GCA_016195505_1	nirB	1
GCA_016195505_1	nirD	3
GCA_016195505_1	nirS	5
GCA_016195505_1	nmo	8
GCA_016195505_1	norC	2
GCA_016195505_1	ureA	1
GCA_016195505_1	ureB	1
GCA_016195505_1	ureC	1
GCA_016202395_1	gdh_K00260	1
GCA_016202395_1	gdh_K15371	1
GCA_016202395_1	glnA	1
GCA_016202395_1	glsA	1
GCA_016202395_1	gs_K00266	2
GCA_016202395_1	gs_K00284	1
GCA_016202395_1	narB	1
GCA_016202395_1	narH	1
GCA_016202395_1	narI	1
GCA_016202395_1	nasA	2
GCA_016202395_1	nirA	1
GCA_016202395_1	nirB	2
GCA_016202395_1	nirD	2
GCA_016202395_1	nirK	1
GCA_016202395_1	nirS	1
GCA_016202395_1	nmo	2
GCA_016202395_1	nosZ	2
GCA_016202395_1	nrfC	1
GCA_016234365_1	NR	1
GCA_016234365_1	ansB	1
GCA_016234365_1	asnB	4
GCA_016234365_1	gdh_K00262	1
GCA_016234365_1	gdh_K15371	1
GCA_016234365_1	glnA	2
GCA_016234365_1	glsA	4
GCA_016234365_1	gs_K00266	5
GCA_016234365_1	hcp	1
GCA_016234365_1	nasA	1
GCA_016234365_1	nirD	1
GCA_016234365_1	nmo	1
GCA_016234365_1	nrfA	1
GCA_016234975_1	amoA_A	1
GCA_016234975_1	amoC_A	1
GCA_016234975_1	ansB	1
GCA_016234975_1	asnB	3
GCA_016234975_1	gdh_K00261	1
GCA_016234975_1	gdh_K00262	1
GCA_016234975_1	glnA	1
GCA_016234975_1	glsA	1
GCA_016234975_1	nirA	1
GCA_016234975_1	nirB	1
GCA_016234975_1	nirD	3
GCA_016234975_1	nirK	5
GCA_016234975_1	nmo	3
GCA_016283195_1	gdh_K00262	1
GCA_016283195_1	gdh_K15371	1
GCA_016283195_1	glnA	1
GCA_016283195_1	glsA	4
GCA_016283195_1	gs_K00266	8
GCA_016283195_1	nasA	1
GCA_016283195_1	nirA	1
GCA_016283195_1	nirB	1
GCA_016283195_1	nmo	1
GCA_016703535_1	NR	1
GCA_016703535_1	ansB	1
GCA_016703535_1	asnB	11
GCA_016703535_1	gdh_K00261	5
GCA_016703535_1	gdh_K00262	1
GCA_016703535_1	gdh_K15371	1
GCA_016703535_1	glnA	2
GCA_016703535_1	glsA	11
GCA_016703535_1	gs_K00266	8
GCA_016703535_1	gs_K00284	1
GCA_016703535_1	hao	2
GCA_016703535_1	napA	1
GCA_016703535_1	napB	1
GCA_016703535_1	narC	3
GCA_016703535_1	nasA	5
GCA_016703535_1	nifH	3
GCA_016703535_1	nifK	2
GCA_016703535_1	nirB	1
GCA_016703535_1	nirD	3
GCA_016703535_1	nirK	2
GCA_016703535_1	nmo	6
GCA_016703535_1	norB	2
GCA_016703535_1	nosZ	1
GCA_016703535_1	nrfC	4
GCA_016703535_1	ureC	1
GCA_016783505_1	asnB	7
GCA_016783505_1	gdh_K00261	1
GCA_016783505_1	gdh_K00262	1
GCA_016783505_1	glnA	1
GCA_016783505_1	glsA	3
GCA_016783505_1	gs_K00266	10
GCA_016783505_1	hcp	1
GCA_016783505_1	nmo	5
GCA_016783505_1	nosZ	2
GCA_016783505_1	nrfA	1
GCA_016866785_1	NR	2
GCA_016866785_1	asnB	1
GCA_016866785_1	gdh_K00261	2
GCA_016866785_1	gdh_K15371	2
GCA_016866785_1	glnA	2
GCA_016866785_1	glsA	3
GCA_016866785_1	gs_K00266	8
GCA_016866785_1	gs_K00284	1
GCA_016866785_1	hao	1
GCA_016866785_1	narC	2
GCA_016866785_1	narG	1
GCA_016866785_1	narH	1
GCA_016866785_1	nasA	1
GCA_016866785_1	nifH	1
GCA_016866785_1	nirA	1
GCA_016866785_1	nirD	3
GCA_016866785_1	nirK	1
GCA_016866785_1	nirS	1
GCA_016866785_1	nmo	2
GCA_016866785_1	norC	1
GCA_016866785_1	nosZ	1
GCA_016927185_1	NR	1
GCA_016927185_1	ansB	2
GCA_016927185_1	asnB	8
GCA_016927185_1	gdh_K00261	2
GCA_016927185_1	gdh_K00262	1
GCA_016927185_1	gdh_K15371	1
GCA_016927185_1	glnA	1
GCA_016927185_1	glsA	4
GCA_016927185_1	gs_K00266	15
GCA_016927185_1	hcp	1
GCA_016927185_1	napA	1
GCA_016927185_1	narH	1
GCA_016927185_1	nmo	2
GCA_016927185_1	nrfC	1
GCA_016929715_1	ansB	2
GCA_016929715_1	asnB	2
GCA_016929715_1	gdh_K00261	1
GCA_016929715_1	gdh_K00262	1
GCA_016929715_1	gdh_K15371	1
GCA_016929715_1	glnA	2
GCA_016929715_1	glsA	2
GCA_016929715_1	gs_K00266	3
GCA_016929715_1	hcp	1
GCA_016929715_1	napA	2
GCA_016929715_1	nmo	4
GCA_016929715_1	nrfC	1
GCA_016934535_1	ansB	2
GCA_016934535_1	asnB	1
GCA_016934535_1	gdh_K00261	1
GCA_016934535_1	gdh_K00262	1
GCA_016934535_1	gdh_K15371	1
GCA_016934535_1	glnA	2
GCA_016934535_1	glsA	1
GCA_016934535_1	gs_K00265	1
GCA_016934535_1	gs_K00266	6
GCA_016934535_1	hcp	2
GCA_016934535_1	napA	2
GCA_016934535_1	nasA	1
GCA_016934535_1	nmo	4
GCA_016934535_1	nosZ	1
GCA_016934535_1	nrfC	1
GCA_016934595_1	asnB	6
GCA_016934595_1	gdh_K00261	1
GCA_016934595_1	gdh_K15371	1
GCA_016934595_1	glnA	2
GCA_016934595_1	glsA	1
GCA_016934595_1	gs_K00264	1
GCA_016934595_1	gs_K00266	4
GCA_016934595_1	hao	1
GCA_016934595_1	hcp	1
GCA_016934595_1	napA	3
GCA_016934595_1	narC	1
GCA_016934595_1	nasA	3
GCA_016934595_1	nasB	1
GCA_016934595_1	nifK	1
GCA_016934595_1	nirB	1
GCA_016934595_1	nirD	1
GCA_016934595_1	nirS	2
GCA_016934595_1	nmo	6
GCA_016934595_1	nrfC	5
GCA_016934675_1	ansB	1
GCA_016934675_1	asnB	2
GCA_016934675_1	gdh_K00261	1
GCA_016934675_1	gdh_K00262	2
GCA_016934675_1	gdh_K15371	1
GCA_016934675_1	glnA	2
GCA_016934675_1	glsA	7
GCA_016934675_1	gs_K00266	11
GCA_016934675_1	hao	1
GCA_016934675_1	hcp	1
GCA_016934675_1	nasA	3
GCA_016934675_1	nifH	1
GCA_016934675_1	nirB	1
GCA_016934675_1	nirK	1
GCA_016934675_1	nmo	3
GCA_016934675_1	nrfC	2
GCA_016936235_1	NR	2
GCA_016936235_1	ansB	2
GCA_016936235_1	asnB	1
GCA_016936235_1	gdh_K00261	1
GCA_016936235_1	gdh_K00262	1
GCA_016936235_1	gdh_K15371	1
GCA_016936235_1	glnA	3
GCA_016936235_1	glsA	1
GCA_016936235_1	gs_K00266	16
GCA_016936235_1	hcp	1
GCA_016936235_1	narJ	1
GCA_016936235_1	nmo	5
GCA_016936235_1	nrfC	1
GCA_016936235_1	ureC	1
GCA_017995405_1	NR	1
GCA_017995405_1	ansB	1
GCA_017995405_1	asnB	3
GCA_017995405_1	gdh_K00262	2
GCA_017995405_1	gdh_K15371	1
GCA_017995405_1	glnA	1
GCA_017995405_1	glsA	3
GCA_017995405_1	gs_K00266	8
GCA_017995405_1	hcp	1
GCA_017995405_1	nirB	1
GCA_017995405_1	nmo	4
GCA_017995405_1	nrfC	1
GCA_017997825_1	NR	1
GCA_017997825_1	ansB	1
GCA_017997825_1	asnB	2
GCA_017997825_1	gdh_K00261	2
GCA_017997825_1	gdh_K15371	2
GCA_017997825_1	glnA	3
GCA_017997825_1	glsA	2
GCA_017997825_1	gs_K00265	2
GCA_017997825_1	gs_K00266	12
GCA_017997825_1	hcp	3
GCA_017997825_1	nirA	1
GCA_017997825_1	nirB	1
GCA_017997825_1	nmo	4
GCA_017997825_1	nosZ	1
GCA_017999075_1	asnB	6
GCA_017999075_1	gdh_K00261	1
GCA_017999075_1	gdh_K00262	3
GCA_017999075_1	gdh_K15371	1
GCA_017999075_1	glnA	1
GCA_017999075_1	glsA	1
GCA_017999075_1	gs_K00265	1
GCA_017999075_1	gs_K00266	7
GCA_017999075_1	hcp	1
GCA_017999075_1	nasA	1
GCA_017999075_1	nirA	1
GCA_017999075_1	nirB	3
GCA_017999075_1	nmo	2
GCA_018263505_1	amoA_A	1
GCA_018263505_1	amoB_A	1
GCA_018263505_1	amoC_A	2
GCA_018263505_1	ansB	1
GCA_018263505_1	asnB	3
GCA_018263505_1	gdh_K00261	1
GCA_018263505_1	glnA	2
GCA_018263505_1	glsA	1
GCA_018263505_1	nirA	1
GCA_018263505_1	nirB	1
GCA_018263505_1	nirD	1
GCA_018263505_1	nirK	4
GCA_018263505_1	nmo	2
GCA_018263585_1	NR	1
GCA_018263585_1	ansB	1
GCA_018263585_1	asnB	3
GCA_018263585_1	gdh_K00261	1
GCA_018263585_1	gdh_K00262	2
GCA_018263585_1	gdh_K15371	1
GCA_018263585_1	glnA	3
GCA_018263585_1	glsA	2
GCA_018263585_1	gs_K00266	4
GCA_018263585_1	hao	1
GCA_018263585_1	napA	1
GCA_018263585_1	narG	1
GCA_018263585_1	narH	1
GCA_018263585_1	narI	2
GCA_018263585_1	narJ	1
GCA_018263585_1	nasA	1
GCA_018263585_1	nirD	1
GCA_018263585_1	nirK	1
GCA_018263585_1	nmo	4
GCA_018263585_1	nosZ	1
GCA_018263585_1	nrfC	5
GCA_018263585_1	nrfD	1
GCA_018662645_1	NR	1
GCA_018662645_1	asnB	5
GCA_018662645_1	gdh_K00261	7
GCA_018662645_1	gdh_K00262	3
GCA_018662645_1	gdh_K15371	1
GCA_018662645_1	glnA	3
GCA_018662645_1	gs_K00265	1
GCA_018662645_1	gs_K00266	11
GCA_018662645_1	hao	5
GCA_018662645_1	hdh	4
GCA_018662645_1	hzo	4
GCA_018662645_1	napA	3
GCA_018662645_1	narB	2
GCA_018662645_1	narC	5
GCA_018662645_1	narG	1
GCA_018662645_1	narH	1
GCA_018662645_1	narJ	1
GCA_018662645_1	nasA	2
GCA_018662645_1	nirA	1
GCA_018662645_1	nirB	4
GCA_018662645_1	nirS	5
GCA_018662645_1	nmo	4
GCA_018662645_1	norC	2
GCA_018662645_1	nosZ	1
GCA_018662645_1	nrfC	2
GCA_018812925_1	NR	1
GCA_018812925_1	asnB	2
GCA_018812925_1	gdh_K00262	3
GCA_018812925_1	gdh_K15371	1
GCA_018812925_1	glnA	1
GCA_018812925_1	glsA	1
GCA_018812925_1	gs_K00266	2
GCA_018812925_1	hcp	1
GCA_018812925_1	narH	1
GCA_018812925_1	nmo	4
GCA_018812925_1	nrfC	1
GCA_018896935_1	asnB	2
GCA_018896935_1	gdh_K00261	1
GCA_018896935_1	gdh_K00262	1
GCA_018896935_1	gdh_K15371	1
GCA_018896935_1	glnA	3
GCA_018896935_1	gs_K00264	1
GCA_018896935_1	gs_K00266	5
GCA_018896935_1	narJ	1
GCA_018896935_1	nifK	1
GCA_018896935_1	nmo	2
GCA_018896935_1	nosZ	2
GCA_019912885_1	NR	1
GCA_019912885_1	asnB	3
GCA_019912885_1	gdh_K00261	2
GCA_019912885_1	gdh_K00262	6
GCA_019912885_1	gdh_K15371	1
GCA_019912885_1	glnA	3
GCA_019912885_1	glsA	1
GCA_019912885_1	gs_K00265	1
GCA_019912885_1	gs_K00266	2
GCA_019912885_1	narG	1
GCA_019912885_1	narH	1
GCA_019912885_1	narI	1
GCA_019912885_1	narJ	1
GCA_019912885_1	nasA	2
GCA_019912885_1	nirK	1
GCA_019912885_1	nmo	6
GCA_019912885_1	nosZ	1
GCA_019912885_1	nrfA	1
GCA_019912885_1	nrfC	3
GCA_020061125_1	NR	1
GCA_020061125_1	asnB	7
GCA_020061125_1	gdh_K00261	1
GCA_020061125_1	gdh_K15371	2
GCA_020061125_1	glnA	4
GCA_020061125_1	glsA	6
GCA_020061125_1	gs_K00265	1
GCA_020061125_1	gs_K00266	12
GCA_020061125_1	hao	1
GCA_020061125_1	hcp	1
GCA_020061125_1	narC	2
GCA_020061125_1	narI	1
GCA_020061125_1	nasA	2
GCA_020061125_1	nirB	2
GCA_020061125_1	nirS	3
GCA_020061125_1	nmo	6
GCA_020061125_1	norB	1
GCA_020061125_1	nosZ	1
GCA_020061125_1	nrfC	5
GCA_020348925_1	NR	1
GCA_020348925_1	ansB	1
GCA_020348925_1	asnB	1
GCA_020348925_1	gdh_K00261	5
GCA_020348925_1	gdh_K00262	2
GCA_020348925_1	gdh_K15371	1
GCA_020348925_1	glnA	3
GCA_020348925_1	glsA	2
GCA_020348925_1	gs_K00266	14
GCA_020348925_1	hao	2
GCA_020348925_1	hcp	1
GCA_020348925_1	napA	2
GCA_020348925_1	narC	1
GCA_020348925_1	nasA	1
GCA_020348925_1	nasB	1
GCA_020348925_1	nirB	2
GCA_020348925_1	nirK	2
GCA_020348925_1	nmo	6
GCA_020348925_1	nosZ	2
GCA_020348925_1	nrfC	7
GCA_020348925_1	nrfD	3
GCA_020434085_1	NR	1
GCA_020434085_1	asnB	2
GCA_020434085_1	gdh_K00261	2
GCA_020434085_1	gdh_K15371	1
GCA_020434085_1	glnA	1
GCA_020434085_1	glsA	9
GCA_020434085_1	gs_K00266	4
GCA_020434085_1	gs_K00284	1
GCA_020434085_1	narC	2
GCA_020434085_1	narI	1
GCA_020434085_1	narJ	1
GCA_020434085_1	nasA	4
GCA_020434085_1	nirA	2
GCA_020434085_1	nirK	3
GCA_020434085_1	nirS	7
GCA_020434085_1	nmo	8
GCA_020434085_1	norB	1
GCA_020434085_1	norC	2
GCA_020434085_1	nosZ	3
GCA_020434345_1	gdh_K00261	2
GCA_020434345_1	gdh_K15371	1
GCA_020434345_1	glnA	1
GCA_020434345_1	glsA	2
GCA_020434345_1	gs_K00265	1
GCA_020434345_1	gs_K00266	1
GCA_020434345_1	nasA	1
GCA_020434345_1	nirB	1
GCA_020434345_1	nirD	1
GCA_020434345_1	nirK	3
GCA_020434345_1	nmo	2
GCA_020434345_1	norB	1
GCA_020434345_1	nrfC	2
GCA_020434365_1	asnB	1
GCA_020434365_1	gdh_K00261	2
GCA_020434365_1	gdh_K00262	1
GCA_020434365_1	gdh_K15371	1
GCA_020434365_1	glnA	2
GCA_020434365_1	glsA	2
GCA_020434365_1	gs_K00266	1
GCA_020434365_1	narB	2
GCA_020434365_1	nasA	1
GCA_020434365_1	nirD	1
GCA_020434365_1	nirS	1
GCA_020434365_1	nmo	2
GCA_020434365_1	nrfC	2
GCA_020434365_1	ureC	1
GCA_020628165_1	asnB	3
GCA_020628165_1	gdh_K00261	2
GCA_020628165_1	gdh_K00262	1
GCA_020628165_1	gdh_K15371	1
GCA_020628165_1	glnA	1
GCA_020628165_1	glsA	1
GCA_020628165_1	gs_K00266	2
GCA_020628165_1	nasA	1
GCA_020628165_1	nmo	2
GCA_020628165_1	nrfC	1
GCA_020632975_1	NR	1
GCA_020632975_1	asnB	4
GCA_020632975_1	gdh_K00260	1
GCA_020632975_1	gdh_K00261	1
GCA_020632975_1	gdh_K15371	1
GCA_020632975_1	glnA	3
GCA_020632975_1	glsA	8
GCA_020632975_1	gs_K00266	4
GCA_020632975_1	nasA	1
GCA_020632975_1	nirA	1
GCA_020632975_1	nirD	1
GCA_020632975_1	nmo	1
GCA_020632975_1	nosZ	1
GCA_020632975_1	nrfC	1
GCA_020632975_1	ureA	1
GCA_020632975_1	ureB	1
GCA_020632975_1	ureC	2
GCA_020722945_1	asnB	3
GCA_020722945_1	gdh_K15371	1
GCA_020722945_1	glnA	1
GCA_020722945_1	glsA	2
GCA_020722945_1	gs_K00265	1
GCA_020722945_1	gs_K00266	13
GCA_020722945_1	hao	3
GCA_020722945_1	hcp	1
GCA_020722945_1	napA	2
GCA_020722945_1	napB	1
GCA_020722945_1	narC	1
GCA_020722945_1	nasA	1
GCA_020722945_1	nifK	1
GCA_020722945_1	nirS	1
GCA_020722945_1	nmo	7
GCA_020722945_1	nrfC	2
GCA_020722945_1	nrfD	1
GCA_020723665_1	NR	1
GCA_020723665_1	asnB	3
GCA_020723665_1	gdh_K00262	2
GCA_020723665_1	gdh_K15371	2
GCA_020723665_1	glnA	2
GCA_020723665_1	glsA	2
GCA_020723665_1	gs_K00265	1
GCA_020723665_1	gs_K00266	4
GCA_020723665_1	hao	1
GCA_020723665_1	napA	1
GCA_020723665_1	narB	2
GCA_020723665_1	narG	1
GCA_020723665_1	narH	1
GCA_020723665_1	narI	1
GCA_020723665_1	narJ	2
GCA_020723665_1	nasA	3
GCA_020723665_1	nifD	4
GCA_020723665_1	nifH	1
GCA_020723665_1	nifK	1
GCA_020723665_1	nifW	1
GCA_020723665_1	nirA	1
GCA_020723665_1	nirB	3
GCA_020723665_1	nirD	1
GCA_020723665_1	nirK	7
GCA_020723665_1	nirS	3
GCA_020723665_1	nmo	1
GCA_020723665_1	norB	1
GCA_020723665_1	norC	1
GCA_020723665_1	nosZ	1
GCA_020723665_1	nrfC	2
GCA_020723665_1	pmoC	3
GCA_020723665_1	ureA	1
GCA_020723665_1	ureB	1
GCA_020723665_1	ureC	2
GCA_020849855_1	asnB	1
GCA_020849855_1	gdh_K00261	1
GCA_020849855_1	gdh_K00262	1
GCA_020849855_1	gdh_K15371	1
GCA_020849855_1	glnA	1
GCA_020849855_1	gs_K00266	3
GCA_020849855_1	hao	2
GCA_020849855_1	hzsA	1
GCA_020849855_1	hzsB	1
GCA_020849855_1	narC	2
GCA_020849855_1	nasA	1
GCA_020849855_1	nirD	2
GCA_020849855_1	nmo	5
GCA_020849855_1	norB	1
GCA_020849855_1	nosZ	1
GCA_020849855_1	nrfA	1
GCA_020849855_1	nrfC	1
GCA_020850775_1	NR	4
GCA_020850775_1	asnB	6
GCA_020850775_1	gdh_K00261	3
GCA_020850775_1	gdh_K00262	2
GCA_020850775_1	gdh_K15371	1
GCA_020850775_1	glnA	1
GCA_020850775_1	glsA	1
GCA_020850775_1	gs_K00266	1
GCA_020850775_1	hao	1
GCA_020850775_1	napA	2
GCA_020850775_1	narC	2
GCA_020850775_1	narG	2
GCA_020850775_1	narH	3
GCA_020850775_1	narI	1
GCA_020850775_1	narJ	1
GCA_020850775_1	nasA	1
GCA_020850775_1	nirA	1
GCA_020850775_1	nirB	1
GCA_020850775_1	nirD	1
GCA_020850775_1	nmo	5
GCA_020850775_1	norC	1
GCA_020850775_1	nrfC	2
GCA_020850775_1	nrfD	1
GCA_020850775_1	ureC	1
GCA_021158465_1	ansB	1
GCA_021158465_1	asnB	2
GCA_021158465_1	gdh_K00261	1
GCA_021158465_1	gdh_K15371	2
GCA_021158465_1	glnA	3
GCA_021158465_1	glsA	1
GCA_021158465_1	gs_K00266	5
GCA_021158465_1	narJ	1
GCA_021158465_1	nasA	1
GCA_021158465_1	nmo	4
GCA_021158465_1	nrfC	1
GCA_021161405_1	ansB	1
GCA_021161405_1	asnB	2
GCA_021161405_1	gdh_K00261	1
GCA_021161405_1	nirS	1
GCA_021163225_1	ansB	1
GCA_021163225_1	asnB	3
GCA_021163225_1	gdh_K00261	1
GCA_021163225_1	gdh_K00262	1
GCA_021163225_1	nmo	1
GCA_021325075_1	amoA_A	1
GCA_021325075_1	amoB_A	1
GCA_021325075_1	amoC_A	1
GCA_021325075_1	ansB	1
GCA_021325075_1	asnB	4
GCA_021325075_1	gdh_K00261	1
GCA_021325075_1	glnA	1
GCA_021325075_1	gs_K00266	2
GCA_021325075_1	narC	1
GCA_021325075_1	nirA	2
GCA_021325075_1	nirD	2
GCA_021325075_1	nirK	1
GCA_021325075_1	nmo	1
GCA_021325075_1	ureA	1
GCA_021325075_1	ureB	1
GCA_021325075_1	ureC	2
GCA_021414105_1	amoA_A	2
GCA_021414105_1	amoB_A	1
GCA_021414105_1	amoC_A	2
GCA_021414105_1	asnB	3
GCA_021414105_1	gdh_K00261	2
GCA_021414105_1	gdh_K00262	1
GCA_021414105_1	glnA	1
GCA_021414105_1	glsA	1
GCA_021414105_1	narC	1
GCA_021414105_1	nirA	1
GCA_021414105_1	nirB	1
GCA_021414105_1	nirD	3
GCA_021414105_1	nirK	6
GCA_021414105_1	nmo	4
GCA_021414105_1	nosZ	1
GCA_021604405_1	NR	1
GCA_021604405_1	amoA_B	1
GCA_021604405_1	amoB_B	1
GCA_021604405_1	amoC_B	4
GCA_021604405_1	asnB	1
GCA_021604405_1	gdh_K00261	2
GCA_021604405_1	gdh_K00262	1
GCA_021604405_1	gdh_K15371	2
GCA_021604405_1	glnA	3
GCA_021604405_1	glsA	1
GCA_021604405_1	gs_K00266	4
GCA_021604405_1	gs_K00284	2
GCA_021604405_1	narH	3
GCA_021604405_1	narJ	2
GCA_021604405_1	nasA	1
GCA_021604405_1	nirA	1
GCA_021604405_1	nirB	1
GCA_021604405_1	nirD	1
GCA_021604405_1	nirK	3
GCA_021604405_1	nirS	1
GCA_021604405_1	nmo	6
GCA_021604405_1	norB	1
GCA_021604405_1	norC	1
GCA_021604405_1	nosZ	2
GCA_021604405_1	nrfC	1
GCA_021604405_1	ureA	1
GCA_021604405_1	ureB	1
GCA_021604405_1	ureC	2
GCA_021646465_1	NR	3
GCA_021646465_1	asnB	3
GCA_021646465_1	gdh_K00261	3
GCA_021646465_1	gdh_K00262	1
GCA_021646465_1	gdh_K15371	1
GCA_021646465_1	glnA	4
GCA_021646465_1	glsA	2
GCA_021646465_1	gs_K00265	1
GCA_021646465_1	gs_K00266	7
GCA_021646465_1	hao	7
GCA_021646465_1	hdh	2
GCA_021646465_1	hzo	2
GCA_021646465_1	hzsA	1
GCA_021646465_1	hzsB	1
GCA_021646465_1	hzsC	1
GCA_021646465_1	napA	1
GCA_021646465_1	napC	1
GCA_021646465_1	narB	1
GCA_021646465_1	narC	3
GCA_021646465_1	narG	2
GCA_021646465_1	nasA	5
GCA_021646465_1	nifK	1
GCA_021646465_1	nirA	1
GCA_021646465_1	nirB	4
GCA_021646465_1	nirK	1
GCA_021646465_1	nirS	2
GCA_021646465_1	nmo	4
GCA_021646465_1	norC	1
GCA_021646465_1	nosZ	1
GCA_021646465_1	nrfC	1
GCA_021783475_1	NR	1
GCA_021783475_1	ansB	1
GCA_021783475_1	asnB	1
GCA_021783475_1	gdh_K00261	1
GCA_021783475_1	gdh_K15371	3
GCA_021783475_1	glnA	1
GCA_021783475_1	glsA	1
GCA_021783475_1	gs_K00265	2
GCA_021783475_1	gs_K00266	4
GCA_021783475_1	gs_K00284	1
GCA_021783475_1	hcp	3
GCA_021783475_1	napA	1
GCA_021783475_1	narH	1
GCA_021783475_1	narI	1
GCA_021783475_1	narJ	1
GCA_021783475_1	narZ	1
GCA_021783475_1	nasA	1
GCA_021783475_1	nifD	1
GCA_021783475_1	nifK	2
GCA_021783475_1	nirB	4
GCA_021783475_1	nirS	2
GCA_021783475_1	nmo	3
GCA_021783475_1	nrfC	4
GCA_021787655_1	asnB	3
GCA_021787655_1	gdh_K00261	1
GCA_021787655_1	gdh_K00262	1
GCA_021787655_1	gdh_K15371	1
GCA_021787655_1	glnA	1
GCA_021787655_1	glsA	2
GCA_021787655_1	gs_K00265	3
GCA_021787655_1	gs_K00266	3
GCA_021787655_1	hao	1
GCA_021787655_1	narC	1
GCA_021787655_1	nasA	2
GCA_021787655_1	nirA	1
GCA_021787655_1	nirK	1
GCA_021787655_1	nmo	2
GCA_021787655_1	nrfC	3
GCA_021806125_1	NR	1
GCA_021806125_1	gdh_K15371	1
GCA_021806125_1	glnA	1
GCA_021806125_1	glsA	1
GCA_021806125_1	gs_K00265	1
GCA_021806125_1	gs_K00266	7
GCA_021806125_1	narB	1
GCA_021806125_1	narI	1
GCA_021806125_1	nasA	3
GCA_021806125_1	nasB	1
GCA_021806125_1	nifD	3
GCA_021806125_1	nifH	1
GCA_021806125_1	nifK	2
GCA_021806125_1	nirS	1
GCA_021806125_1	nmo	3
GCA_021806125_1	norC	2
GCA_021806125_1	nrfC	2
GCA_021806125_1	nrfD	1
GCA_021806125_1	ureC	1
GCA_021827365_1	asnB	1
GCA_021827365_1	gdh_K00261	1
GCA_021827365_1	gdh_K00262	1
GCA_021827365_1	gdh_K15371	1
GCA_021827365_1	glnA	2
GCA_021827365_1	glsA	1
GCA_021827365_1	gs_K00265	2
GCA_021827365_1	gs_K00266	2
GCA_021827365_1	narC	1
GCA_021827365_1	nifD	4
GCA_021827365_1	nifH	1
GCA_021827365_1	nifK	1
GCA_021827365_1	nifW	1
GCA_021827365_1	nirA	1
GCA_021827365_1	nirB	1
GCA_021827365_1	nmo	5
GCA_022545375_1	asnB	1
GCA_022545375_1	gdh_K00261	1
GCA_022545375_1	gdh_K15371	1
GCA_022545375_1	glnA	3
GCA_022545375_1	gs_K00265	1
GCA_022545375_1	napA	1
GCA_022545375_1	nasA	1
GCA_022545375_1	nirB	2
GCA_022545375_1	nirK	1
GCA_022545375_1	nirS	2
GCA_022545375_1	nmo	2
GCA_022545375_1	nosZ	2
GCA_022545375_1	ureC	1
GCA_022545875_1	NR	1
GCA_022545875_1	amoA_A	1
GCA_022545875_1	ansB	1
GCA_022545875_1	asnB	4
GCA_022545875_1	gdh_K00261	1
GCA_022545875_1	glnA	1
GCA_022545875_1	gs_K00266	1
GCA_022545875_1	narC	1
GCA_022545875_1	nirA	1
GCA_022545875_1	nirD	5
GCA_022545875_1	nirK	3
GCA_022545875_1	nmo	1
GCA_022545875_1	ureA	1
GCA_022545875_1	ureB	1
GCA_022545875_1	ureC	1
GCA_022601475_1	NR	2
GCA_022601475_1	asnB	1
GCA_022601475_1	gdh_K00261	1
GCA_022601475_1	gdh_K15371	1
GCA_022601475_1	glsA	1
GCA_022601475_1	gs_K00266	1
GCA_022601475_1	narC	1
GCA_022601475_1	nasB	1
GCA_022601475_1	nirB	1
GCA_022601475_1	nirK	1
GCA_022601475_1	nmo	3
GCA_022615475_1	NR	1
GCA_022615475_1	glnA	3
GCA_022615475_1	gs_K00266	2
GCA_022615475_1	narB	1
GCA_022615475_1	narC	1
GCA_022615475_1	nasA	1
GCA_022615475_1	nirD	2
GCA_022615475_1	nirK	1
GCA_022615475_1	nirS	1
GCA_022615475_1	nmo	7
GCA_022615475_1	norC	1
GCA_022615475_1	nosZ	2
GCA_022615475_1	nrfC	4
GCA_022615475_1	nrfD	2
GCA_022759145_1	NR	1
GCA_022759145_1	asnB	1
GCA_022759145_1	gdh_K00262	2
GCA_022759145_1	gdh_K15371	1
GCA_022759145_1	glnA	2
GCA_022759145_1	glsA	1
GCA_022759145_1	gs_K00266	9
GCA_022759145_1	nifK	1
GCA_022759145_1	nirB	1
GCA_022759145_1	ureA	1
GCA_023128455_1	gdh_K00262	2
GCA_023128455_1	gdh_K15371	2
GCA_023128455_1	glnA	1
GCA_023128455_1	gs_K00265	2
GCA_023128455_1	gs_K00266	8
GCA_023128455_1	napA	1
GCA_023128455_1	narC	1
GCA_023128455_1	nasA	1
GCA_023128455_1	nasB	1
GCA_023128455_1	nirB	1
GCA_023128455_1	nmo	4
GCA_023128455_1	nrfC	1
GCA_023128455_1	nrfD	1
GCA_023129115_1	ansB	1
GCA_023129115_1	asnB	2
GCA_023129115_1	gdh_K00261	1
GCA_023129115_1	gdh_K00262	1
GCA_023129115_1	nao	1
GCA_023129115_1	nmo	4
GCA_023129115_1	nrfC	1
GCA_023129325_1	asnB	1
GCA_023129325_1	gdh_K00261	1
GCA_023129325_1	gdh_K15371	1
GCA_023129325_1	glnA	1
GCA_023129325_1	gs_K00266	4
GCA_023129325_1	narJ	1
GCA_023129325_1	nmo	3
GCA_023129325_1	nosZ	1
GCA_023143305_1	asnB	3
GCA_023143305_1	gdh_K00262	2
GCA_023143305_1	gdh_K15371	1
GCA_023143305_1	glnA	2
GCA_023143305_1	gs_K00265	1
GCA_023143305_1	gs_K00266	4
GCA_023143305_1	gs_K00284	1
GCA_023143305_1	hcp	1
GCA_023143305_1	nifD	1
GCA_023143305_1	nifH	1
GCA_023143305_1	nifK	2
GCA_023143305_1	nmo	3
GCA_023144005_1	NR	1
GCA_023144005_1	ansB	1
GCA_023144005_1	asnB	4
GCA_023144005_1	gdh_K00262	2
GCA_023144005_1	gdh_K15371	1
GCA_023144005_1	glnA	2
GCA_023144005_1	glsA	3
GCA_023144005_1	gs_K00266	8
GCA_023144005_1	hcp	1
GCA_023144005_1	nmo	5
GCA_023144005_1	nrfC	1
GCA_023150835_1	NR	1
GCA_023150835_1	asnB	4
GCA_023150835_1	gdh_K00262	1
GCA_023150835_1	gdh_K15371	1
GCA_023150835_1	glnA	3
GCA_023150835_1	glsA	7
GCA_023150835_1	gs_K00266	4
GCA_023150835_1	gs_K00284	1
GCA_023150835_1	napA	1
GCA_023150835_1	nasA	2
GCA_023150835_1	nirA	1
GCA_023150835_1	nirD	2
GCA_023150835_1	nirS	3
GCA_023150835_1	nmo	3
GCA_023150835_1	norB	1
GCA_023150835_1	norC	1
GCA_023150835_1	nosZ	3
GCA_023150835_1	nrfC	2
GCA_023150835_1	ureC	1
GCA_023512665_1	ansB	1
GCA_023512665_1	gdh_K00261	3
GCA_023512665_1	gdh_K00262	1
GCA_023512665_1	gdh_K15371	1
GCA_023512665_1	glnA	1
GCA_023512665_1	gs_K00266	6
GCA_023512665_1	napA	1
GCA_023512665_1	narC	1
GCA_023512665_1	narG	1
GCA_023512665_1	nirK	2
GCA_023512665_1	nmo	2
GCA_023512665_1	norC	1
GCA_023512665_1	nrfA	1
GCA_023512665_1	nrfC	2
GCA_024102725_1	NR	2
GCA_024102725_1	asnB	8
GCA_024102725_1	gdh_K00261	1
GCA_024102725_1	gdh_K00262	1
GCA_024102725_1	gdh_K15371	2
GCA_024102725_1	glnA	5
GCA_024102725_1	glsA	2
GCA_024102725_1	gs_K00265	1
GCA_024102725_1	gs_K00266	4
GCA_024102725_1	narB	1
GCA_024102725_1	narG	4
GCA_024102725_1	narI	1
GCA_024102725_1	narJ	1
GCA_024102725_1	nasA	1
GCA_024102725_1	nirB	2
GCA_024102725_1	nirD	2
GCA_024102725_1	nirK	2
GCA_024102725_1	nmo	5
GCA_024102725_1	nrfC	1
GCA_024102725_1	nxrB	1
GCA_024275095_1	asnB	2
GCA_024275095_1	gdh_K00261	1
GCA_024275095_1	gdh_K15371	1
GCA_024275095_1	glnA	2
GCA_024275095_1	glsA	4
GCA_024275095_1	gs_K00265	2
GCA_024275095_1	gs_K00266	5
GCA_024275095_1	hao	2
GCA_024275095_1	napC	1
GCA_024275095_1	narC	2
GCA_024275095_1	narI	1
GCA_024275095_1	nasA	1
GCA_024275095_1	nasB	1
GCA_024275095_1	nifK	1
GCA_024275095_1	nirA	1
GCA_024275095_1	nirD	1
GCA_024275095_1	nmo	4
GCA_024275095_1	nrfC	2
GCA_024275095_1	nrfD	1
GCA_024275315_1	NR	1
GCA_024275315_1	asnB	6
GCA_024275315_1	gdh_K00261	1
GCA_024275315_1	gdh_K15371	1
GCA_024275315_1	glnA	1
GCA_024275315_1	glsA	4
GCA_024275315_1	gs_K00265	2
GCA_024275315_1	gs_K00266	4
GCA_024275315_1	gs_K00284	1
GCA_024275315_1	hao	1
GCA_024275315_1	hcp	1
GCA_024275315_1	napA	2
GCA_024275315_1	napB	1
GCA_024275315_1	narC	1
GCA_024275315_1	nasA	2
GCA_024275315_1	nirA	1
GCA_024275315_1	nirB	2
GCA_024275315_1	nirD	1
GCA_024275315_1	nirK	2
GCA_024275315_1	nirS	3
GCA_024275315_1	nmo	3
GCA_024275315_1	norC	1
GCA_024275315_1	nosZ	2
GCA_024275315_1	nrfC	6
GCA_024275315_1	nrfD	1
GCA_024275775_1	gdh_K15371	4
GCA_024275775_1	glnA	3
GCA_024275775_1	glsA	2
GCA_024275775_1	gs_K00265	1
GCA_024275775_1	gs_K00266	3
GCA_024275775_1	hao	3
GCA_024275775_1	napC	1
GCA_024275775_1	narC	3
GCA_024275775_1	nasA	2
GCA_024275775_1	nirA	1
GCA_024275775_1	nirB	1
GCA_024275775_1	nirK	1
GCA_024275775_1	nirS	2
GCA_024275775_1	nmo	3
GCA_024275775_1	norC	2
GCA_024275775_1	nosZ	1
GCA_024275775_1	nrfC	1
GCA_024275775_1	ureC	1
GCA_024276815_1	asnB	4
GCA_024276815_1	gdh_K00262	2
GCA_024276815_1	gdh_K15371	1
GCA_024276815_1	glnA	2
GCA_024276815_1	glsA	3
GCA_024276815_1	gs_K00265	1
GCA_024276815_1	gs_K00266	9
GCA_024276815_1	hao	1
GCA_024276815_1	hcp	1
GCA_024276815_1	narB	1
GCA_024276815_1	narC	1
GCA_024276815_1	nasA	1
GCA_024276815_1	nifH	1
GCA_024276815_1	nirB	3
GCA_024276815_1	nmo	5
GCA_024276815_1	nosZ	1
GCA_024276995_1	ansB	1
GCA_024276995_1	asnB	2
GCA_024276995_1	gdh_K00261	4
GCA_024276995_1	gdh_K00262	3
GCA_024276995_1	gdh_K15371	1
GCA_024276995_1	glnA	3
GCA_024276995_1	gs_K00266	5
GCA_024276995_1	gs_K00284	1
GCA_024276995_1	hao	2
GCA_024276995_1	napA	2
GCA_024276995_1	narB	1
GCA_024276995_1	narC	1
GCA_024276995_1	narJ	1
GCA_024276995_1	nasA	2
GCA_024276995_1	nirS	1
GCA_024276995_1	nmo	4
GCA_024276995_1	norC	1
GCA_024276995_1	nrfC	4
GCA_024276995_1	nrfD	1
GCA_024276995_1	ureC	2
GCA_024278235_1	NR	2
GCA_024278235_1	asnB	1
GCA_024278235_1	gdh_K00261	1
GCA_024278235_1	gdh_K15371	1
GCA_024278235_1	glnA	8
GCA_024278235_1	glsA	2
GCA_024278235_1	gs_K00265	2
GCA_024278235_1	gs_K00266	14
GCA_024278235_1	hao	1
GCA_024278235_1	hzsA	1
GCA_024278235_1	napA	2
GCA_024278235_1	narC	1
GCA_024278235_1	narJ	1
GCA_024278235_1	nasA	2
GCA_024278235_1	nifH	1
GCA_024278235_1	nirA	1
GCA_024278235_1	nirK	1
GCA_024278235_1	nmo	5
GCA_024278235_1	norB	1
GCA_024278235_1	nosZ	2
GCA_024278235_1	nrfC	3
GCA_024330945_1	NR	1
GCA_024330945_1	amoA_B	1
GCA_024330945_1	amoB_B	1
GCA_024330945_1	amoC_B	2
GCA_024330945_1	asnB	2
GCA_024330945_1	gdh_K00261	2
GCA_024330945_1	gdh_K00262	2
GCA_024330945_1	gdh_K15371	2
GCA_024330945_1	glnA	2
GCA_024330945_1	glsA	1
GCA_024330945_1	gs_K00265	1
GCA_024330945_1	gs_K00266	5
GCA_024330945_1	hao	1
GCA_024330945_1	napC	1
GCA_024330945_1	narB	2
GCA_024330945_1	narG	1
GCA_024330945_1	nasA	1
GCA_024330945_1	nirA	1
GCA_024330945_1	nirD	2
GCA_024330945_1	nirK	3
GCA_024330945_1	nirS	3
GCA_024330945_1	nmo	5
GCA_024330945_1	norC	1
GCA_024330945_1	nxrB	1
GCA_024860865_1	ansB	1
GCA_024860865_1	asnB	2
GCA_024860865_1	gdh_K00261	2
GCA_024860865_1	gdh_K00262	1
GCA_024860865_1	glnA	1
GCA_024860865_1	gs_K00264	1
GCA_024860865_1	gs_K00266	11
GCA_024860865_1	hao	1
GCA_024860865_1	narI	1
GCA_024860865_1	nifH	1
GCA_024860865_1	nirB	1
GCA_024860865_1	nmo	3
GCA_024860865_1	nosZ	1
GCA_024860865_1	nrfC	4
GCA_025060205_1	NR	1
GCA_025060205_1	asnB	2
GCA_025060205_1	gdh_K00261	3
GCA_025060205_1	glnA	2
GCA_025060205_1	glsA	2
GCA_025060205_1	gs_K00265	1
GCA_025060205_1	gs_K00266	7
GCA_025060205_1	narC	1
GCA_025060205_1	nifK	1
GCA_025060205_1	nmo	4
GCA_025060205_1	norC	1
GCA_025060205_1	nosZ	1
GCA_025060205_1	nrfA	1
GCA_025363775_1	ansB	2
GCA_025363775_1	asnB	2
GCA_025363775_1	gdh_K00261	1
GCA_025363775_1	gdh_K00262	4
GCA_025363775_1	gdh_K15371	2
GCA_025363775_1	glnA	3
GCA_025363775_1	glsA	2
GCA_025363775_1	gs_K00266	14
GCA_025363775_1	napA	1
GCA_025363775_1	narC	2
GCA_025363775_1	nasA	2
GCA_025363775_1	nirK	2
GCA_025363775_1	nirS	2
GCA_025363775_1	nmo	3
GCA_025363775_1	norB	4
GCA_025363775_1	norC	1
GCA_025363775_1	nosZ	2
GCA_025363775_1	nrfC	7
GCA_025363775_1	nrfD	1
GCA_025363775_1	ureC	1
GCA_025453925_1	NR	1
GCA_025453925_1	ansB	2
GCA_025453925_1	asnB	1
GCA_025453925_1	gdh_K00261	2
GCA_025453925_1	gdh_K00262	4
GCA_025453925_1	glnA	3
GCA_025453925_1	glsA	2
GCA_025453925_1	gs_K00266	11
GCA_025453925_1	hao	1
GCA_025453925_1	hcp	2
GCA_025453925_1	napA	2
GCA_025453925_1	nasA	1
GCA_025453925_1	nirK	2
GCA_025453925_1	nirS	1
GCA_025453925_1	nmo	3
GCA_025453925_1	nosZ	2
GCA_025453925_1	nrfC	4
GCA_025453925_1	ureC	1
GCA_025458755_1	NR	1
GCA_025458755_1	asnB	2
GCA_025458755_1	gdh_K00262	1
GCA_025458755_1	gdh_K15371	3
GCA_025458755_1	glnA	2
GCA_025458755_1	glsA	3
GCA_025458755_1	gs_K00265	1
GCA_025458755_1	gs_K00266	4
GCA_025458755_1	narB	1
GCA_025458755_1	nasA	4
GCA_025458755_1	nifD	2
GCA_025458755_1	nifH	1
GCA_025458755_1	nirB	1
GCA_025458755_1	nirD	1
GCA_025458755_1	nirS	2
GCA_025458755_1	nmo	2
GCA_025458755_1	norB	2
GCA_025458755_1	norC	2
GCA_025458755_1	nosZ	1
GCA_025458755_1	nrfC	1
GCA_025458755_1	pmoC	3
GCA_025774555_1	ansB	1
GCA_025774555_1	asnB	1
GCA_025774555_1	gdh_K00261	1
GCA_025774555_1	gdh_K00262	3
GCA_025774555_1	gdh_K15371	1
GCA_025774555_1	glnA	2
GCA_025774555_1	glsA	3
GCA_025774555_1	gs_K00266	10
GCA_025774555_1	hao	1
GCA_025774555_1	nao	1
GCA_025774555_1	nasA	1
GCA_025774555_1	nifH	1
GCA_025774555_1	nirA	1
GCA_025774555_1	nirB	1
GCA_025774555_1	nmo	6
GCA_025774555_1	nosZ	1
GCA_025774555_1	nrfC	4
GCA_025922735_1	amoA_A	1
GCA_025922735_1	amoB_A	1
GCA_025922735_1	amoC_A	1
GCA_025922735_1	ansB	1
GCA_025922735_1	asnB	4
GCA_025922735_1	gdh_K00261	2
GCA_025922735_1	glnA	3
GCA_025922735_1	gs_K00266	2
GCA_025922735_1	nirA	2
GCA_025922735_1	nirD	4
GCA_025922735_1	nirK	6
GCA_025922735_1	ureC	3
GCA_025930205_1	amoA_A	1
GCA_025930205_1	amoB_A	1
GCA_025930205_1	amoC_A	1
GCA_025930205_1	ansB	1
GCA_025930205_1	asnB	4
GCA_025930205_1	gdh_K00261	2
GCA_025930205_1	glnA	2
GCA_025930205_1	narC	1
GCA_025930205_1	nirA	1
GCA_025930205_1	nirB	1
GCA_025930205_1	nirD	3
GCA_025930205_1	nirK	5
GCA_025930205_1	nmo	3
GCA_025930205_1	nosZ	1
GCA_026388015_1	NR	1
GCA_026388015_1	asnB	2
GCA_026388015_1	gdh_K00261	1
GCA_026388015_1	gdh_K00262	2
GCA_026388015_1	gdh_K15371	1
GCA_026388015_1	glnA	1
GCA_026388015_1	glsA	3
GCA_026388015_1	gs_K00266	8
GCA_026388015_1	hcp	1
GCA_026388015_1	narJ	1
GCA_026388015_1	nasA	1
GCA_026388015_1	nmo	4
GCA_026388015_1	nosZ	1
GCA_026389015_1	gdh_K15371	1
GCA_026389015_1	gs_K00266	1
GCA_026389015_1	nasA	2
GCA_026393905_1	NR	2
GCA_026393905_1	ansB	1
GCA_026393905_1	asnB	4
GCA_026393905_1	gdh_K00261	5
GCA_026393905_1	gdh_K00262	3
GCA_026393905_1	gdh_K15371	1
GCA_026393905_1	glnA	2
GCA_026393905_1	glsA	1
GCA_026393905_1	gs_K00266	12
GCA_026393905_1	napA	1
GCA_026393905_1	narC	3
GCA_026393905_1	nasA	1
GCA_026393905_1	nirB	1
GCA_026393905_1	nmo	5
GCA_026393905_1	nosZ	1
GCA_026393905_1	nrfC	1
GCA_026393905_1	ureC	3
GCA_026415985_1	gdh_K00261	1
GCA_026415985_1	glnA	2
GCA_026415985_1	glsA	1
GCA_026415985_1	gs_K00265	1
GCA_026415985_1	gs_K00266	5
GCA_026415985_1	hao	1
GCA_026415985_1	hcp	2
GCA_026415985_1	nirB	1
GCA_026415985_1	nmo	6
GCA_026415985_1	nosZ	1
GCA_026415985_1	nrfA	2
GCA_026415985_1	nrfC	3
GCA_026418035_1	asnB	1
GCA_026418035_1	gdh_K00261	1
GCA_026418035_1	gdh_K00262	1
GCA_026418035_1	gdh_K15371	1
GCA_026418035_1	glnA	4
GCA_026418035_1	gs_K00265	1
GCA_026418035_1	gs_K00266	5
GCA_026418035_1	hcp	1
GCA_026418035_1	nasA	1
GCA_026418035_1	nasB	1
GCA_026418035_1	nirB	1
GCA_026418035_1	nmo	3
GCA_026702745_1	NR	3
GCA_026702745_1	asnB	2
GCA_026702745_1	gdh_K00261	1
GCA_026702745_1	gdh_K00262	2
GCA_026702745_1	gdh_K15371	1
GCA_026702745_1	glnA	5
GCA_026702745_1	glsA	1
GCA_026702745_1	gs_K00265	1
GCA_026702745_1	gs_K00266	8
GCA_026702745_1	gs_K00284	1
GCA_026702745_1	napA	1
GCA_026702745_1	narJ	1
GCA_026702745_1	nasA	1
GCA_026702745_1	nirA	1
GCA_026702745_1	nirB	2
GCA_026702745_1	nirD	3
GCA_026702745_1	nirK	1
GCA_026702745_1	nmo	2
GCA_026702745_1	nosZ	2
GCA_026702745_1	nrfC	3
GCA_026702745_1	ureB	1
GCA_026702745_1	ureC	2
GCA_026705445_1	gdh_K15371	1
GCA_026705445_1	glnA	2
GCA_026705445_1	glsA	1
GCA_026705445_1	gs_K00266	3
GCA_026705445_1	gs_K00284	1
GCA_026705445_1	nasA	1
GCA_026705445_1	nirA	1
GCA_026705445_1	nirB	1
GCA_026705445_1	nirD	1
GCA_026705445_1	nmo	3
GCA_026705445_1	nrfC	1
GCA_026985515_1	asnB	1
GCA_026985515_1	gdh_K00261	1
GCA_026985515_1	gdh_K00262	2
GCA_026985515_1	gdh_K15371	1
GCA_026985515_1	glnA	1
GCA_026985515_1	glsA	9
GCA_026985515_1	gs_K00265	1
GCA_026985515_1	gs_K00266	4
GCA_026985515_1	napA	3
GCA_026985515_1	narJ	1
GCA_026985515_1	nasA	2
GCA_026985515_1	nasB	1
GCA_026985515_1	nirD	1
GCA_026985515_1	nirS	1
GCA_026985515_1	nmo	4
GCA_026985515_1	norC	1
GCA_026985515_1	nrfC	2
GCA_026987085_1	NR	2
GCA_026987085_1	asnB	2
GCA_026987085_1	gdh_K15371	1
GCA_026987085_1	glnA	3
GCA_026987085_1	glsA	1
GCA_026987085_1	gs_K00265	1
GCA_026987085_1	gs_K00266	2
GCA_026987085_1	narB	1
GCA_026987085_1	narJ	1
GCA_026987085_1	nasA	2
GCA_026987085_1	nirA	1
GCA_026987085_1	nmo	4
GCA_026987085_1	nrfC	1
GCA_026987085_1	nrfD	1
GCA_026991065_1	ansB	3
GCA_026991065_1	gdh_K00261	1
GCA_026991065_1	gdh_K00262	5
GCA_026991065_1	gdh_K15371	1
GCA_026991065_1	glnA	1
GCA_026991065_1	gs_K00265	1
GCA_026991065_1	gs_K00266	13
GCA_026991065_1	hao	2
GCA_026991065_1	napA	1
GCA_026991065_1	napB	1
GCA_026991065_1	narI	1
GCA_026991065_1	nasA	4
GCA_026991065_1	nirB	1
GCA_026991065_1	nirS	2
GCA_026991065_1	nmo	6
GCA_026991065_1	norB	1
GCA_026991065_1	nosZ	3
GCA_026991065_1	nrfC	6
GCA_026991065_1	nrfD	2
GCA_027004335_1	asnB	1
GCA_027004335_1	gdh_K00261	1
GCA_027004335_1	gdh_K15371	1
GCA_027004335_1	glnA	2
GCA_027004335_1	glsA	3
GCA_027004335_1	narI	1
GCA_027004335_1	nasA	1
GCA_027004335_1	nifK	1
GCA_027004335_1	nirB	1
GCA_027004335_1	nirD	1
GCA_027004335_1	nirS	1
GCA_027004335_1	nmo	3
GCA_027004335_1	nrfC	1
GCA_027062325_1	gdh_K00261	1
GCA_027062325_1	gdh_K15371	1
GCA_027062325_1	glsA	1
GCA_027062325_1	gs_K00266	5
GCA_027062325_1	hcp	1
GCA_027062325_1	nmo	2
GCA_027062325_1	nosZ	1
GCA_027062325_1	nrfC	1
GCA_027063545_1	asnB	3
GCA_027063545_1	gdh_K15371	1
GCA_027063545_1	glnA	3
GCA_027063545_1	glsA	1
GCA_027063545_1	gs_K00265	1
GCA_027063545_1	gs_K00266	5
GCA_027063545_1	hcp	1
GCA_027063545_1	nmo	4
GCA_027491485_1	ansB	1
GCA_027491485_1	gdh_K00261	1
GCA_027491485_1	gs_K00266	1
GCA_027491485_1	narC	1
GCA_027491485_1	nasA	1
GCA_027491485_1	nmo	3
GCA_027491485_1	nosZ	1
GCA_027491785_1	ansB	1
GCA_027491785_1	gdh_K00261	2
GCA_027491785_1	gdh_K00262	2
GCA_027491785_1	glnA	1
GCA_027491785_1	gs_K00265	1
GCA_027491785_1	gs_K00266	1
GCA_027491785_1	hcp	1
GCA_027491785_1	napA	4
GCA_027491785_1	narC	1
GCA_027491785_1	nasA	1
GCA_027491785_1	nifH	1
GCA_027491785_1	nirB	3
GCA_027491785_1	nirS	1
GCA_027491785_1	nmo	2
GCA_027491785_1	nosZ	4
GCA_027491785_1	nrfC	3
GCA_027717595_1	asnB	3
GCA_027717595_1	gdh_K00261	1
GCA_027717595_1	gdh_K15371	1
GCA_027717595_1	glnA	4
GCA_027717595_1	glsA	1
GCA_027717595_1	gs_K00265	1
GCA_027717595_1	gs_K00266	1
GCA_027717595_1	hzsB	1
GCA_027717595_1	napA	1
GCA_027717595_1	nasA	1
GCA_027717595_1	nirA	2
GCA_027717595_1	nirB	2
GCA_027717595_1	nirD	1
GCA_027717595_1	nirK	1
GCA_027717595_1	nmo	2
GCA_027717595_1	nosZ	2
GCA_027717595_1	nrfC	1
GCA_027717595_1	ureA	1
GCA_027717595_1	ureB	1
GCA_027717595_1	ureC	1
GCA_028448965_1	ansB	1
GCA_028448965_1	asnB	1
GCA_028448965_1	gdh_K00261	1
GCA_028448965_1	glnA	1
GCA_028448965_1	glsA	1
GCA_028448965_1	narC	1
GCA_028448965_1	nirD	2
GCA_028448965_1	nmo	1
GCA_028448965_1	ureA	1
GCA_028448965_1	ureB	1
GCA_028448965_1	ureC	1
GCA_028685295_1	asnB	1
GCA_028685295_1	gdh_K00261	1
GCA_028685295_1	gdh_K00262	1
GCA_028685295_1	gdh_K15371	1
GCA_028685295_1	glnA	2
GCA_028685295_1	glsA	1
GCA_028685295_1	gs_K00266	6
GCA_028685295_1	narJ	1
GCA_028685295_1	nasA	1
GCA_028685295_1	nmo	4
GCA_028685295_1	nosZ	1
GCA_028687155_1	asnB	1
GCA_028687155_1	gdh_K00261	1
GCA_028687155_1	gdh_K15371	1
GCA_028687155_1	glnA	4
GCA_028687155_1	glsA	1
GCA_028687155_1	gs_K00265	1
GCA_028687155_1	gs_K00266	1
GCA_028687155_1	nasA	2
GCA_028687155_1	nifD	2
GCA_028687155_1	nifH	2
GCA_028687155_1	nifK	1
GCA_028687155_1	nifW	1
GCA_028687155_1	nirB	2
GCA_028687155_1	nirK	1
GCA_028687155_1	nirS	1
GCA_028687155_1	nmo	2
GCA_028687155_1	norB	1
GCA_028687155_1	norC	1
GCA_028687155_1	nosZ	2
GCA_028687155_1	nrfC	1
GCA_028687155_1	pmoA	1
GCA_028687155_1	pmoB	2
GCA_028687155_1	pmoC	2
GCA_028687155_1	ureA	1
GCA_028687155_1	ureB	1
GCA_028687155_1	ureC	1
GCA_028700425_1	ansB	1
GCA_028700425_1	gdh_K00262	3
GCA_028700425_1	glnA	1
GCA_028700425_1	glsA	1
GCA_028700425_1	gs_K00266	9
GCA_028700425_1	hcp	1
GCA_028700425_1	narB	1
GCA_028700425_1	nasA	1
GCA_028700425_1	nirA	1
GCA_028700425_1	nirB	2
GCA_028700425_1	nmo	2
GCA_028700425_1	nrfC	1
GCA_028709985_1	ansB	2
GCA_028709985_1	gdh_K00261	1
GCA_028709985_1	gdh_K15371	1
GCA_028709985_1	glnA	2
GCA_028709985_1	glsA	2
GCA_028709985_1	gs_K00266	6
GCA_028709985_1	hcp	1
GCA_028709985_1	nirB	1
GCA_028709985_1	nmo	3
GCA_028709985_1	ureC	1
GCA_028710285_1	asnB	3
GCA_028710285_1	gdh_K00261	1
GCA_028710285_1	gdh_K00262	1
GCA_028710285_1	gdh_K15371	1
GCA_028710285_1	glnA	6
GCA_028710285_1	glsA	1
GCA_028710285_1	gs_K00265	1
GCA_028710285_1	gs_K00266	2
GCA_028710285_1	nasA	2
GCA_028710285_1	nasB	1
GCA_028710285_1	nifD	3
GCA_028710285_1	nifH	1
GCA_028710285_1	nifK	1
GCA_028710285_1	nifW	2
GCA_028710285_1	nirB	2
GCA_028710285_1	nirD	1
GCA_028710285_1	nirK	2
GCA_028710285_1	nmo	2
GCA_028710285_1	nosZ	1
GCA_028710285_1	pmoA	2
GCA_028710285_1	pmoB	4
GCA_028710285_1	pmoC	2
GCA_028710285_1	ureB	1
GCA_028710285_1	ureC	1
GCA_028715055_1	asnB	2
GCA_028715055_1	gdh_K15371	1
GCA_028715055_1	glnA	2
GCA_028715055_1	glsA	1
GCA_028715055_1	gs_K00264	1
GCA_028715055_1	gs_K00265	1
GCA_028715055_1	gs_K00266	3
GCA_028715055_1	narC	1
GCA_028715055_1	narG	1
GCA_028715055_1	narH	1
GCA_028715055_1	nasA	1
GCA_028715055_1	nifD	3
GCA_028715055_1	nifH	1
GCA_028715055_1	nifK	2
GCA_028715055_1	nifW	1
GCA_028715055_1	nmo	4
GCA_028715055_1	nrfC	1
GCA_028715665_1	asnB	2
GCA_028715665_1	gdh_K00262	4
GCA_028715665_1	gdh_K15371	2
GCA_028715665_1	glnA	1
GCA_028715665_1	gs_K00266	3
GCA_028715665_1	nasA	1
GCA_028715665_1	nirD	1
GCA_028715665_1	nmo	2
GCA_029259175_1	ansB	1
GCA_029259175_1	asnB	1
GCA_029259175_1	gdh_K00261	1
GCA_029259175_1	glnA	3
GCA_029259175_1	gs_K00266	2
GCA_029259175_1	nirD	1
GCA_029259175_1	nmo	1
GCA_029259175_1	nosZ	2
GCA_029553345_1	asnB	2
GCA_029553345_1	gdh_K00261	1
GCA_029553345_1	gdh_K15371	1
GCA_029553345_1	glnA	3
GCA_029553345_1	glsA	2
GCA_029553345_1	gs_K00265	1
GCA_029553345_1	gs_K00266	4
GCA_029553345_1	nasA	1
GCA_029553345_1	nasB	1
GCA_029553345_1	nirB	1
GCA_029553345_1	nmo	2
GCA_029553345_1	ureC	1
GCA_029862525_1	amoA_A	1
GCA_029862525_1	amoB_A	1
GCA_029862525_1	amoC_A	1
GCA_029862525_1	asnB	4
GCA_029862525_1	gdh_K00261	3
GCA_029862525_1	glnA	3
GCA_029862525_1	glsA	1
GCA_029862525_1	gs_K00265	1
GCA_029862525_1	narC	1
GCA_029862525_1	nirA	2
GCA_029862525_1	nirD	2
GCA_029862525_1	nirK	6
GCA_029862525_1	nmo	7
GCA_029862525_1	nosZ	1
GCA_029933275_1	NR	1
GCA_029933275_1	asnB	3
GCA_029933275_1	gdh_K00261	1
GCA_029933275_1	gdh_K00262	1
GCA_029933275_1	gdh_K15371	1
GCA_029933275_1	glnA	3
GCA_029933275_1	glsA	2
GCA_029933275_1	gs_K00266	9
GCA_029933275_1	hao	1
GCA_029933275_1	narC	2
GCA_029933275_1	nirD	1
GCA_029933275_1	nmo	4
GCA_029933275_1	nosZ	4
GCA_030041545_1	asnB	2
GCA_030041545_1	gdh_K00261	2
GCA_030041545_1	gdh_K00262	2
GCA_030041545_1	gdh_K15371	1
GCA_030041545_1	glnA	4
GCA_030041545_1	glsA	8
GCA_030041545_1	gs_K00266	4
GCA_030041545_1	gs_K00284	1
GCA_030041545_1	narC	1
GCA_030041545_1	nasA	2
GCA_030041545_1	nirA	2
GCA_030041545_1	nirB	1
GCA_030041545_1	nirD	2
GCA_030041545_1	nirK	1
GCA_030041545_1	nmo	2
GCA_030429345_1	NR	1
GCA_030429345_1	asnB	2
GCA_030429345_1	gdh_K00261	2
GCA_030429345_1	gdh_K00262	5
GCA_030429345_1	gdh_K15371	1
GCA_030429345_1	glnA	3
GCA_030429345_1	glsA	2
GCA_030429345_1	gs_K00266	4
GCA_030429345_1	napA	2
GCA_030429345_1	nasA	1
GCA_030429345_1	nirK	1
GCA_030429345_1	nmo	6
GCA_030429345_1	norB	1
GCA_030429345_1	norC	1
GCA_030429345_1	nrfA	1
GCA_030429345_1	nrfC	2
GCA_030429345_1	nrfD	1
GCA_030433275_1	NR	3
GCA_030433275_1	asnB	7
GCA_030433275_1	gdh_K00261	1
GCA_030433275_1	gdh_K15371	2
GCA_030433275_1	glnA	4
GCA_030433275_1	glsA	2
GCA_030433275_1	gs_K00265	1
GCA_030433275_1	gs_K00266	2
GCA_030433275_1	narB	1
GCA_030433275_1	narG	1
GCA_030433275_1	narI	1
GCA_030433275_1	narJ	1
GCA_030433275_1	nasA	1
GCA_030433275_1	nirB	2
GCA_030433275_1	nirD	1
GCA_030433275_1	nirK	1
GCA_030433275_1	nmo	3
GCA_030433275_1	norB	1
GCA_030433275_1	nrfC	1
GCA_030433275_1	nxrB	1
GCA_030452265_1	NR	5
GCA_030452265_1	asnB	7
GCA_030452265_1	gdh_K00262	2
GCA_030452265_1	gdh_K15371	3
GCA_030452265_1	glnA	4
GCA_030452265_1	glsA	1
GCA_030452265_1	gs_K00265	1
GCA_030452265_1	gs_K00266	2
GCA_030452265_1	narG	1
GCA_030452265_1	narI	1
GCA_030452265_1	narJ	1
GCA_030452265_1	nasA	1
GCA_030452265_1	nirB	4
GCA_030452265_1	nirD	1
GCA_030452265_1	nirK	1
GCA_030452265_1	nmo	2
GCA_030452265_1	norB	2
GCA_030452265_1	norC	1
GCA_030452265_1	nrfC	2
GCA_030452265_1	nxrB	1
GCA_030452265_1	ureC	1
GCA_030452365_1	NR	3
GCA_030452365_1	asnB	6
GCA_030452365_1	gdh_K00261	1
GCA_030452365_1	gdh_K00262	2
GCA_030452365_1	gdh_K15371	2
GCA_030452365_1	glnA	4
GCA_030452365_1	glsA	1
GCA_030452365_1	gs_K00265	2
GCA_030452365_1	gs_K00266	3
GCA_030452365_1	narG	2
GCA_030452365_1	narI	1
GCA_030452365_1	narJ	1
GCA_030452365_1	nasA	2
GCA_030452365_1	nasB	1
GCA_030452365_1	nirB	1
GCA_030452365_1	nirK	1
GCA_030452365_1	nmo	1
GCA_030452365_1	nrfC	3
GCA_030452365_1	nxrB	1
GCA_030453055_1	asnB	2
GCA_030453055_1	gdh_K00262	2
GCA_030453055_1	glnA	1
GCA_030453055_1	glsA	1
GCA_030453055_1	gs_K00266	2
GCA_030453055_1	narH	1
GCA_030453055_1	narJ	2
GCA_030453055_1	nasA	1
GCA_030453055_1	nirA	2
GCA_030453055_1	nirB	1
GCA_030453055_1	nirS	2
GCA_030453055_1	nmo	2
GCA_030453055_1	nrfB	1
GCA_030453055_1	nrfC	1
GCA_030491005_1	NR	1
GCA_030491005_1	asnB	3
GCA_030491005_1	gdh_K15371	1
GCA_030491005_1	glnA	2
GCA_030491005_1	glsA	1
GCA_030491005_1	gs_K00265	2
GCA_030491005_1	gs_K00266	5
GCA_030491005_1	napA	2
GCA_030491005_1	napB	2
GCA_030491005_1	narB	1
GCA_030491005_1	narC	1
GCA_030491005_1	nasA	2
GCA_030491005_1	nifD	1
GCA_030491005_1	nirA	1
GCA_030491005_1	nirB	1
GCA_030491005_1	nirD	1
GCA_030491005_1	nmo	3
GCA_030491005_1	nrfC	1
GCA_030538705_1	NR	1
GCA_030538705_1	asnB	1
GCA_030538705_1	gdh_K00261	1
GCA_030538705_1	gdh_K00262	1
GCA_030538705_1	gdh_K15371	1
GCA_030538705_1	glnA	12
GCA_030538705_1	glsA	1
GCA_030538705_1	gs_K00265	1
GCA_030538705_1	gs_K00266	3
GCA_030538705_1	napC	1
GCA_030538705_1	narB	1
GCA_030538705_1	narC	1
GCA_030538705_1	narH	1
GCA_030538705_1	narI	1
GCA_030538705_1	nasA	1
GCA_030538705_1	nirA	2
GCA_030538705_1	nirB	1
GCA_030538705_1	nirD	2
GCA_030538705_1	nirK	1
GCA_030538705_1	nirS	1
GCA_030538705_1	nmo	7
GCA_030538705_1	norB	1
GCA_030538705_1	norC	1
GCA_030538705_1	nosZ	4
GCA_030538705_1	nrfC	1
GCA_030590165_1	ansB	1
GCA_030590165_1	asnB	2
GCA_030595925_1	asnB	3
GCA_030595925_1	gdh_K00261	2
GCA_030595925_1	gdh_K15371	1
GCA_030595925_1	glnA	2
GCA_030595925_1	gs_K00265	1
GCA_030595925_1	gs_K00266	8
GCA_030595925_1	gs_K00284	1
GCA_030595925_1	hcp	1
GCA_030595925_1	nifD	2
GCA_030595925_1	nifH	1
GCA_030595925_1	nifK	2
GCA_030595925_1	nmo	3
GCA_030598065_1	asnB	2
GCA_030598065_1	gdh_K00261	1
GCA_030598065_1	gdh_K00262	2
GCA_030598065_1	gdh_K15371	1
GCA_030598065_1	glnA	1
GCA_030598065_1	glsA	1
GCA_030598065_1	gs_K00266	5
GCA_030598065_1	hao	4
GCA_030598065_1	hdh	3
GCA_030598065_1	hzsB	2
GCA_030598065_1	hzsC	1
GCA_030598065_1	napA	2
GCA_030598065_1	narB	1
GCA_030598065_1	narC	3
GCA_030598065_1	narG	1
GCA_030598065_1	narH	1
GCA_030598065_1	nasA	1
GCA_030598065_1	nifK	1
GCA_030598065_1	nirB	1
GCA_030598065_1	nirD	1
GCA_030598065_1	nirS	1
GCA_030598065_1	nmo	3
GCA_030598065_1	norC	1
GCA_030598065_1	nrfC	2
GCA_030602715_1	asnB	2
GCA_030602715_1	gdh_K00261	1
GCA_030602715_1	gdh_K15371	2
GCA_030602715_1	glnA	2
GCA_030602715_1	glsA	1
GCA_030602715_1	gs_K00266	11
GCA_030602715_1	hcp	1
GCA_030602715_1	nifK	1
GCA_030602715_1	nirK	1
GCA_030602715_1	nmo	2
GCA_030611765_1	ansB	2
GCA_030611765_1	asnB	1
GCA_030611765_1	gdh_K00262	2
GCA_030611765_1	gdh_K15371	1
GCA_030611765_1	glnA	2
GCA_030611765_1	glsA	1
GCA_030611765_1	gs_K00266	7
GCA_030611765_1	nirS	1
GCA_030611765_1	nmo	4
GCA_030611765_1	nrfC	2
GCA_030615145_1	NR	1
GCA_030615145_1	ansB	1
GCA_030615145_1	asnB	3
GCA_030615145_1	gdh_K00261	1
GCA_030615145_1	gdh_K00262	1
GCA_030615145_1	glnA	3
GCA_030615145_1	glsA	1
GCA_030615145_1	gs_K00266	11
GCA_030615145_1	napA	1
GCA_030615145_1	narB	1
GCA_030615145_1	nifH	1
GCA_030615145_1	nmo	6
GCA_030615145_1	nosZ	1
GCA_030615405_1	gdh_K15371	1
GCA_030615405_1	gs_K00266	2
GCA_030615405_1	narJ	1
GCA_030615405_1	nifH	1
GCA_030615405_1	nosZ	1
GCA_030615855_1	asnB	3
GCA_030615855_1	gdh_K00261	2
GCA_030615855_1	gdh_K00262	2
GCA_030615855_1	gdh_K15371	1
GCA_030615855_1	glnA	1
GCA_030615855_1	gs_K00266	5
GCA_030615855_1	nifK	1
GCA_030615855_1	nmo	1
GCA_030615855_1	nosZ	1
GCA_030615855_1	nrfC	2
GCA_030619245_1	asnB	2
GCA_030619245_1	gdh_K00262	1
GCA_030619245_1	gdh_K15371	1
GCA_030619245_1	glnA	1
GCA_030619245_1	glsA	4
GCA_030619245_1	gs_K00266	3
GCA_030619245_1	nifH	1
GCA_030619245_1	nirB	1
GCA_030619245_1	nmo	5
GCA_030619245_1	nosZ	1
GCA_030619245_1	nrfC	1
GCA_030619955_1	ansB	1
GCA_030619955_1	nifH	1
GCA_030619955_1	nmo	1
GCA_030620115_1	ansB	2
GCA_030620115_1	asnB	3
GCA_030620115_1	gdh_K00261	1
GCA_030620115_1	gdh_K00262	2
GCA_030620115_1	gdh_K15371	2
GCA_030620115_1	glnA	1
GCA_030620115_1	glsA	2
GCA_030620115_1	gs_K00266	8
GCA_030620115_1	nasA	1
GCA_030620115_1	nirK	1
GCA_030620115_1	nirS	1
GCA_030620115_1	nmo	4
GCA_030620925_1	asnB	4
GCA_030620925_1	gdh_K00261	3
GCA_030620925_1	gdh_K00262	2
GCA_030620925_1	gdh_K15371	1
GCA_030620925_1	glnA	5
GCA_030620925_1	gs_K00265	1
GCA_030620925_1	gs_K00266	5
GCA_030620925_1	napA	9
GCA_030620925_1	narB	1
GCA_030620925_1	narC	2
GCA_030620925_1	narG	1
GCA_030620925_1	nasA	2
GCA_030620925_1	nirB	3
GCA_030620925_1	nirS	2
GCA_030620925_1	nmo	15
GCA_030620925_1	norB	1
GCA_030620925_1	norC	3
GCA_030620925_1	nrfC	6
GCA_030620925_1	nrfD	2
GCA_030625085_1	NR	1
GCA_030625085_1	asnB	11
GCA_030625085_1	gdh_K00261	6
GCA_030625085_1	gdh_K00262	2
GCA_030625085_1	glnA	2
GCA_030625085_1	glsA	3
GCA_030625085_1	gs_K00265	1
GCA_030625085_1	gs_K00266	9
GCA_030625085_1	hao	1
GCA_030625085_1	hcp	2
GCA_030625085_1	napA	2
GCA_030625085_1	narC	2
GCA_030625085_1	nasA	2
GCA_030625085_1	nifH	1
GCA_030625085_1	nirB	2
GCA_030625085_1	nirD	2
GCA_030625085_1	nirS	1
GCA_030625085_1	nmo	4
GCA_030625085_1	nrfC	4
GCA_030636965_1	asnB	1
GCA_030636965_1	gdh_K15371	1
GCA_030636965_1	glnA	1
GCA_030636965_1	glsA	1
GCA_030636965_1	gs_K00265	1
GCA_030636965_1	gs_K00266	4
GCA_030636965_1	hao	1
GCA_030636965_1	hcp	1
GCA_030636965_1	napA	2
GCA_030636965_1	narC	1
GCA_030636965_1	nasA	2
GCA_030636965_1	nirK	1
GCA_030636965_1	nmo	4
GCA_030636965_1	nosZ	1
GCA_030636965_1	nrfC	3
GCA_030648035_1	asnB	2
GCA_030648035_1	gdh_K00261	1
GCA_030648035_1	gdh_K15371	1
GCA_030648035_1	glnA	1
GCA_030648035_1	glsA	3
GCA_030648035_1	gs_K00266	1
GCA_030648035_1	nasA	1
GCA_030648035_1	nirK	1
GCA_030648035_1	nirS	2
GCA_030648035_1	nmo	3
GCA_030648035_1	nosZ	1
GCA_030648035_1	nrfA	1
GCA_030648035_1	nrfC	2
GCA_030648035_1	nrfD	1
GCA_030652805_1	asnB	1
GCA_030652805_1	gdh_K00261	2
GCA_030652805_1	gdh_K00262	1
GCA_030652805_1	gdh_K15371	1
GCA_030652805_1	glnA	2
GCA_030652805_1	gs_K00266	5
GCA_030652805_1	hcp	1
GCA_030652805_1	nmo	3
GCA_030652805_1	nosZ	3
GCA_030656095_1	ansB	2
GCA_030656095_1	asnB	1
GCA_030656095_1	gdh_K00262	1
GCA_030656095_1	gdh_K15371	1
GCA_030656095_1	glnA	2
GCA_030656095_1	glsA	1
GCA_030656095_1	gs_K00266	3
GCA_030656095_1	hcp	1
GCA_030656095_1	napA	1
GCA_030656095_1	nasA	1
GCA_030656095_1	nmo	5
GCA_030656095_1	nrfC	1
GCA_030666935_1	gdh_K00260	1
GCA_030666935_1	gdh_K00261	2
GCA_030666935_1	gdh_K00262	1
GCA_030666935_1	glnA	2
GCA_030666935_1	glsA	1
GCA_030666935_1	gs_K00266	16
GCA_030666935_1	hcp	1
GCA_030666935_1	napA	1
GCA_030666935_1	narH	1
GCA_030666935_1	nasA	1
GCA_030666935_1	nifK	1
GCA_030666935_1	nmo	6
GCA_030666935_1	nrfC	2
GCA_030671985_1	asnB	1
GCA_030671985_1	gdh_K00261	2
GCA_030671985_1	gdh_K15371	1
GCA_030671985_1	glnA	5
GCA_030671985_1	gs_K00264	1
GCA_030671985_1	gs_K00266	6
GCA_030671985_1	nasB	1
GCA_030671985_1	nifH	1
GCA_030671985_1	nmo	3
GCA_030673425_1	asnB	3
GCA_030673425_1	gdh_K00262	1
GCA_030673425_1	gdh_K15371	1
GCA_030673425_1	glnA	2
GCA_030673425_1	glsA	1
GCA_030673425_1	gs_K00266	1
GCA_030673425_1	nirS	1
GCA_030673425_1	nmo	4
GCA_030673425_1	nosZ	1
GCA_030673425_1	nrfC	1
GCA_030691545_1	NR	1
GCA_030691545_1	asnB	4
GCA_030691545_1	gdh_K00261	1
GCA_030691545_1	gdh_K00262	4
GCA_030691545_1	gdh_K15371	1
GCA_030691545_1	glnA	4
GCA_030691545_1	glsA	1
GCA_030691545_1	gs_K00265	3
GCA_030691545_1	gs_K00266	16
GCA_030691545_1	hao	2
GCA_030691545_1	hcp	1
GCA_030691545_1	hzsA	2
GCA_030691545_1	hzsC	1
GCA_030691545_1	nifK	1
GCA_030691545_1	nirA	2
GCA_030691545_1	nirB	1
GCA_030691545_1	nirK	2
GCA_030691545_1	nirS	1
GCA_030691545_1	nmo	1
GCA_030691545_1	nrfC	2
GCA_030698575_1	NR	1
GCA_030698575_1	asnB	5
GCA_030698575_1	gdh_K00261	1
GCA_030698575_1	gdh_K00262	1
GCA_030698575_1	gdh_K15371	3
GCA_030698575_1	glnA	3
GCA_030698575_1	glsA	1
GCA_030698575_1	gs_K00264	1
GCA_030698575_1	gs_K00265	1
GCA_030698575_1	gs_K00266	6
GCA_030698575_1	narB	1
GCA_030698575_1	narG	8
GCA_030698575_1	narH	3
GCA_030698575_1	narI	1
GCA_030698575_1	narJ	3
GCA_030698575_1	narZ	1
GCA_030698575_1	nasA	7
GCA_030698575_1	nirA	1
GCA_030698575_1	nirB	1
GCA_030698575_1	nirD	3
GCA_030698575_1	nirK	1
GCA_030698575_1	nirS	2
GCA_030698575_1	nmo	7
GCA_030698575_1	norC	1
GCA_030698575_1	nosZ	2
GCA_030698575_1	nrfC	4
GCA_030698575_1	nrfD	1
GCA_030698575_1	nxrB	1
GCA_030947645_1	NR	2
GCA_030947645_1	asnB	1
GCA_030947645_1	gdh_K00261	2
GCA_030947645_1	gdh_K15371	1
GCA_030947645_1	glnA	4
GCA_030947645_1	glsA	1
GCA_030947645_1	gs_K00266	3
GCA_030947645_1	nasA	1
GCA_030947645_1	nirB	1
GCA_030947645_1	nirD	2
GCA_030947645_1	nirK	2
GCA_030947645_1	nmo	2
GCA_030947645_1	nosZ	4
GCA_031406795_1	asnB	9
GCA_031406795_1	gdh_K00261	2
GCA_031406795_1	gdh_K00262	2
GCA_031406795_1	gdh_K15371	2
GCA_031406795_1	glnA	2
GCA_031406795_1	glsA	4
GCA_031406795_1	gs_K00265	5
GCA_031406795_1	gs_K00266	14
GCA_031406795_1	hao	2
GCA_031406795_1	hcp	1
GCA_031406795_1	napA	1
GCA_031406795_1	nasA	1
GCA_031406795_1	nifD	2
GCA_031406795_1	nifH	2
GCA_031406795_1	nifK	2
GCA_031406795_1	nirA	2
GCA_031406795_1	nirB	2
GCA_031406795_1	nirK	2
GCA_031406795_1	nirS	2
GCA_031406795_1	nmo	8
GCA_031406795_1	norB	1
GCA_031406795_1	norC	1
GCA_031406795_1	nrfA	1
GCA_031406795_1	nrfC	5
GCA_031406795_1	nrfD	1
GCA_031432495_1	NR	2
GCA_031432495_1	gdh_K00260	1
GCA_031432495_1	gdh_K00261	2
GCA_031432495_1	gdh_K00262	3
GCA_031432495_1	gdh_K15371	1
GCA_031432495_1	glnA	4
GCA_031432495_1	glsA	2
GCA_031432495_1	gs_K00266	4
GCA_031432495_1	gs_K00284	1
GCA_031432495_1	narC	1
GCA_031432495_1	narG	2
GCA_031432495_1	narH	1
GCA_031432495_1	nasB	1
GCA_031432495_1	nirD	1
GCA_031432495_1	nirK	3
GCA_031432495_1	nirS	4
GCA_031432495_1	nmo	7
GCA_031432495_1	norB	2
GCA_031432495_1	nosZ	4
GCA_031551405_1	asnB	1
GCA_031551405_1	gdh_K15371	1
GCA_031551405_1	glnA	1
GCA_031551405_1	glsA	1
GCA_031551405_1	gs_K00265	1
GCA_031551405_1	gs_K00266	4
GCA_031551405_1	narB	1
GCA_031551405_1	nmo	3
GCA_031960865_1	gdh_K00262	1
GCA_031960865_1	gdh_K15371	2
GCA_031960865_1	glnA	1
GCA_031960865_1	glsA	1
GCA_031960865_1	gs_K00265	1
GCA_031960865_1	gs_K00266	3
GCA_031960865_1	hao	1
GCA_031960865_1	hcp	1
GCA_031960865_1	napA	2
GCA_031960865_1	napC	1
GCA_031960865_1	narB	1
GCA_031960865_1	narH	1
GCA_031960865_1	narI	2
GCA_031960865_1	narJ	1
GCA_031960865_1	narZ	2
GCA_031960865_1	nasA	1
GCA_031960865_1	nirB	1
GCA_031960865_1	nirD	1
GCA_031960865_1	nmo	7
GCA_031960865_1	nrfC	3
GCA_032052615_1	NR	1
GCA_032052615_1	ansB	1
GCA_032052615_1	asnB	2
GCA_032052615_1	gdh_K00262	1
GCA_032052615_1	gdh_K15371	2
GCA_032052615_1	glnA	13
GCA_032052615_1	glsA	4
GCA_032052615_1	gs_K00265	1
GCA_032052615_1	gs_K00266	3
GCA_032052615_1	narJ	1
GCA_032052615_1	nasA	1
GCA_032052615_1	nirA	1
GCA_032052615_1	nirB	1
GCA_032052615_1	nirD	1
GCA_032052615_1	nirK	3
GCA_032052615_1	nmo	3
GCA_032052615_1	nosZ	1
GCA_032052615_1	nrfC	1
GCA_034679345_1	ansB	1
GCA_034679345_1	asnB	4
GCA_034679345_1	gdh_K00261	2
GCA_034679345_1	gdh_K00262	4
GCA_034679345_1	gdh_K15371	2
GCA_034679345_1	glnA	3
GCA_034679345_1	glsA	2
GCA_034679345_1	gs_K00266	5
GCA_034679345_1	napA	1
GCA_034679345_1	narB	1
GCA_034679345_1	nasA	1
GCA_034679345_1	nirA	1
GCA_034679345_1	nmo	3
GCA_034679345_1	norB	1
GCA_034679345_1	nosZ	1
GCA_034679345_1	nrfA	1
GCA_034679345_1	nrfC	4
GCA_034679345_1	nrfD	2
GCA_034717985_1	gdh_K00262	1
GCA_034717985_1	gdh_K15371	1
GCA_034717985_1	glnA	1
GCA_034717985_1	gs_K00266	3
GCA_034717985_1	narJ	1
GCA_034717985_1	nmo	3
GCA_035249825_1	NR	1
GCA_035249825_1	ansB	1
GCA_035249825_1	asnB	7
GCA_035249825_1	gdh_K00261	4
GCA_035249825_1	gdh_K00262	3
GCA_035249825_1	gdh_K15371	1
GCA_035249825_1	glnA	3
GCA_035249825_1	glsA	2
GCA_035249825_1	gs_K00265	2
GCA_035249825_1	gs_K00266	4
GCA_035249825_1	napA	1
GCA_035249825_1	nirK	2
GCA_035249825_1	nirS	1
GCA_035249825_1	nmo	3
GCA_035249825_1	norC	2
GCA_035249825_1	nosZ	4
GCA_035249825_1	nrfC	1
GCA_035249825_1	nrfD	1
GCA_035288405_1	NR	1
GCA_035288405_1	asnB	1
GCA_035288405_1	gdh_K00261	2
GCA_035288405_1	gdh_K15371	1
GCA_035288405_1	glnA	2
GCA_035288405_1	glsA	2
GCA_035288405_1	gs_K00266	8
GCA_035288405_1	gs_K00284	1
GCA_035288405_1	napA	4
GCA_035288405_1	narJ	1
GCA_035288405_1	narZ	2
GCA_035288405_1	nasA	4
GCA_035288405_1	nirB	2
GCA_035288405_1	nirD	2
GCA_035288405_1	nirK	2
GCA_035288405_1	nirS	1
GCA_035288405_1	nmo	5
GCA_035288405_1	norB	1
GCA_035288405_1	norC	1
GCA_035288405_1	nosZ	2
GCA_035288405_1	nrfC	9
GCA_035288405_1	nrfD	3
GCA_035353495_1	asnB	6
GCA_035353495_1	gdh_K00261	3
GCA_035353495_1	gdh_K00262	6
GCA_035353495_1	gdh_K15371	1
GCA_035353495_1	glnA	5
GCA_035353495_1	glsA	5
GCA_035353495_1	gs_K00264	1
GCA_035353495_1	gs_K00266	5
GCA_035353495_1	hcp	2
GCA_035353495_1	narB	1
GCA_035353495_1	nasA	2
GCA_035353495_1	nmo	2
GCA_035353495_1	nrfC	1
GCA_035359435_1	asnB	5
GCA_035359435_1	gdh_K00261	2
GCA_035359435_1	gdh_K00262	1
GCA_035359435_1	gdh_K15371	1
GCA_035359435_1	glnA	2
GCA_035359435_1	glsA	6
GCA_035359435_1	gs_K00264	1
GCA_035359435_1	gs_K00266	9
GCA_035359435_1	hcp	1
GCA_035359435_1	nasA	1
GCA_035359435_1	nasB	1
GCA_035359435_1	nirA	1
GCA_035359435_1	nirB	3
GCA_035359435_1	nmo	1
GCA_035359435_1	nrfC	1
GCA_035379745_1	NR	2
GCA_035379745_1	ansB	2
GCA_035379745_1	asnB	1
GCA_035379745_1	gdh_K00261	1
GCA_035379745_1	gdh_K00262	2
GCA_035379745_1	gdh_K15371	2
GCA_035379745_1	glnA	2
GCA_035379745_1	glsA	3
GCA_035379745_1	gs_K00264	1
GCA_035379745_1	gs_K00266	10
GCA_035379745_1	hcp	2
GCA_035379745_1	nirB	2
GCA_035379745_1	nirD	1
GCA_035379745_1	nmo	1
GCA_035380865_1	asnB	2
GCA_035380865_1	gdh_K00261	1
GCA_035380865_1	gdh_K00262	3
GCA_035380865_1	gdh_K15371	1
GCA_035380865_1	glnA	3
GCA_035380865_1	glsA	6
GCA_035380865_1	gs_K00265	2
GCA_035380865_1	gs_K00266	8
GCA_035380865_1	gs_K00284	1
GCA_035380865_1	hcp	1
GCA_035380865_1	narH	1
GCA_035380865_1	nasA	1
GCA_035380865_1	nifH	2
GCA_035380865_1	nifK	2
GCA_035380865_1	nirB	1
GCA_035380865_1	nirS	3
GCA_035380865_1	nmo	3
GCA_035380865_1	nrfC	2
GCA_035391585_1	NR	1
GCA_035391585_1	gdh_K00262	1
GCA_035391585_1	gdh_K15371	1
GCA_035391585_1	glnA	2
GCA_035391585_1	glsA	1
GCA_035391585_1	gs_K00266	2
GCA_035391585_1	nasA	1
GCA_035391585_1	nmo	1
GCA_035391585_1	nrfC	2
GCA_035455105_1	amoA_A	1
GCA_035455105_1	amoB_A	1
GCA_035455105_1	amoC_A	1
GCA_035455105_1	asnB	4
GCA_035455105_1	gdh_K00261	2
GCA_035455105_1	gdh_K00262	1
GCA_035455105_1	glnA	2
GCA_035455105_1	glsA	1
GCA_035455105_1	gs_K00266	1
GCA_035455105_1	narC	1
GCA_035455105_1	nirA	1
GCA_035455105_1	nirB	1
GCA_035455105_1	nirD	4
GCA_035455105_1	nirK	6
GCA_035455105_1	nmo	3
GCA_035484035_1	NR	1
GCA_035484035_1	asnB	3
GCA_035484035_1	gdh_K00261	1
GCA_035484035_1	gdh_K00262	2
GCA_035484035_1	gdh_K15371	2
GCA_035484035_1	glnA	7
GCA_035484035_1	glsA	6
GCA_035484035_1	gs_K00265	1
GCA_035484035_1	gs_K00266	7
GCA_035484035_1	gs_K00284	1
GCA_035484035_1	narB	3
GCA_035484035_1	narC	1
GCA_035484035_1	nasA	2
GCA_035484035_1	nirB	2
GCA_035484035_1	nirK	2
GCA_035484035_1	nirS	1
GCA_035484035_1	nmo	4
GCA_035484035_1	nrfC	1
GCA_035484035_1	ureA	1
GCA_035484035_1	ureB	1
GCA_035484035_1	ureC	3
GCA_035489015_1	NR	1
GCA_035489015_1	ansB	1
GCA_035489015_1	asnB	4
GCA_035489015_1	gdh_K00261	2
GCA_035489015_1	gdh_K00262	1
GCA_035489015_1	gdh_K15371	1
GCA_035489015_1	glnA	5
GCA_035489015_1	glsA	4
GCA_035489015_1	gs_K00265	1
GCA_035489015_1	gs_K00266	9
GCA_035489015_1	napA	2
GCA_035489015_1	narB	1
GCA_035489015_1	narI	1
GCA_035489015_1	nasA	2
GCA_035489015_1	nirA	2
GCA_035489015_1	nirB	1
GCA_035489015_1	nirD	1
GCA_035489015_1	nirK	1
GCA_035489015_1	nmo	4
GCA_035489015_1	norB	2
GCA_035489015_1	nosZ	1
GCA_035489015_1	nrfC	6
GCA_035489015_1	ureC	3
GCA_035542955_1	ansB	1
GCA_035542955_1	asnB	4
GCA_035542955_1	gdh_K00261	1
GCA_035542955_1	gdh_K00262	1
GCA_035542955_1	glnA	1
GCA_035542955_1	glsA	1
GCA_035542955_1	gs_K00266	5
GCA_035542955_1	hao	1
GCA_035542955_1	narC	1
GCA_035542955_1	nasB	1
GCA_035542955_1	nmo	2
GCA_035542955_1	ureC	1
GCA_036259955_1	amoA_A	1
GCA_036259955_1	amoB_A	1
GCA_036259955_1	amoC_A	2
GCA_036259955_1	ansB	1
GCA_036259955_1	asnB	6
GCA_036259955_1	gdh_K00261	1
GCA_036259955_1	gdh_K00262	1
GCA_036259955_1	glnA	1
GCA_036259955_1	gs_K00266	1
GCA_036259955_1	nirA	1
GCA_036259955_1	nirB	1
GCA_036259955_1	nirD	5
GCA_036259955_1	nirK	4
GCA_036259955_1	nmo	2
GCA_036259955_1	ureA	1
GCA_036381125_1	NR	6
GCA_036381125_1	ansB	2
GCA_036381125_1	asnB	1
GCA_036381125_1	gdh_K00260	1
GCA_036381125_1	gdh_K00261	1
GCA_036381125_1	gdh_K00262	3
GCA_036381125_1	gdh_K15371	2
GCA_036381125_1	glnA	5
GCA_036381125_1	glsA	4
GCA_036381125_1	gs_K00266	4
GCA_036381125_1	narB	1
GCA_036381125_1	narI	1
GCA_036381125_1	narJ	1
GCA_036381125_1	nasA	6
GCA_036381125_1	nirA	1
GCA_036381125_1	nirB	1
GCA_036381125_1	nirD	3
GCA_036381125_1	nirS	6
GCA_036381125_1	nmo	7
GCA_036381125_1	norB	2
GCA_036381125_1	norC	1
GCA_036381125_1	nosZ	4
GCA_036381125_1	nrfA	1
GCA_036381125_1	nrfC	2
GCA_036381125_1	nxrA	1
GCA_036381125_1	nxrB	1
GCA_036381125_1	ureC	3
GCA_036444275_1	ansB	2
GCA_036444275_1	asnB	2
GCA_036444275_1	gdh_K00261	1
GCA_036444275_1	gdh_K00262	1
GCA_036444275_1	glnA	2
GCA_036444275_1	gs_K00266	6
GCA_036444275_1	narB	1
GCA_036444275_1	nasA	1
GCA_036444275_1	nirA	2
GCA_036444275_1	nirS	1
GCA_036444275_1	nmo	5
GCA_036444275_1	nosZ	1
GCA_036444275_1	nrfA	1
GCA_036444275_1	nrfC	1
GCA_036477985_1	NR	2
GCA_036477985_1	ansB	1
GCA_036477985_1	asnB	4
GCA_036477985_1	gdh_K00261	2
GCA_036477985_1	gdh_K00262	1
GCA_036477985_1	gdh_K15371	1
GCA_036477985_1	glnA	6
GCA_036477985_1	glsA	4
GCA_036477985_1	gs_K00266	10
GCA_036477985_1	gs_K00284	3
GCA_036477985_1	napA	2
GCA_036477985_1	narC	1
GCA_036477985_1	narH	1
GCA_036477985_1	nasA	5
GCA_036477985_1	nirA	1
GCA_036477985_1	nirB	2
GCA_036477985_1	nirD	2
GCA_036477985_1	nirK	2
GCA_036477985_1	nmo	4
GCA_036477985_1	nosZ	1
GCA_036477985_1	nrfC	1
GCA_036480675_1	asnB	2
GCA_036480675_1	gdh_K00261	1
GCA_036480675_1	gdh_K00262	2
GCA_036480675_1	glnA	1
GCA_036480675_1	gs_K00265	1
GCA_036480675_1	gs_K00266	11
GCA_036480675_1	gs_K00284	1
GCA_036480675_1	hao	1
GCA_036480675_1	hcp	1
GCA_036480675_1	napA	1
GCA_036480675_1	narC	1
GCA_036480675_1	narG	2
GCA_036480675_1	narH	1
GCA_036480675_1	narI	1
GCA_036480675_1	narJ	1
GCA_036480675_1	nasA	2
GCA_036480675_1	nmo	3
GCA_036480675_1	nrfC	2
GCA_036562265_1	NR	2
GCA_036562265_1	ansB	1
GCA_036562265_1	asnB	4
GCA_036562265_1	gdh_K00260	1
GCA_036562265_1	gdh_K00261	1
GCA_036562265_1	gdh_K00262	6
GCA_036562265_1	gdh_K15371	1
GCA_036562265_1	glnA	6
GCA_036562265_1	glsA	3
GCA_036562265_1	gs_K00266	3
GCA_036562265_1	narB	2
GCA_036562265_1	nasA	4
GCA_036562265_1	nirA	1
GCA_036562265_1	nirD	1
GCA_036562265_1	nirK	1
GCA_036562265_1	nirS	3
GCA_036562265_1	nmo	4
GCA_036562265_1	norB	1
GCA_036562265_1	norC	1
GCA_036562265_1	nosZ	2
GCA_036562265_1	nrfA	2
GCA_036562265_1	nrfC	1
GCA_036562265_1	nrfD	1
GCA_036562265_1	nxrA	1
GCA_036562265_1	ureC	2
GCA_036824335_1	ansB	1
GCA_036824335_1	asnB	3
GCA_036824335_1	gdh_K00261	1
GCA_036824335_1	gdh_K00262	2
GCA_036824335_1	gdh_K15371	2
GCA_036824335_1	glnA	2
GCA_036824335_1	glsA	4
GCA_036824335_1	gs_K00266	4
GCA_036824335_1	hcp	1
GCA_036824335_1	nasA	1
GCA_036824335_1	nmo	5
GCA_036824335_1	nosZ	1
GCA_036824335_1	nrfC	1
GCA_036844865_1	NR	1
GCA_036844865_1	amoA_A	1
GCA_036844865_1	amoB_A	1
GCA_036844865_1	amoC_A	2
GCA_036844865_1	ansB	1
GCA_036844865_1	asnB	4
GCA_036844865_1	gdh_K00261	1
GCA_036844865_1	glnA	3
GCA_036844865_1	gs_K00266	1
GCA_036844865_1	narC	1
GCA_036844865_1	nirA	1
GCA_036844865_1	nirB	1
GCA_036844865_1	nirD	6
GCA_036844865_1	nirK	2
GCA_036844865_1	nmo	3
GCA_036844865_1	nosZ	2
GCA_036844865_1	ureA	1
GCA_036844865_1	ureB	1
GCA_036844865_1	ureC	1
GCA_037439705_1	asnB	5
GCA_037439705_1	gdh_K00262	2
GCA_037439705_1	gdh_K15371	1
GCA_037439705_1	glnA	3
GCA_037439705_1	glsA	5
GCA_037439705_1	gs_K00266	6
GCA_037439705_1	narC	1
GCA_037439705_1	nasA	1
GCA_037439705_1	nifK	1
GCA_037439705_1	nirA	1
GCA_037439705_1	nirD	1
GCA_037439705_1	nirS	1
GCA_037439705_1	nmo	4
GCA_037439705_1	norB	1
GCA_037439705_1	nrfC	4
GCA_037439705_1	nrfD	2
GCA_038043205_1	NR	1
GCA_038043205_1	asnB	6
GCA_038043205_1	gdh_K00260	1
GCA_038043205_1	gdh_K00261	6
GCA_038043205_1	gdh_K00262	1
GCA_038043205_1	gdh_K15371	1
GCA_038043205_1	glnA	2
GCA_038043205_1	glsA	1
GCA_038043205_1	gs_K00265	1
GCA_038043205_1	gs_K00266	7
GCA_038043205_1	hao	2
GCA_038043205_1	hdh	2
GCA_038043205_1	hzo	2
GCA_038043205_1	hzsA	1
GCA_038043205_1	hzsB	1
GCA_038043205_1	hzsC	2
GCA_038043205_1	napA	4
GCA_038043205_1	narC	4
GCA_038043205_1	narG	2
GCA_038043205_1	narH	1
GCA_038043205_1	nasA	1
GCA_038043205_1	nifH	1
GCA_038043205_1	nifK	1
GCA_038043205_1	nirB	1
GCA_038043205_1	nirK	1
GCA_038043205_1	nirS	3
GCA_038043205_1	nmo	1
GCA_038043205_1	norB	2
GCA_038043205_1	norC	3
GCA_038043205_1	nosZ	1
GCA_038043205_1	nrfB	1
GCA_038043205_1	nrfC	1
GCA_038061795_1	NR	1
GCA_038061795_1	asnB	1
GCA_038108555_1	NR	4
GCA_038108555_1	asnB	6
GCA_038108555_1	gdh_K00261	3
GCA_038108555_1	gdh_K00262	2
GCA_038108555_1	gdh_K15371	1
GCA_038108555_1	glnA	2
GCA_038108555_1	glsA	6
GCA_038108555_1	gs_K00265	1
GCA_038108555_1	gs_K00266	5
GCA_038108555_1	hcp	1
GCA_038108555_1	napA	1
GCA_038108555_1	narB	1
GCA_038108555_1	narC	2
GCA_038108555_1	narG	1
GCA_038108555_1	nasA	1
GCA_038108555_1	nirA	1
GCA_038108555_1	nirD	2
GCA_038108555_1	nirK	4
GCA_038108555_1	nirS	2
GCA_038108555_1	nmo	3
GCA_038108555_1	nrfC	1
GCA_038108555_1	nxrB	1
GCA_038825355_1	ansB	1
GCA_038825355_1	asnB	3
GCA_038825355_1	gdh_K00260	1
GCA_038825355_1	glnA	1
GCA_038825355_1	gs_K00266	5
GCA_038825355_1	napA	1
GCA_038825355_1	narB	1
GCA_038825355_1	nasA	2
GCA_038825355_1	nasB	1
GCA_038825355_1	nmo	1
GCA_038890115_1	ansB	1
GCA_038890115_1	gdh_K00262	2
GCA_038890115_1	gs_K00266	1
GCA_038890115_1	hcp	1
GCA_038890115_1	nmo	1
GCA_038999215_1	NR	1
GCA_038999215_1	ansB	1
GCA_038999215_1	asnB	2
GCA_038999215_1	gdh_K00261	1
GCA_038999215_1	nao	1
GCA_039630415_1	asnB	3
GCA_039630415_1	gdh_K00261	2
GCA_039630415_1	gdh_K15371	1
GCA_039630415_1	glnA	3
GCA_039630415_1	glsA	1
GCA_039630415_1	gs_K00266	2
GCA_039630415_1	nirD	1
GCA_039630415_1	nirS	1
GCA_039630415_1	nmo	1
GCA_039630415_1	nosZ	1
GCA_039683515_1	asnB	3
GCA_039683515_1	gdh_K00260	1
GCA_039683515_1	gdh_K00261	1
GCA_039683515_1	gdh_K00262	5
GCA_039683515_1	gdh_K15371	2
GCA_039683515_1	glnA	1
GCA_039683515_1	glsA	1
GCA_039683515_1	gs_K00266	3
GCA_039683515_1	nifH	1
GCA_039683515_1	nirS	1
GCA_039683515_1	nmo	1
GCA_039683515_1	norB	1
GCA_039683515_1	nosZ	2
GCA_039683515_1	nrfC	1
GCA_039922995_1	NR	1
GCA_039922995_1	amoA_B	1
GCA_039922995_1	amoC_B	1
GCA_039922995_1	asnB	3
GCA_039922995_1	gdh_K00262	2
GCA_039922995_1	gdh_K15371	2
GCA_039922995_1	glnA	2
GCA_039922995_1	gs_K00265	1
GCA_039922995_1	gs_K00266	2
GCA_039922995_1	narJ	2
GCA_039922995_1	nasA	1
GCA_039922995_1	nasB	1
GCA_039922995_1	nirA	1
GCA_039922995_1	nirK	1
GCA_039922995_1	nmo	3
GCA_039922995_1	nosZ	1
GCA_039922995_1	nrfC	1
GCA_039922995_1	ureA	1
GCA_039922995_1	ureB	1
GCA_039922995_1	ureC	1
GCA_039927655_1	NR	2
GCA_039927655_1	amoC_B	1
GCA_039927655_1	asnB	3
GCA_039927655_1	gdh_K00262	1
GCA_039927655_1	gdh_K15371	1
GCA_039927655_1	glnA	2
GCA_039927655_1	glsA	1
GCA_039927655_1	gs_K00266	2
GCA_039927655_1	narJ	2
GCA_039927655_1	nirA	1
GCA_039927655_1	nirS	2
GCA_039927655_1	nmo	2
GCA_039927655_1	nosZ	1
GCA_039927655_1	nrfC	1
GCA_039936655_1	NR	1
GCA_039936655_1	amoC_B	1
GCA_039936655_1	asnB	3
GCA_039936655_1	gdh_K00262	2
GCA_039936655_1	gdh_K15371	2
GCA_039936655_1	glnA	3
GCA_039936655_1	glsA	1
GCA_039936655_1	gs_K00266	1
GCA_039936655_1	narJ	2
GCA_039936655_1	nasA	2
GCA_039936655_1	nasB	1
GCA_039936655_1	nirA	1
GCA_039936655_1	nirK	1
GCA_039936655_1	norB	1
GCA_039936655_1	norC	2
GCA_039936655_1	nosZ	1
GCA_039936655_1	nrfC	1
GCA_039936655_1	ureA	1
GCA_039936655_1	ureB	1
GCA_039936655_1	ureC	1
GCA_039961795_1	amoA_A	2
GCA_039961795_1	amoB_A	1
GCA_039961795_1	amoC_A	6
GCA_039961795_1	ansB	1
GCA_039961795_1	asnB	4
GCA_039961795_1	gdh_K00261	3
GCA_039961795_1	gdh_K00262	1
GCA_039961795_1	glnA	3
GCA_039961795_1	gs_K00266	1
GCA_039961795_1	narC	1
GCA_039961795_1	nirA	2
GCA_039961795_1	nirB	1
GCA_039961795_1	nirD	4
GCA_039961795_1	nirK	9
GCA_039961795_1	nmo	7
GCA_039961795_1	nosZ	1
GCA_039961795_1	ureA	1
GCA_039961795_1	ureB	1
GCA_039961795_1	ureC	1
GCA_040225955_1	ansB	1
GCA_040225955_1	asnB	1
GCA_040225955_1	gdh_K00261	1
GCA_040225955_1	glnA	2
GCA_040225955_1	gs_K00266	13
GCA_040225955_1	hcp	1
GCA_040225955_1	napA	1
GCA_040225955_1	nifH	1
GCA_040225955_1	nifK	1
GCA_040225955_1	nirB	1
GCA_040225955_1	nirS	1
GCA_040225955_1	nmo	3
GCA_040225955_1	nosZ	1
GCA_040225955_1	nrfC	6
GCA_040255845_1	NR	7
GCA_040255845_1	asnB	7
GCA_040255845_1	gdh_K00261	1
GCA_040255845_1	gdh_K00262	1
GCA_040255845_1	gdh_K15371	2
GCA_040255845_1	glnA	2
GCA_040255845_1	glsA	1
GCA_040255845_1	gs_K00265	2
GCA_040255845_1	gs_K00266	8
GCA_040255845_1	narB	2
GCA_040255845_1	nasA	1
GCA_040255845_1	nirA	3
GCA_040255845_1	nirD	3
GCA_040255845_1	nirK	3
GCA_040255845_1	nirS	4
GCA_040255845_1	nmo	6
GCA_040255845_1	norC	2
GCA_040255845_1	ureA	1
GCA_040255845_1	ureB	1
GCA_040255845_1	ureC	1
GCA_040255925_1	NR	6
GCA_040255925_1	gdh_K00261	2
GCA_040255925_1	gdh_K00262	2
GCA_040255925_1	gdh_K15371	2
GCA_040255925_1	glnA	6
GCA_040255925_1	glsA	5
GCA_040255925_1	gs_K00265	1
GCA_040255925_1	gs_K00266	1
GCA_040255925_1	narB	2
GCA_040255925_1	narC	3
GCA_040255925_1	narG	1
GCA_040255925_1	narI	1
GCA_040255925_1	narJ	1
GCA_040255925_1	nasA	2
GCA_040255925_1	nirA	1
GCA_040255925_1	nirB	1
GCA_040255925_1	nirD	3
GCA_040255925_1	nirK	1
GCA_040255925_1	nirS	1
GCA_040255925_1	nmo	5
GCA_040255925_1	norB	1
GCA_040255925_1	nosZ	1
GCA_040255925_1	nrfC	1
GCA_040255925_1	nxrA	4
GCA_040255925_1	nxrB	1
GCA_040386775_1	NR	1
GCA_040386775_1	asnB	1
GCA_040386775_1	gdh_K00261	2
GCA_040386775_1	gdh_K00262	1
GCA_040386775_1	gdh_K15371	1
GCA_040386775_1	glnA	1
GCA_040386775_1	glsA	3
GCA_040386775_1	gs_K00266	1
GCA_040386775_1	nasA	1
GCA_040386775_1	nmo	3
GCA_040386775_1	nrfC	1
GCA_040386775_1	ureC	1
GCA_040752395_1	asnB	10
GCA_040752395_1	gdh_K00262	1
GCA_040752395_1	gdh_K15371	1
GCA_040752395_1	glnA	1
GCA_040752395_1	glsA	1
GCA_040752395_1	gs_K00266	11
GCA_040752395_1	nasA	1
GCA_040752395_1	nirS	1
GCA_040752395_1	nmo	2
GCA_040752395_1	nosZ	1
GCA_040755155_1	NR	1
GCA_040755155_1	asnB	4
GCA_040755155_1	gdh_K00261	1
GCA_040755155_1	gdh_K00262	5
GCA_040755155_1	gdh_K15371	1
GCA_040755155_1	glnA	3
GCA_040755155_1	glsA	2
GCA_040755155_1	gs_K00265	1
GCA_040755155_1	gs_K00266	14
GCA_040755155_1	hao	1
GCA_040755155_1	hcp	1
GCA_040755155_1	hzsA	3
GCA_040755155_1	narC	1
GCA_040755155_1	narG	1
GCA_040755155_1	narH	1
GCA_040755155_1	narI	1
GCA_040755155_1	nasA	1
GCA_040755155_1	nifH	1
GCA_040755155_1	nirA	1
GCA_040755155_1	nirD	1
GCA_040755155_1	nirK	2
GCA_040755155_1	nmo	3
GCA_040755155_1	norB	1
GCA_040755155_1	nosZ	1
GCA_040755155_1	nrfC	5
GCA_040755155_1	nrfD	1
GCA_040755795_1	asnB	4
GCA_040755795_1	gdh_K00261	1
GCA_040755795_1	gdh_K00262	1
GCA_040755795_1	gdh_K15371	1
GCA_040755795_1	glnA	2
GCA_040755795_1	glsA	1
GCA_040755795_1	gs_K00265	2
GCA_040755795_1	gs_K00266	6
GCA_040755795_1	narH	1
GCA_040755795_1	narJ	1
GCA_040755795_1	nasA	1
GCA_040755795_1	nifH	2
GCA_040755795_1	nifK	1
GCA_040755795_1	nirS	1
GCA_040755795_1	nmo	5
GCA_040755795_1	nrfC	1
GCA_040755795_1	nrfD	1
GCA_040755795_1	ureC	1
GCA_040757115_1	asnB	5
GCA_040757115_1	gdh_K00261	1
GCA_040757115_1	gdh_K00262	1
GCA_040757115_1	gdh_K15371	1
GCA_040757115_1	glnA	2
GCA_040757115_1	glsA	1
GCA_040757115_1	gs_K00266	6
GCA_040757115_1	narH	2
GCA_040757115_1	narJ	1
GCA_040757115_1	nasA	1
GCA_040757115_1	nifH	1
GCA_040757115_1	nirB	1
GCA_040757115_1	nirS	1
GCA_040757115_1	nmo	5
GCA_040757115_1	nrfC	1
GCA_040772385_1	ansB	3
GCA_040772385_1	asnB	9
GCA_040772385_1	gdh_K00261	2
GCA_040772385_1	gdh_K00262	2
GCA_040772385_1	glnA	3
GCA_040772385_1	glsA	4
GCA_040772385_1	gs_K00266	21
GCA_040772385_1	gs_K00284	1
GCA_040772385_1	hcp	1
GCA_040772385_1	napA	1
GCA_040772385_1	narH	1
GCA_040772385_1	nasA	2
GCA_040772385_1	nirA	1
GCA_040772385_1	nirB	1
GCA_040772385_1	nirS	2
GCA_040772385_1	nmo	7
GCA_040772385_1	nosZ	1
GCA_040772385_1	ureC	1
GCA_041306075_1	NR	2
GCA_041306075_1	ansB	1
GCA_041306075_1	asnB	4
GCA_041306075_1	gdh_K00262	5
GCA_041306075_1	glnA	1
GCA_041306075_1	gs_K00266	1
GCA_041306075_1	nmo	3
GCA_041306075_1	nosZ	1
GCA_041393395_1	NR	2
GCA_041393395_1	ansB	1
GCA_041393395_1	asnB	4
GCA_041393395_1	gdh_K00261	3
GCA_041393395_1	gdh_K00262	5
GCA_041393395_1	gdh_K15371	2
GCA_041393395_1	glnA	1
GCA_041393395_1	glsA	2
GCA_041393395_1	gs_K00266	7
GCA_041393395_1	hao	1
GCA_041393395_1	hzsA	1
GCA_041393395_1	narB	1
GCA_041393395_1	nirK	1
GCA_041393395_1	nmo	4
GCA_041393395_1	norB	1
GCA_041393395_1	nosZ	3
GCA_041393395_1	nrfC	2
GCA_041483475_1	asnB	3
GCA_041483475_1	gdh_K00261	1
GCA_041483475_1	gdh_K15371	1
GCA_041483475_1	glnA	1
GCA_041483475_1	glsA	4
GCA_041483475_1	gs_K00265	1
GCA_041483475_1	gs_K00266	3
GCA_041483475_1	narB	1
GCA_041483475_1	nasA	3
GCA_041483475_1	nirA	2
GCA_041483475_1	nirB	3
GCA_041483475_1	nirD	1
GCA_041483475_1	nirK	1
GCA_041483475_1	nirS	1
GCA_041483475_1	nmo	3
GCA_041483475_1	nosZ	1
GCA_041483475_1	nrfC	1
GCA_041483475_1	ureC	1
GCA_041486365_1	asnB	4
GCA_041486365_1	gdh_K00262	2
GCA_041486365_1	gdh_K15371	2
GCA_041486365_1	glnA	5
GCA_041486365_1	glsA	1
GCA_041486365_1	gs_K00265	1
GCA_041486365_1	gs_K00266	4
GCA_041486365_1	gs_K00284	1
GCA_041486365_1	narB	1
GCA_041486365_1	narG	3
GCA_041486365_1	narH	2
GCA_041486365_1	narJ	1
GCA_041486365_1	nasA	2
GCA_041486365_1	nirD	4
GCA_041486365_1	nirK	1
GCA_041486365_1	nmo	3
GCA_041486365_1	nosZ	1
GCA_041623475_1	NR	1
GCA_041623475_1	asnB	2
GCA_041623475_1	gdh_K00262	2
GCA_041623475_1	gdh_K15371	2
GCA_041623475_1	glnA	3
GCA_041623475_1	glsA	16
GCA_041623475_1	gs_K00265	1
GCA_041623475_1	gs_K00266	3
GCA_041623475_1	napA	1
GCA_041623475_1	narB	2
GCA_041623475_1	narC	1
GCA_041623475_1	nasA	4
GCA_041623475_1	nifK	1
GCA_041623475_1	nirA	1
GCA_041623475_1	nirB	3
GCA_041623475_1	nirD	2
GCA_041623475_1	nirK	1
GCA_041623475_1	nirS	3
GCA_041623475_1	nmo	10
GCA_041623475_1	nrfC	2
GCA_041640455_1	gdh_K00262	1
GCA_041640455_1	gdh_K15371	1
GCA_041640455_1	glnA	1
GCA_041640455_1	glsA	1
GCA_041640455_1	gs_K00265	2
GCA_041640455_1	gs_K00266	5
GCA_041640455_1	hao	2
GCA_041640455_1	hcp	3
GCA_041640455_1	napA	3
GCA_041640455_1	nifD	2
GCA_041640455_1	nifH	2
GCA_041640455_1	nifK	1
GCA_041640455_1	nirA	1
GCA_041640455_1	nirB	1
GCA_041640455_1	nmo	6
GCA_041640455_1	nrfA	1
GCA_041640455_1	nrfC	8
GCA_041640455_1	nrfD	2
GCA_041651035_1	NR	1
GCA_041651035_1	gdh_K00262	1
GCA_041651035_1	gdh_K15371	1
GCA_041651035_1	glnA	1
GCA_041651035_1	glsA	1
GCA_041651035_1	gs_K00265	1
GCA_041651035_1	gs_K00266	8
GCA_041651035_1	hcp	1
GCA_041651035_1	nasA	1
GCA_041651035_1	nirB	1
GCA_041651035_1	nmo	3
GCA_041651035_1	nrfC	1
GCA_041665245_1	asnB	2
GCA_041665245_1	gdh_K00262	1
GCA_041665245_1	gdh_K15371	1
GCA_041665245_1	glnA	2
GCA_041665245_1	glsA	1
GCA_041665245_1	gs_K00265	1
GCA_041665245_1	gs_K00266	3
GCA_041665245_1	nasA	1
GCA_041665245_1	nirA	1
GCA_041665245_1	nmo	3
GCA_041665245_1	nrfC	1
GCA_041675285_1	asnB	2
GCA_041675285_1	gdh_K00262	2
GCA_041675285_1	gdh_K15371	1
GCA_041675285_1	glnA	3
GCA_041675285_1	glsA	3
GCA_041675285_1	gs_K00266	8
GCA_041675285_1	hao	1
GCA_041675285_1	nasA	1
GCA_041675285_1	nasB	1
GCA_041675285_1	nmo	4
GCA_041675285_1	norB	1
GCA_041675285_1	norC	1
GCA_041675285_1	nosZ	1
GCA_041675285_1	nrfA	1
GCA_041675285_1	nrfC	3
GCA_041675285_1	nrfD	1
GCA_041675285_1	ureC	1
GCA_041690355_1	NR	1
GCA_041690355_1	asnB	3
GCA_041690355_1	gdh_K00262	4
GCA_041690355_1	gdh_K15371	1
GCA_041690355_1	glnA	4
GCA_041690355_1	glsA	9
GCA_041690355_1	gs_K00265	1
GCA_041690355_1	gs_K00266	1
GCA_041690355_1	napC	1
GCA_041690355_1	narC	1
GCA_041690355_1	nasA	2
GCA_041690355_1	nirA	1
GCA_041690355_1	nirB	1
GCA_041690355_1	nirD	3
GCA_041690355_1	nirK	1
GCA_041690355_1	nirS	2
GCA_041690355_1	nmo	5
GCA_041690355_1	norB	1
GCA_041690355_1	norC	2
GCA_041690355_1	nrfC	1
GCA_041690355_1	ureC	1
GCA_041691515_1	NR	6
GCA_041691515_1	gdh_K00261	1
GCA_041691515_1	gdh_K15371	2
GCA_041691515_1	glnA	11
GCA_041691515_1	glsA	2
GCA_041691515_1	gs_K00265	1
GCA_041691515_1	gs_K00266	8
GCA_041691515_1	narB	2
GCA_041691515_1	narC	1
GCA_041691515_1	narH	1
GCA_041691515_1	nasA	3
GCA_041691515_1	nirA	2
GCA_041691515_1	nirD	3
GCA_041691515_1	nirK	3
GCA_041691515_1	nirS	1
GCA_041691515_1	nmo	12
GCA_041691515_1	nrfC	1
GCA_041691515_1	ureA	1
GCA_041691515_1	ureB	1
GCA_041691515_1	ureC	3
GCA_042138255_1	amoA_A	1
GCA_042138255_1	amoB_A	2
GCA_042138255_1	amoC_A	1
GCA_042138255_1	ansB	1
GCA_042138255_1	asnB	3
GCA_042138255_1	gdh_K00261	2
GCA_042138255_1	gdh_K00262	1
GCA_042138255_1	glnA	5
GCA_042138255_1	glsA	1
GCA_042138255_1	nifD	1
GCA_042138255_1	nifH	1
GCA_042138255_1	nirA	1
GCA_042138255_1	nirB	1
GCA_042138255_1	nirD	2
GCA_042138255_1	nirK	6
GCA_042138255_1	nmo	3
GCA_042570605_1	NR	1
GCA_042570605_1	gdh_K00261	3
GCA_042570605_1	gdh_K00262	3
GCA_042570605_1	gdh_K15371	1
GCA_042570605_1	glsA	3
GCA_042570605_1	gs_K00266	10
GCA_042570605_1	napA	1
GCA_042570605_1	nasA	1
GCA_042570605_1	nifH	1
GCA_042570605_1	nirB	1
GCA_042570605_1	nmo	1
GCA_042570605_1	nrfC	1
GCA_042570605_1	nrfD	1
GCA_042570605_1	ureB	1
GCA_043800495_1	gdh_K00261	1
GCA_043800495_1	nirS	1
GCA_043803085_1	ansB	1
GCA_043803085_1	asnB	3
GCA_043803085_1	gdh_K00262	1
GCA_043803085_1	gdh_K15371	1
GCA_043803085_1	glnA	3
GCA_043803085_1	glsA	1
GCA_043803085_1	gs_K00266	13
GCA_043803085_1	hao	2
GCA_043803085_1	hcp	1
GCA_043803085_1	hzsA	1
GCA_043803085_1	narC	1
GCA_043803085_1	narJ	1
GCA_043803085_1	nasA	2
GCA_043803085_1	nirD	1
GCA_043803085_1	nmo	4
GCA_043803085_1	nosZ	1
GCA_043803085_1	nrfC	4
GCA_043803085_1	nrfD	1
GCA_043803085_1	ureC	1
GCA_043805675_1	ansB	1
GCA_043805675_1	asnB	3
GCA_043805675_1	gdh_K00261	2
GCA_043805675_1	nmo	3
GCA_043817485_1	asnB	2
GCA_043817485_1	gdh_K00261	2
GCA_043817485_1	gdh_K00262	1
GCA_043817485_1	gdh_K15371	1
GCA_043817485_1	glnA	3
GCA_043817485_1	gs_K00265	2
GCA_043817485_1	gs_K00266	3
GCA_043817485_1	nmo	1
GCA_043817485_1	nrfC	1
GCA_043817485_1	nrfD	1
GCA_043818685_1	ansB	1
GCA_043818685_1	asnB	6
GCA_043818685_1	gdh_K00261	2
GCA_043818685_1	gdh_K00262	1
GCA_043818685_1	gdh_K15371	1
GCA_043818685_1	glnA	2
GCA_043818685_1	glsA	3
GCA_043818685_1	gs_K00266	7
GCA_043818685_1	hao	2
GCA_043818685_1	narJ	1
GCA_043818685_1	nasA	1
GCA_043818685_1	nifK	1
GCA_043818685_1	nmo	5
GCA_044237765_1	NR	3
GCA_044237765_1	asnB	1
GCA_044237765_1	gdh_K00262	3
GCA_044237765_1	gdh_K15371	1
GCA_044237765_1	glnA	3
GCA_044237765_1	glsA	2
GCA_044237765_1	gs_K00265	1
GCA_044237765_1	gs_K00266	2
GCA_044237765_1	narB	1
GCA_044237765_1	narJ	2
GCA_044237765_1	nasA	1
GCA_044237765_1	nirA	1
GCA_044237765_1	nirB	1
GCA_044237765_1	nirK	1
GCA_044237765_1	nirS	2
GCA_044237765_1	nmo	2
GCA_044237765_1	nrfC	1
GCA_044237765_1	pmoB	2
GCA_044237765_1	pmoC	3
GCA_045615885_1	ansB	1
GCA_045615885_1	gdh_K00262	3
GCA_045615885_1	gdh_K15371	1
GCA_045615885_1	glnA	2
GCA_045615885_1	glsA	1
GCA_045615885_1	gs_K00265	1
GCA_045615885_1	gs_K00266	3
GCA_045615885_1	nirB	1
GCA_045615885_1	nirD	1
GCA_045615885_1	nmo	1
GCA_045633865_1	NR	1
GCA_045633865_1	asnB	1
GCA_045633865_1	gdh_K00261	1
GCA_045633865_1	gdh_K00262	1
GCA_045633865_1	gdh_K15371	1
GCA_045633865_1	glnA	1
GCA_045633865_1	glsA	1
GCA_045633865_1	gs_K00266	2
GCA_045633865_1	nasA	1
GCA_045633865_1	nirB	1
GCA_045633865_1	nmo	3
GCA_045633865_1	nosZ	1
GCA_046089945_1	NR	2
GCA_046089945_1	asnB	6
GCA_046089945_1	gdh_K00261	1
GCA_046089945_1	gdh_K00262	1
GCA_046089945_1	gdh_K15371	2
GCA_046089945_1	glnA	2
GCA_046089945_1	glsA	2
GCA_046089945_1	gs_K00264	1
GCA_046089945_1	gs_K00265	2
GCA_046089945_1	gs_K00266	3
GCA_046089945_1	narH	1
GCA_046089945_1	nasA	2
GCA_046089945_1	nifD	1
GCA_046089945_1	nifH	1
GCA_046089945_1	nifK	2
GCA_046089945_1	nifW	1
GCA_046089945_1	nirA	1
GCA_046089945_1	nirB	4
GCA_046089945_1	nirD	1
GCA_046089945_1	nirK	1
GCA_046089945_1	nmo	3
GCA_046089945_1	norB	2
GCA_046089945_1	norC	1
GCA_046089945_1	nosZ	1
GCA_046089945_1	nrfC	1
GCA_046089945_1	pmoA	1
GCA_046089945_1	pmoB	1
GCA_046089945_1	pmoC	5
GCA_046089945_1	ureC	1
GCA_046095205_1	asnB	1
GCA_046095205_1	gdh_K15371	1
GCA_046095205_1	glnA	1
GCA_046095205_1	glsA	1
GCA_046095205_1	gs_K00266	2
GCA_046095205_1	gs_K00284	2
GCA_046095205_1	nirS	2
GCA_046095205_1	nmo	2
GCA_046095205_1	norC	1
GCA_046095205_1	nrfC	1
GCA_046484865_1	NR	2
GCA_046484865_1	asnB	5
GCA_046484865_1	gdh_K00261	1
GCA_046484865_1	gdh_K00262	5
GCA_046484865_1	glnA	3
GCA_046484865_1	glsA	3
GCA_046484865_1	gs_K00266	10
GCA_046484865_1	narB	1
GCA_046484865_1	narC	1
GCA_046484865_1	narI	2
GCA_046484865_1	nasA	1
GCA_046484865_1	nirA	1
GCA_046484865_1	nirK	2
GCA_046484865_1	nirS	2
GCA_046484865_1	nmo	8
GCA_046484865_1	norB	1
GCA_046484865_1	nosZ	1
GCA_046484865_1	nrfA	1
GCA_046484865_1	nrfC	5
GCA_046497165_1	ansB	1
GCA_046497165_1	gdh_K00261	1
GCA_046497165_1	gdh_K00262	4
GCA_046497165_1	gdh_K15371	2
GCA_046497165_1	glnA	1
GCA_046497165_1	glsA	1
GCA_046497165_1	gs_K00266	5
GCA_046497165_1	hcp	1
GCA_046497165_1	nirA	1
GCA_046497165_1	nirB	2
GCA_046497165_1	nmo	5
GCA_046497165_1	nosZ	1
GCA_046497485_1	ansB	1
GCA_046497485_1	asnB	2
GCA_046497485_1	gdh_K00261	1
GCA_046497485_1	nirB	3
GCA_046497485_1	nmo	1
GCA_046539725_1	NR	1
GCA_046539725_1	gdh_K00262	2
GCA_046539725_1	gdh_K15371	1
GCA_046539725_1	glnA	2
GCA_046539725_1	glsA	1
GCA_046539725_1	gs_K00265	1
GCA_046539725_1	gs_K00266	3
GCA_046539725_1	narJ	1
GCA_046539725_1	nasA	1
GCA_046539725_1	nifH	1
GCA_046539725_1	nirD	1
GCA_046539725_1	nirS	1
GCA_046539725_1	nmo	5
GCA_046539725_1	nrfC	2
GCA_046712755_1	amoA_A	1
GCA_046712755_1	amoB_A	1
GCA_046712755_1	amoC_A	1
GCA_046712755_1	asnB	3
GCA_046712755_1	gdh_K00261	2
GCA_046712755_1	gdh_K00262	1
GCA_046712755_1	glnA	1
GCA_046712755_1	glsA	1
GCA_046712755_1	narC	1
GCA_046712755_1	nirA	1
GCA_046712755_1	nirB	1
GCA_046712755_1	nirD	3
GCA_046712755_1	nirK	4
GCA_046712755_1	nmo	5
GCA_046712755_1	ureA	2
GCA_046712755_1	ureB	1
GCA_046712755_1	ureC	1
GCA_046759065_1	ansB	1
GCA_046759065_1	asnB	3
GCA_046759065_1	gdh_K00260	1
GCA_046759065_1	gdh_K00261	2
GCA_046759065_1	glnA	3
GCA_046759065_1	gs_K00266	6
GCA_046759065_1	nao	1
GCA_046759065_1	napA	1
GCA_046759065_1	nasB	1
GCA_046759065_1	nifK	2
GCA_046759065_1	nirB	1
GCA_046759065_1	nirK	1
GCA_046759065_1	nmo	2
GCA_046759065_1	nosZ	1
GCA_046759065_1	nrfC	3
GCA_046760505_1	ansB	1
GCA_046760505_1	asnB	5
GCA_046760505_1	gdh_K00261	1
GCA_046760505_1	gdh_K00262	1
GCA_046760505_1	glnA	2
GCA_046760505_1	gs_K00265	1
GCA_046760505_1	gs_K00266	7
GCA_046760505_1	hcp	1
GCA_046760505_1	narC	1
GCA_046760505_1	nasA	2
GCA_046760505_1	nifD	1
GCA_046760505_1	nifH	2
GCA_046760505_1	nifK	1
GCA_046760505_1	nirB	1
GCA_046760505_1	nirS	1
GCA_046760505_1	nmo	7
GCA_046760505_1	nrfC	1
GCA_046760705_1	asnB	2
GCA_046760705_1	gdh_K00261	1
GCA_046760705_1	gdh_K15371	2
GCA_046760705_1	glnA	2
GCA_046760705_1	gs_K00265	2
GCA_046760705_1	gs_K00266	17
GCA_046760705_1	hao	2
GCA_046760705_1	hzsA	1
GCA_046760705_1	napA	3
GCA_046760705_1	narC	1
GCA_046760705_1	nasA	2
GCA_046760705_1	nifK	1
GCA_046760705_1	nirA	1
GCA_046760705_1	nirB	1
GCA_046760705_1	nirS	1
GCA_046760705_1	nmo	4
GCA_046760705_1	norC	1
GCA_046760705_1	nrfC	6
GCA_046760705_1	ureC	1
GCA_047150005_1	NR	6
GCA_047150005_1	asnB	6
GCA_047150005_1	gdh_K00261	1
GCA_047150005_1	gdh_K00262	3
GCA_047150005_1	gdh_K15371	2
GCA_047150005_1	glnA	2
GCA_047150005_1	glsA	2
GCA_047150005_1	gs_K00265	1
GCA_047150005_1	gs_K00266	6
GCA_047150005_1	hao	1
GCA_047150005_1	narC	1
GCA_047150005_1	narG	2
GCA_047150005_1	narJ	1
GCA_047150005_1	nasA	1
GCA_047150005_1	nasB	1
GCA_047150005_1	nirA	1
GCA_047150005_1	nirB	3
GCA_047150005_1	nirD	3
GCA_047150005_1	nirK	2
GCA_047150005_1	nirS	4
GCA_047150005_1	nmo	4
GCA_047150005_1	norC	3
GCA_047150005_1	nxrB	2
GCA_047150005_1	ureA	1
GCA_047150005_1	ureB	1
GCA_047150005_1	ureC	1
GCA_049718665_1	asnB	2
GCA_049718665_1	gdh_K15371	1
GCA_049718665_1	glnA	1
GCA_049718665_1	glsA	2
GCA_049718665_1	gs_K00265	1
GCA_049718665_1	gs_K00266	4
GCA_049718665_1	napA	1
GCA_049718665_1	nasA	2
GCA_049718665_1	nasB	1
GCA_049718665_1	nirA	1
GCA_049718665_1	nirB	1
GCA_049718665_1	nmo	8
GCA_049718665_1	nosZ	1
GCA_049840615_1	NR	3
GCA_049840615_1	asnB	1
GCA_049840615_1	gdh_K00262	2
GCA_049840615_1	gdh_K15371	3
GCA_049840615_1	glnA	26
GCA_049840615_1	glsA	6
GCA_049840615_1	gs_K00265	4
GCA_049840615_1	gs_K00266	6
GCA_049840615_1	napA	1
GCA_049840615_1	napB	1
GCA_049840615_1	napC	1
GCA_049840615_1	narH	1
GCA_049840615_1	narI	1
GCA_049840615_1	narJ	1
GCA_049840615_1	narZ	1
GCA_049840615_1	nasA	6
GCA_049840615_1	nirA	4
GCA_049840615_1	nirB	1
GCA_049840615_1	nirK	2
GCA_049840615_1	nirS	1
GCA_049840615_1	nmo	10
GCA_049840615_1	norB	1
GCA_049840615_1	norC	1
GCA_049840615_1	nosZ	1
GCA_049840615_1	nrfC	1
GCA_049840615_1	ureA	2
GCA_049840615_1	ureB	1
GCA_049840615_1	ureC	7
GCA_049967555_1	NR	1
GCA_049967555_1	ansB	1
GCA_049967555_1	asnB	1
GCA_049967555_1	nosZ	1
GCA_049968275_1	asnB	1
GCA_049968275_1	gdh_K00261	2
GCA_049968275_1	glnA	2
GCA_049968275_1	glsA	1
GCA_049968275_1	gs_K00266	1
GCA_049968275_1	nirD	1
GCA_049968275_1	nirS	1
GCA_049968275_1	nmo	1
GCA_049968275_1	nosZ	1
GCA_050123455_1	NR	1
GCA_050123455_1	ansB	1
GCA_050123455_1	asnB	1
GCA_050123455_1	gdh_K00261	2
GCA_050123455_1	gdh_K15371	1
GCA_050123455_1	glnA	3
GCA_050123455_1	gs_K00266	16
GCA_050123455_1	hcp	1
GCA_050123455_1	nasA	2
GCA_050123455_1	nirB	1
GCA_050123455_1	nirS	1
GCA_050123455_1	nmo	4
GCA_050123455_1	nrfC	2
GCA_050173015_1	ansB	1
GCA_050173015_1	asnB	4
GCA_050173015_1	gdh_K00261	4
GCA_050173015_1	gdh_K00262	1
GCA_050173015_1	gdh_K15371	1
GCA_050173015_1	glnA	3
GCA_050173015_1	glsA	6
GCA_050173015_1	gs_K00265	1
GCA_050173015_1	gs_K00266	9
GCA_050173015_1	hao	1
GCA_050173015_1	napA	1
GCA_050173015_1	narC	2
GCA_050173015_1	narG	3
GCA_050173015_1	narH	2
GCA_050173015_1	narI	2
GCA_050173015_1	narJ	2
GCA_050173015_1	nasA	1
GCA_050173015_1	nifH	1
GCA_050173015_1	nirD	2
GCA_050173015_1	nmo	6
GCA_050173015_1	norB	2
GCA_050173015_1	nosZ	1
GCA_050173015_1	nrfC	3
GCA_050173015_1	nrfD	2
GCA_050179015_1	NR	3
GCA_050179015_1	asnB	1
GCA_050179015_1	gdh_K00261	1
GCA_050179015_1	gdh_K00262	2
GCA_050179015_1	gdh_K15371	1
GCA_050179015_1	glnA	4
GCA_050179015_1	glsA	1
GCA_050179015_1	gs_K00265	1
GCA_050179015_1	gs_K00266	1
GCA_050179015_1	nasA	2
GCA_050179015_1	nasB	1
GCA_050179015_1	nifD	3
GCA_050179015_1	nifH	1
GCA_050179015_1	nifK	1
GCA_050179015_1	nifW	1
GCA_050179015_1	nirB	2
GCA_050179015_1	nirD	1
GCA_050179015_1	nirK	3
GCA_050179015_1	nirS	1
GCA_050179015_1	nmo	2
GCA_050179015_1	norB	1
GCA_050179015_1	norC	1
GCA_050179015_1	nrfC	1
GCA_050179015_1	pmoA	3
GCA_050179015_1	pmoB	3
GCA_050179015_1	pmoC	5
GCA_050251945_1	NR	1
GCA_050251945_1	anfG	1
GCA_050251945_1	asnB	1
GCA_050251945_1	gdh_K00262	1
GCA_050251945_1	gdh_K15371	2
GCA_050251945_1	glnA	1
GCA_050251945_1	glsA	3
GCA_050251945_1	gs_K00265	1
GCA_050251945_1	gs_K00266	9
GCA_050251945_1	hao	1
GCA_050251945_1	hcp	2
GCA_050251945_1	napA	6
GCA_050251945_1	narB	2
GCA_050251945_1	narC	1
GCA_050251945_1	narG	2
GCA_050251945_1	nasA	2
GCA_050251945_1	nifD	4
GCA_050251945_1	nifH	2
GCA_050251945_1	nifK	3
GCA_050251945_1	nirB	1
GCA_050251945_1	nirS	2
GCA_050251945_1	nmo	6
GCA_050251945_1	nosZ	1
GCA_050251945_1	nrfA	1
GCA_050251945_1	nrfC	13
GCA_050251945_1	nrfD	2
GCA_050253135_1	gdh_K00262	1
GCA_050253135_1	gdh_K15371	3
GCA_050253135_1	glnA	2
GCA_050253135_1	glsA	1
GCA_050253135_1	gs_K00264	1
GCA_050253135_1	gs_K00265	1
GCA_050253135_1	gs_K00266	2
GCA_050253135_1	hao	1
GCA_050253135_1	hcp	2
GCA_050253135_1	napA	1
GCA_050253135_1	napC	1
GCA_050253135_1	narC	1
GCA_050253135_1	narG	1
GCA_050253135_1	narH	1
GCA_050253135_1	narI	1
GCA_050253135_1	narJ	1
GCA_050253135_1	narZ	1
GCA_050253135_1	nasA	1
GCA_050253135_1	nasB	1
GCA_050253135_1	nirB	2
GCA_050253135_1	nirD	2
GCA_050253135_1	nmo	6
GCA_050253135_1	nrfC	4
GCA_051007495_1	NR	1
GCA_051007495_1	asnB	3
GCA_051007495_1	gdh_K00262	2
GCA_051007495_1	gdh_K15371	1
GCA_051007495_1	glnA	1
GCA_051007495_1	glsA	3
GCA_051007495_1	gs_K00265	2
GCA_051007495_1	gs_K00266	3
GCA_051007495_1	narH	1
GCA_051007495_1	nasA	1
GCA_051007495_1	nifD	4
GCA_051007495_1	nifH	1
GCA_051007495_1	nifK	2
GCA_051007495_1	nifW	1
GCA_051007495_1	nirA	1
GCA_051007495_1	nmo	4
GCA_051007495_1	norB	1
GCA_051007495_1	norC	1
GCA_051007495_1	nrfC	2
GCA_051007495_1	pmoA	1
GCA_051007495_1	pmoB	1
GCA_051007495_1	pmoC	3
GCA_051007495_1	ureA	1
GCA_051007495_1	ureB	1
GCA_051007495_1	ureC	1
GCA_051745145_1	NR	1
GCA_051745145_1	gdh_K00261	1
GCA_051745145_1	gdh_K00262	1
GCA_051745145_1	gdh_K15371	1
GCA_051745145_1	glnA	3
GCA_051745145_1	glsA	2
GCA_051745145_1	gs_K00265	1
GCA_051745145_1	gs_K00266	10
GCA_051745145_1	nmo	3
GCA_051745145_1	nosZ	1
GCA_051745145_1	nrfC	1
GCA_051953235_1	NR	4
GCA_051953235_1	gdh_K00261	1
GCA_051953235_1	gdh_K15371	1
GCA_051953235_1	glnA	6
GCA_051953235_1	glsA	2
GCA_051953235_1	gs_K00265	3
GCA_051953235_1	gs_K00266	7
GCA_051953235_1	napA	1
GCA_051953235_1	narB	2
GCA_051953235_1	nasA	1
GCA_051953235_1	nirA	3
GCA_051953235_1	nirD	3
GCA_051953235_1	nirK	3
GCA_051953235_1	nmo	12
GCA_051953235_1	nrfC	1
GCA_051953235_1	ureC	1
GCA_052033935_1	NR	1
GCA_052033935_1	asnB	1
GCA_052033935_1	gdh_K00261	1
GCA_052033935_1	gdh_K15371	1
GCA_052033935_1	glsA	1
GCA_052033935_1	gs_K00266	6
GCA_052033935_1	hcp	2
GCA_052033935_1	narJ	1
GCA_052033935_1	nasA	1
GCA_052033935_1	nirK	1
GCA_052033935_1	nirS	2
GCA_052033935_1	nmo	4
GCA_052033935_1	nosZ	4
GCA_052033935_1	nrfC	1
GCA_052390515_1	ansB	1
GCA_052390515_1	asnB	8
GCA_052390515_1	gdh_K00261	4
GCA_052390515_1	gdh_K00262	6
GCA_052390515_1	glnA	2
GCA_052390515_1	gs_K00264	1
GCA_052390515_1	gs_K00266	5
GCA_052390515_1	hzsA	1
GCA_052390515_1	narG	1
GCA_052390515_1	narH	1
GCA_052390515_1	nasA	1
GCA_052390515_1	nmo	5
GCA_052390515_1	nosZ	1
GCA_052390515_1	nrfA	1
GCA_052390515_1	nrfC	2
GCA_052390515_1	ureC	1
GCA_900321865_1	gdh_K15371	1
GCA_900321865_1	glnA	1
GCA_900321865_1	glsA	1
GCA_900321865_1	gs_K00266	1
GCA_900321865_1	nasA	1
GCA_900321865_1	nmo	2
GCA_902386255_1	NR	2
GCA_902386255_1	ansB	1
GCA_902386255_1	asnB	1
GCA_902386255_1	gdh_K00260	1
GCA_902386255_1	gdh_K00261	1
GCA_902386255_1	glnA	5
GCA_902386255_1	gs_K00265	1
GCA_902386255_1	gs_K00266	7
GCA_902386255_1	hao	2
GCA_902386255_1	napA	1
GCA_902386255_1	narB	1
GCA_902386255_1	narC	2
GCA_902386255_1	narG	1
GCA_902386255_1	narH	1
GCA_902386255_1	nasA	1
GCA_902386255_1	nifD	1
GCA_902386255_1	nifH	3
GCA_902386255_1	nifK	4
GCA_902386255_1	nirA	1
GCA_902386255_1	nirB	1
GCA_902386255_1	nirD	1
GCA_902386255_1	nirS	1
GCA_902386255_1	nmo	5
GCA_902386255_1	nosZ	1
GCA_902386255_1	nrfC	2
GCA_902606065_1	asnB	1
GCA_902606065_1	glnA	3
GCA_902606065_1	gs_K00265	1
GCA_902606065_1	gs_K00266	2
GCA_902606065_1	narC	1
GCA_902606065_1	nasA	1
GCA_902606065_1	nmo	1
GCA_903831375_1	ansB	1
GCA_903831375_1	gdh_K00261	1
GCA_903831375_1	gdh_K15371	1
GCA_903831375_1	glnA	1
GCA_903831375_1	glsA	1
GCA_903831375_1	nmo	3
GCA_903857865_1	NR	2
GCA_903857865_1	ansB	1
GCA_903857865_1	asnB	1
GCA_903857865_1	gdh_K00261	3
GCA_903857865_1	gdh_K00262	1
GCA_903857865_1	gdh_K15371	1
GCA_903857865_1	glnA	2
GCA_903857865_1	glsA	2
GCA_903857865_1	gs_K00266	11
GCA_903857865_1	hcp	2
GCA_903857865_1	narJ	1
GCA_903857865_1	nasA	1
GCA_903857865_1	nirD	1
GCA_903857865_1	nirK	1
GCA_903857865_1	nmo	4
GCA_903857865_1	nosZ	1
GCA_903857865_1	nrfC	1
GCA_903883855_1	ansB	1
GCA_903883855_1	asnB	1
GCA_903883855_1	gdh_K00261	1
GCA_903883855_1	gdh_K00262	2
GCA_903883855_1	gdh_K15371	1
GCA_903883855_1	glnA	1
GCA_903883855_1	glsA	3
GCA_903883855_1	gs_K00265	1
GCA_903883855_1	gs_K00266	3
GCA_903883855_1	nirA	1
GCA_903883855_1	nirB	1
GCA_903883855_1	nirS	1
GCA_903883855_1	nmo	2
GCA_903883855_1	nosZ	2
GCA_903883855_1	nrfA	1
GCA_903883855_1	nrfB	1
GCA_903883855_1	nrfC	1
GCA_903930515_1	asnB	2
GCA_903930515_1	gdh_K00261	2
GCA_903930515_1	gdh_K00262	2
GCA_903930515_1	gdh_K15371	2
GCA_903930515_1	glnA	6
GCA_903930515_1	glsA	8
GCA_903930515_1	gs_K00265	1
GCA_903930515_1	gs_K00266	10
GCA_903930515_1	hcp	1
GCA_903930515_1	nasA	2
GCA_903930515_1	nirB	1
GCA_903930515_1	nmo	7
GCA_903930515_1	nrfC	2
GCA_905236315_1	ansB	1
GCA_905236315_1	asnB	2
GCA_905236315_1	gdh_K00262	9
GCA_905236315_1	glnA	3
GCA_905236315_1	gs_K00266	6
GCA_905236315_1	gs_K00284	1
GCA_905236315_1	nifD	2
GCA_905236315_1	nifH	1
GCA_905236315_1	nifK	3
GCA_905236315_1	nmo	4
GCA_937132175_1	ansB	1
GCA_937132175_1	asnB	1
GCA_937132175_1	gdh_K00261	1
GCA_937132175_1	gs_K00266	1
GCA_937132175_1	nirB	1
GCA_937132175_1	nmo	1
GCA_937958695_1	asnB	1
GCA_937958695_1	gdh_K00260	1
GCA_937958695_1	gdh_K00262	1
GCA_937958695_1	gdh_K15371	1
GCA_937958695_1	glnA	3
GCA_937958695_1	glsA	1
GCA_937958695_1	gs_K00266	4
GCA_937958695_1	hcp	1
GCA_937958695_1	nasA	1
GCA_937958695_1	nirB	1
GCA_937958695_1	nmo	3
GCA_937967935_1	NR	2
GCA_937967935_1	asnB	1
GCA_937967935_1	gdh_K00261	2
GCA_937967935_1	gdh_K00262	2
GCA_937967935_1	gdh_K15371	1
GCA_937967935_1	glnA	6
GCA_937967935_1	glsA	2
GCA_937967935_1	gs_K00266	3
GCA_937967935_1	gs_K00284	1
GCA_937967935_1	napA	1
GCA_937967935_1	narB	1
GCA_937967935_1	narC	2
GCA_937967935_1	narG	1
GCA_937967935_1	narH	1
GCA_937967935_1	narJ	1
GCA_937967935_1	nasA	1
GCA_937967935_1	nasB	1
GCA_937967935_1	nirD	2
GCA_937967935_1	nirK	6
GCA_937967935_1	nirS	4
GCA_937967935_1	nmo	5
GCA_937967935_1	norB	1
GCA_937967935_1	nosZ	1
GCA_937967935_1	nrfC	2
GCA_944321895_1	NR	1
GCA_944321895_1	ansB	1
GCA_944321895_1	asnB	1
GCA_944321895_1	gdh_K00262	2
GCA_944321895_1	gdh_K15371	1
GCA_944321895_1	glnA	2
GCA_944321895_1	gs_K00265	1
GCA_944321895_1	gs_K00266	4
GCA_944321895_1	nmo	4
GCA_944321895_1	nosZ	1
GCA_944358455_1	gdh_K15371	2
GCA_944358455_1	glsA	1
GCA_944358455_1	gs_K00266	1
GCA_944358455_1	nmo	1
GCA_944358455_1	nrfC	1
GCA_945786985_1	asnB	5
GCA_945786985_1	gdh_K00261	1
GCA_945786985_1	gdh_K15371	1
GCA_945786985_1	glnA	2
GCA_945786985_1	gs_K00265	1
GCA_945786985_1	gs_K00266	9
GCA_945786985_1	gs_K00284	1
GCA_945786985_1	hao	2
GCA_945786985_1	hcp	1
GCA_945786985_1	napA	3
GCA_945786985_1	napC	1
GCA_945786985_1	narC	1
GCA_945786985_1	narH	1
GCA_945786985_1	narI	1
GCA_945786985_1	nasA	2
GCA_945786985_1	nasB	1
GCA_945786985_1	nirB	3
GCA_945786985_1	nmo	8
GCA_945786985_1	norB	1
GCA_945786985_1	norC	3
GCA_945786985_1	nrfA	1
GCA_945786985_1	nrfC	7
GCA_945787325_1	asnB	3
GCA_945787325_1	gdh_K15371	1
GCA_945787325_1	glnA	1
GCA_945787325_1	glsA	1
GCA_945787325_1	gs_K00265	2
GCA_945787325_1	gs_K00266	6
GCA_945787325_1	hao	2
GCA_945787325_1	hcp	1
GCA_945787325_1	napA	2
GCA_945787325_1	nasA	3
GCA_945787325_1	nirB	3
GCA_945787325_1	nirK	1
GCA_945787325_1	nmo	6
GCA_945787325_1	nrfC	6
GCA_945787325_1	nrfD	2
GCA_945889655_1	asnB	2
GCA_945889655_1	gdh_K00261	1
GCA_945889655_1	gdh_K00262	1
GCA_945889655_1	gdh_K15371	1
GCA_945889655_1	glnA	4
GCA_945889655_1	glsA	1
GCA_945889655_1	gs_K00266	1
GCA_945889655_1	narC	1
GCA_945889655_1	nasA	1
GCA_945889655_1	nirA	1
GCA_945889655_1	nirK	1
GCA_945889655_1	nirS	2
GCA_945889655_1	nmo	4
GCA_945889655_1	norC	1
GCA_945889655_1	nosZ	1
GCA_945889655_1	nrfC	3
GCA_947491025_1	asnB	2
GCA_947491025_1	gdh_K00261	1
GCA_947491025_1	gdh_K00262	1
GCA_947491025_1	gdh_K15371	2
GCA_947491025_1	glnA	2
GCA_947491025_1	glsA	8
GCA_947491025_1	gs_K00266	4
GCA_947491025_1	hzsB	1
GCA_947491025_1	napA	1
GCA_947491025_1	nifD	1
GCA_947491025_1	nifK	1
GCA_947491025_1	nirA	1
GCA_947491025_1	nmo	3
GCA_947491025_1	nrfC	3
GCA_963422735_1	asnB	1
GCA_963422735_1	gdh_K00261	2
GCA_963422735_1	gdh_K00262	1
GCA_963422735_1	gdh_K15371	1
GCA_963422735_1	glnA	8
GCA_963422735_1	glsA	1
GCA_963422735_1	gs_K00266	3
GCA_963422735_1	gs_K00284	1
GCA_963422735_1	napA	1
GCA_963422735_1	narJ	1
GCA_963422735_1	nirA	1
GCA_963422735_1	nirB	1
GCA_963422735_1	nirD	1
GCA_963422735_1	nmo	3
GCA_963422735_1	nrfA	1
GCA_963422735_1	ureC	1
GCA_963665755_1	NR	5
GCA_963665755_1	asnB	2
GCA_963665755_1	gdh_K00261	1
GCA_963665755_1	gdh_K00262	1
GCA_963665755_1	gdh_K15371	1
GCA_963665755_1	glnA	5
GCA_963665755_1	glsA	1
GCA_963665755_1	gs_K00266	6
GCA_963665755_1	gs_K00284	1
GCA_963665755_1	narJ	1
GCA_963665755_1	nasA	2
GCA_963665755_1	nirA	1
GCA_963665755_1	nirB	2
GCA_963665755_1	nirD	2
GCA_963665755_1	nirK	1
GCA_963665755_1	nmo	3
GCA_963665755_1	nosZ	2
GCA_963665755_1	nrfC	3
GCA_963665755_1	ureC	2
GCA_963701105_1	NR	3
GCA_963701105_1	asnB	2
GCA_963701105_1	gdh_K00261	2
GCA_963701105_1	gdh_K15371	1
GCA_963701105_1	glnA	1
GCA_963701105_1	glsA	1
GCA_963701105_1	gs_K00265	1
GCA_963701105_1	gs_K00266	2
GCA_963701105_1	hcp	1
GCA_963701105_1	napA	1
GCA_963701105_1	nirB	2
GCA_963701105_1	nmo	2
GCA_963709355_1	asnB	3
GCA_963709355_1	gdh_K00261	2
GCA_963709355_1	gdh_K00262	4
GCA_963709355_1	gdh_K15371	1
GCA_963709355_1	glnA	2
GCA_963709355_1	glsA	2
GCA_963709355_1	gs_K00266	7
GCA_963709355_1	hao	5
GCA_963709355_1	hdh	3
GCA_963709355_1	hzo	6
GCA_963709355_1	hzsA	2
GCA_963709355_1	hzsB	3
GCA_963709355_1	hzsC	2
GCA_963709355_1	napA	1
GCA_963709355_1	narC	1
GCA_963709355_1	narG	2
GCA_963709355_1	narH	1
GCA_963709355_1	nasA	3
GCA_963709355_1	nifH	1
GCA_963709355_1	nifK	1
GCA_963709355_1	nirB	2
GCA_963709355_1	nirK	1
GCA_963709355_1	nirS	1
GCA_963709355_1	nmo	3
GCA_963709355_1	nosZ	1
GCA_963709355_1	nrfC	3
GCA_963709355_1	nrfD	1
GCA_963768165_1	NR	2
GCA_963768165_1	asnB	2
GCA_963768165_1	gdh_K00261	1
GCA_963768165_1	gdh_K00262	1
GCA_963768165_1	gdh_K15371	1
GCA_963768165_1	glnA	2
GCA_963768165_1	glsA	1
GCA_963768165_1	gs_K00266	11
GCA_963768165_1	gs_K00284	1
GCA_963768165_1	nasA	2
GCA_963768165_1	nirA	1
GCA_963768165_1	nirB	1
GCA_963768165_1	nirD	2
GCA_963768165_1	nirK	2
GCA_963768165_1	nirS	1
GCA_963768165_1	nmo	3
GCA_963768165_1	norB	1
GCA_963768165_1	nosZ	4
GCA_963768165_1	nrfC	2
GCA_963768165_1	ureA	1
GCA_963773125_1	NR	3
GCA_963773125_1	ansB	1
GCA_963773125_1	gdh_K00261	1
GCA_963773125_1	gdh_K00262	1
GCA_963773125_1	gdh_K15371	1
GCA_963773125_1	glnA	9
GCA_963773125_1	glsA	4
GCA_963773125_1	gs_K00266	6
GCA_963773125_1	narB	2
GCA_963773125_1	narC	1
GCA_963773125_1	nasA	2
GCA_963773125_1	nirA	1
GCA_963773125_1	nirD	2
GCA_963773125_1	nirK	1
GCA_963773125_1	nmo	2
GCA_963773125_1	norB	1
GCA_963773125_1	nosZ	4
GCA_963773125_1	nrfC	2
GCA_963773125_1	ureA	1
GCA_963773125_1	ureC	4
GCA_963775895_1	NR	1
GCA_963775895_1	ansB	1
GCA_963775895_1	asnB	2
GCA_963775895_1	gdh_K00260	1
GCA_963775895_1	gdh_K00261	2
GCA_963775895_1	glnA	3
GCA_963775895_1	gs_K00266	7
GCA_963775895_1	hao	1
GCA_963775895_1	napA	1
GCA_963775895_1	nasA	1
GCA_963775895_1	nifH	1
GCA_963775895_1	nirK	1
GCA_963775895_1	nmo	6
GCA_963775895_1	nrfC	2
GCA_963786355_1	NR	3
GCA_963786355_1	asnB	1
GCA_963786355_1	gdh_K15371	1
GCA_963786355_1	glnA	8
GCA_963786355_1	glsA	6
GCA_963786355_1	gs_K00265	1
GCA_963786355_1	gs_K00266	7
GCA_963786355_1	napC	1
GCA_963786355_1	narB	1
GCA_963786355_1	narC	1
GCA_963786355_1	narH	1
GCA_963786355_1	nasA	3
GCA_963786355_1	nirA	2
GCA_963786355_1	nirB	2
GCA_963786355_1	nirD	4
GCA_963786355_1	nirK	1
GCA_963786355_1	nirS	1
GCA_963786355_1	nmo	10
GCA_963786355_1	nosZ	2
GCA_963786355_1	nrfC	1
GCA_963786355_1	ureA	1
GCA_963786355_1	ureB	1
GCA_963786355_1	ureC	4
GCA_963807355_1	asnB	1
GCA_963807355_1	gdh_K00261	2
GCA_963807355_1	gdh_K00262	2
GCA_963807355_1	gdh_K15371	1
GCA_963807355_1	glnA	4
GCA_963807355_1	glsA	3
GCA_963807355_1	gs_K00266	2
GCA_963807355_1	narC	1
GCA_963807355_1	narI	1
GCA_963807355_1	narJ	1
GCA_963807355_1	narZ	1
GCA_963807355_1	nasA	1
GCA_963807355_1	nirB	1
GCA_963807355_1	nirD	1
GCA_963807355_1	nirK	2
GCA_963807355_1	nmo	5
GCA_963807355_1	nosZ	1
GCA_963807355_1	nrfC	1
GCA_963807355_1	nxrB	2
GCA_963814615_1	NR	3
GCA_963814615_1	gdh_K00261	1
GCA_963814615_1	gdh_K00262	1
GCA_963814615_1	gdh_K15371	1
GCA_963814615_1	glnA	2
GCA_963814615_1	glsA	3
GCA_963814615_1	gs_K00265	1
GCA_963814615_1	gs_K00266	7
GCA_963814615_1	narB	1
GCA_963814615_1	narC	1
GCA_963814615_1	narH	1
GCA_963814615_1	nasA	2
GCA_963814615_1	nirA	2
GCA_963814615_1	nirB	1
GCA_963814615_1	nirD	1
GCA_963814615_1	nirS	1
GCA_963814615_1	nmo	7
GCA_963814615_1	nosZ	2
GCA_963814615_1	ureA	1
GCA_963814615_1	ureB	1
GCA_963814615_1	ureC	2
GCA_963831395_1	NR	1
GCA_963831395_1	amoA_B	3
GCA_963831395_1	amoB_B	3
GCA_963831395_1	amoC_B	8
GCA_963831395_1	asnB	3
GCA_963831395_1	gdh_K00262	1
GCA_963831395_1	gdh_K15371	1
GCA_963831395_1	glnA	4
GCA_963831395_1	glsA	1
GCA_963831395_1	gs_K00266	3
GCA_963831395_1	hao	4
GCA_963831395_1	napC	4
GCA_963831395_1	narB	1
GCA_963831395_1	narJ	1
GCA_963831395_1	nasA	3
GCA_963831395_1	nasB	1
GCA_963831395_1	nirA	1
GCA_963831395_1	nirB	2
GCA_963831395_1	nirK	3
GCA_963831395_1	nmo	1
GCA_963831395_1	norB	1
GCA_963831395_1	norC	1
GCA_963831395_1	nosZ	1
GCA_963831395_1	nrfC	1
GCA_963843235_1	NR	4
GCA_963843235_1	gdh_K00261	4
GCA_963843235_1	gdh_K00262	1
GCA_963843235_1	gdh_K15371	1
GCA_963843235_1	glnA	7
GCA_963843235_1	glsA	3
GCA_963843235_1	gs_K00266	2
GCA_963843235_1	hzsB	3
GCA_963843235_1	narB	4
GCA_963843235_1	narC	1
GCA_963843235_1	narH	1
GCA_963843235_1	nasA	2
GCA_963843235_1	nirA	1
GCA_963843235_1	nirB	3
GCA_963843235_1	nirD	3
GCA_963843235_1	nirS	1
GCA_963843235_1	nmo	9
GCA_963843235_1	nosZ	1
GCA_963975255_1	NR	1
GCA_963975255_1	amoA_B	1
GCA_963975255_1	amoB_B	1
GCA_963975255_1	amoC_B	3
GCA_963975255_1	asnB	2
GCA_963975255_1	gdh_K00260	1
GCA_963975255_1	gdh_K00261	1
GCA_963975255_1	gdh_K00262	1
GCA_963975255_1	gdh_K15371	2
GCA_963975255_1	glnA	4
GCA_963975255_1	glsA	3
GCA_963975255_1	gs_K00266	3
GCA_963975255_1	gs_K00284	1
GCA_963975255_1	hzsA	1
GCA_963975255_1	narJ	1
GCA_963975255_1	nasA	1
GCA_963975255_1	nirA	1
GCA_963975255_1	nirD	2
GCA_963975255_1	nirK	3
GCA_963975255_1	nirS	1
GCA_963975255_1	nmo	2
GCA_963975255_1	nrfC	1
GCA_964195175_1	NR	1
GCA_964195175_1	asnB	1
GCA_964195175_1	gdh_K00261	2
GCA_964195175_1	gdh_K00262	1
GCA_964195175_1	gdh_K15371	1
GCA_964195175_1	glnA	4
GCA_964195175_1	gs_K00265	1
GCA_964195175_1	gs_K00266	6
GCA_964195175_1	hao	2
GCA_964195175_1	hdh	1
GCA_964195175_1	hzo	2
GCA_964195175_1	hzsC	1
GCA_964195175_1	napA	3
GCA_964195175_1	narC	3
GCA_964195175_1	narJ	1
GCA_964195175_1	nasA	1
GCA_964195175_1	nirB	3
GCA_964195175_1	nirS	5
GCA_964195175_1	nmo	2
GCA_964195175_1	norB	1
GCA_964195175_1	nosZ	1
GCA_964195175_1	nxrB	1
GCA_964343345_1	asnB	1
GCA_964343345_1	gdh_K00261	1
GCA_964343345_1	gdh_K00262	3
GCA_964343345_1	gdh_K15371	1
GCA_964343345_1	glnA	2
GCA_964343345_1	gs_K00266	2
GCA_964343345_1	hcp	1
GCA_964343345_1	narC	1
GCA_964343345_1	nasA	1
GCA_964343345_1	nirS	1
GCA_964343345_1	nmo	3
GCA_964343345_1	ureC	2
GCA_964344685_1	NR	2
GCA_964344685_1	asnB	5
GCA_964344685_1	gdh_K00261	3
GCA_964344685_1	gdh_K00262	1
GCA_964344685_1	gdh_K15371	1
GCA_964344685_1	glnA	3
GCA_964344685_1	glsA	1
GCA_964344685_1	gs_K00265	1
GCA_964344685_1	gs_K00266	11
GCA_964344685_1	hao	6
GCA_964344685_1	hdh	1
GCA_964344685_1	hzo	2
GCA_964344685_1	hzsA	1
GCA_964344685_1	hzsB	1
GCA_964344685_1	napA	3
GCA_964344685_1	narB	1
GCA_964344685_1	narC	5
GCA_964344685_1	narG	1
GCA_964344685_1	narH	1
GCA_964344685_1	nasA	2
GCA_964344685_1	nifH	1
GCA_964344685_1	nirB	4
GCA_964344685_1	nirK	1
GCA_964344685_1	nirS	5
GCA_964344685_1	nmo	4
GCA_964344685_1	norB	1
GCA_964344685_1	norC	1
GCA_964344685_1	nrfC	2
GCA_964344685_1	ureB	1
GCA_964347835_1	NR	2
GCA_964347835_1	ansB	1
GCA_964347835_1	asnB	6
GCA_964347835_1	gdh_K00261	1
GCA_964347835_1	gdh_K00262	1
GCA_964347835_1	glnA	3
GCA_964347835_1	gs_K00265	1
GCA_964347835_1	gs_K00266	7
GCA_964347835_1	hao	1
GCA_964347835_1	hcp	1
GCA_964347835_1	narC	3
GCA_964347835_1	nifD	1
GCA_964347835_1	nifH	1
GCA_964347835_1	nifK	1
GCA_964347835_1	nirA	1
GCA_964347835_1	nirS	1
GCA_964347835_1	nmo	4
GCA_964347835_1	nrfC	1
GCA_964347835_1	nrfD	1
GCA_964354375_1	NR	2
GCA_964354375_1	asnB	2
GCA_964354375_1	gdh_K00261	2
GCA_964354375_1	gdh_K00262	3
GCA_964354375_1	gdh_K15371	1
GCA_964354375_1	glnA	4
GCA_964354375_1	glsA	1
GCA_964354375_1	gs_K00266	9
GCA_964354375_1	hao	1
GCA_964354375_1	nirK	1
GCA_964354375_1	nmo	2
GCA_964354375_1	norC	1
GCA_964354375_1	ureC	1
GCA_964371695_1	asnB	6
GCA_964371695_1	gdh_K00262	1
GCA_964371695_1	gdh_K15371	1
GCA_964371695_1	glnA	3
GCA_964371695_1	glsA	7
GCA_964371695_1	gs_K00265	1
GCA_964371695_1	gs_K00266	5
GCA_964371695_1	gs_K00284	1
GCA_964371695_1	narB	1
GCA_964371695_1	narC	1
GCA_964371695_1	narG	1
GCA_964371695_1	narH	1
GCA_964371695_1	nasA	2
GCA_964371695_1	nirA	1
GCA_964371695_1	nirB	2
GCA_964371695_1	nirD	2
GCA_964371695_1	nirK	1
GCA_964371695_1	nirS	1
GCA_964371695_1	nmo	4
GCA_964371695_1	nosZ	2
GCA_964372275_1	NR	3
GCA_964372275_1	ansB	1
GCA_964372275_1	asnB	4
GCA_964372275_1	gdh_K00261	2
GCA_964372275_1	gdh_K00262	3
GCA_964372275_1	gdh_K15371	2
GCA_964372275_1	glnA	2
GCA_964372275_1	glsA	3
GCA_964372275_1	gs_K00266	2
GCA_964372275_1	gs_K00284	1
GCA_964372275_1	narC	1
GCA_964372275_1	nirA	1
GCA_964372275_1	nirB	1
GCA_964372275_1	nirD	2
GCA_964372275_1	nirS	2
GCA_964372275_1	nmo	1
GCA_964372275_1	norC	1
GCA_964372275_1	nrfC	1
GCA_964372275_1	ureC	1
GCA_964387285_1	NR	1
GCA_964387285_1	ansB	2
GCA_964387285_1	asnB	5
GCA_964387285_1	gdh_K00261	1
GCA_964387285_1	gdh_K00262	4
GCA_964387285_1	gdh_K15371	1
GCA_964387285_1	glnA	4
GCA_964387285_1	glsA	3
GCA_964387285_1	gs_K00265	1
GCA_964387285_1	gs_K00266	13
GCA_964387285_1	napA	1
GCA_964387285_1	napC	1
GCA_964387285_1	nasA	2
GCA_964387285_1	nifH	1
GCA_964387285_1	nirK	2
GCA_964387285_1	nmo	6
GCA_964387285_1	nosZ	1
GCA_964387285_1	nrfA	1
GCA_964387285_1	nrfC	4
GCA_964387285_1	nrfD	1
GCA_964389675_1	NR	1
GCA_964389675_1	asnB	3
GCA_964389675_1	gdh_K00261	1
GCA_964389675_1	gdh_K00262	1
GCA_964389675_1	gdh_K15371	1
GCA_964389675_1	glnA	4
GCA_964389675_1	glsA	2
GCA_964389675_1	gs_K00266	4
GCA_964389675_1	hcp	2
GCA_964389675_1	nifK	1
GCA_964389675_1	nirA	1
GCA_964389675_1	nmo	3
GCA_964389675_1	ureC	1
GCA_964392195_1	asnB	2
GCA_964392195_1	gdh_K00261	1
GCA_964392195_1	gdh_K00262	10
GCA_964392195_1	gdh_K15371	3
GCA_964392195_1	glnA	6
GCA_964392195_1	glsA	4
GCA_964392195_1	gs_K00266	8
GCA_964392195_1	gs_K00284	2
GCA_964392195_1	nasA	6
GCA_964392195_1	nirD	2
GCA_964392195_1	nmo	5
GCA_964392195_1	norB	1
GCA_964392195_1	norC	1
GCA_964392195_1	nosZ	3
GCA_964392195_1	nrfA	1
GCA_964392195_1	nrfC	3
GCA_964392195_1	nrfD	1
GCA_964392195_1	ureC	1
GCA_964393905_1	ansB	1
GCA_964393905_1	asnB	1
GCA_964393905_1	gdh_K00262	1
GCA_964393905_1	gdh_K15371	2
GCA_964393905_1	glnA	4
GCA_964393905_1	glsA	2
GCA_964393905_1	gs_K00266	2
GCA_964393905_1	narI	1
GCA_964393905_1	nasA	1
GCA_964393905_1	nirB	1
GCA_964393905_1	nirK	2
GCA_964393905_1	nmo	3
GCA_964393905_1	nosZ	3
GCA_964393905_1	nrfC	1
GCA_964397735_1	asnB	1
GCA_964397735_1	gdh_K00261	1
GCA_964397735_1	gdh_K00262	2
GCA_964397735_1	gdh_K15371	1
GCA_964397735_1	glnA	3
GCA_964397735_1	gs_K00266	1
GCA_964397735_1	hcp	1
GCA_964397735_1	napA	1
GCA_964397735_1	nasA	1
GCA_964397735_1	nmo	4
GCA_964397735_1	ureC	1
GCA_964398245_1	ansB	1
GCA_964398245_1	asnB	3
GCA_964398245_1	gdh_K00262	5
GCA_964398245_1	gdh_K15371	1
GCA_964398245_1	glnA	2
GCA_964398245_1	glsA	1
GCA_964398245_1	gs_K00266	7
GCA_964398245_1	hcp	1
GCA_964398245_1	narJ	1
GCA_964398245_1	nirB	1
GCA_964398245_1	nmo	5
GCA_964398245_1	nrfC	2
GCA_964399265_1	NR	1
GCA_964399265_1	ansB	1
GCA_964399265_1	asnB	1
GCA_964399265_1	gdh_K00261	2
GCA_964399265_1	gdh_K00262	2
GCA_964399265_1	gdh_K15371	1
GCA_964399265_1	glnA	2
GCA_964399265_1	glsA	1
GCA_964399265_1	gs_K00266	9
GCA_964399265_1	hcp	1
GCA_964399265_1	narJ	1
GCA_964399265_1	nasA	1
GCA_964399265_1	nirB	1
GCA_964399265_1	nirS	1
GCA_964399265_1	nmo	4
GCA_964399265_1	nrfC	1
GCA_964399265_1	ureC	1
GCA_964401205_1	gdh_K00260	1
GCA_964401205_1	gdh_K00261	1
GCA_964401205_1	nirD	1
GCA_964401205_1	nmo	3
GCA_964401205_1	ureC	1
GCA_964404325_1	NR	2
GCA_964404325_1	gdh_K15371	1
GCA_964404325_1	glnA	1
GCA_964404325_1	glsA	2
GCA_964404325_1	narG	1
GCA_964404325_1	narH	1
GCA_964404325_1	narJ	1
GCA_964404325_1	nasA	3
GCA_964404325_1	nirK	1
GCA_964404325_1	nirS	2
GCA_964404325_1	nmo	7
GCA_964404325_1	norB	3
GCA_964404325_1	norC	2
GCA_964404325_1	nosZ	2
GCA_964404325_1	nrfC	2
GCA_964404765_1	ansB	1
GCA_964404765_1	asnB	6
GCA_964404765_1	gdh_K00261	2
GCA_964404765_1	gdh_K00262	1
GCA_964404765_1	gdh_K15371	2
GCA_964404765_1	glnA	3
GCA_964404765_1	glsA	7
GCA_964404765_1	gs_K00266	7
GCA_964404765_1	napA	1
GCA_964404765_1	narJ	1
GCA_964404765_1	nasA	2
GCA_964404765_1	nirK	2
GCA_964404765_1	nmo	5
GCA_964404765_1	nosZ	1
GCA_964404765_1	nrfA	1
GCA_964404765_1	nrfC	4
GCA_964404765_1	nrfD	1
GCA_964411245_1	NR	2
GCA_964411245_1	asnB	2
GCA_964411245_1	gdh_K00261	3
GCA_964411245_1	gdh_K00262	1
GCA_964411245_1	gdh_K15371	1
GCA_964411245_1	glnA	2
GCA_964411245_1	glsA	4
GCA_964411245_1	gs_K00265	1
GCA_964411245_1	gs_K00266	4
GCA_964411245_1	gs_K00284	1
GCA_964411245_1	hzsB	1
GCA_964411245_1	narC	3
GCA_964411245_1	narG	1
GCA_964411245_1	nasA	1
GCA_964411245_1	nirA	2
GCA_964411245_1	nirB	1
GCA_964411245_1	nirD	3
GCA_964411245_1	nirK	3
GCA_964411245_1	nmo	4
GCA_964411245_1	norC	3
GCA_964411245_1	nosZ	1
GCA_964411245_1	nxrB	1
GCA_964414965_1	gdh_K15371	1
GCA_964415445_1	asnB	5
GCA_964415445_1	gdh_K00261	1
GCA_964415445_1	glnA	1
GCA_964415445_1	gs_K00266	2
GCA_964415445_1	gs_K00284	1
GCA_964415445_1	nirA	1
GCA_964415445_1	nirB	1
GCA_964415445_1	nirS	1
GCA_964415445_1	nmo	1
GCA_964415445_1	nosZ	1
GCA_964420375_1	NR	1
GCA_964420375_1	asnB	4
GCA_964420375_1	gdh_K00261	1
GCA_964420375_1	gdh_K00262	2
GCA_964420375_1	gdh_K15371	1
GCA_964420375_1	glnA	2
GCA_964420375_1	glsA	6
GCA_964420375_1	gs_K00265	1
GCA_964420375_1	gs_K00266	10
GCA_964420375_1	hao	2
GCA_964420375_1	hcp	2
GCA_964420375_1	napA	2
GCA_964420375_1	nasA	1
GCA_964420375_1	nifH	1
GCA_964420375_1	nirB	3
GCA_964420375_1	nirD	1
GCA_964420375_1	nmo	8
GCA_964420375_1	nosZ	1
GCA_964420375_1	nrfC	7
GCA_964420375_1	nrfD	1
GCA_964421645_1	asnB	4
GCA_964421645_1	gdh_K00261	2
GCA_964421645_1	gdh_K15371	1
GCA_964421645_1	glnA	2
GCA_964421645_1	gs_K00265	1
GCA_964421645_1	gs_K00266	1
GCA_964421645_1	hcp	1
GCA_964421645_1	narJ	1
GCA_964421645_1	nasB	1
GCA_964421645_1	nmo	3
GCA_964421645_1	nosZ	1
GCA_964421645_1	nrfC	3
GCA_964421645_1	ureC	1
GCA_964422215_1	asnB	2
GCA_964422215_1	gdh_K15371	1
GCA_964422215_1	glnA	2
GCA_964422215_1	glsA	1
GCA_964422215_1	gs_K00266	7
GCA_964422215_1	hcp	1
GCA_964422215_1	napA	1
GCA_964422215_1	nifK	1
GCA_964422215_1	nmo	2
GCA_964427915_1	asnB	1
GCA_964427915_1	gdh_K00261	1
GCA_964427915_1	gdh_K00262	2
GCA_964427915_1	gdh_K15371	1
GCA_964427915_1	glnA	2
GCA_964427915_1	gs_K00266	7
GCA_964427915_1	narC	1
GCA_964427915_1	nasA	1
GCA_964427915_1	nirS	1
GCA_964427915_1	nmo	1
GCA_964427915_1	nrfC	1
GCA_964429075_1	NR	1
GCA_964429075_1	asnB	1
GCA_964429075_1	gdh_K00261	3
GCA_964429075_1	gdh_K15371	1
GCA_964429075_1	glsA	3
GCA_964429075_1	gs_K00266	2
GCA_964429075_1	hao	1
GCA_964429075_1	napA	2
GCA_964429075_1	napB	1
GCA_964429075_1	narB	1
GCA_964429075_1	narC	2
GCA_964429075_1	narJ	1
GCA_964429075_1	nasA	1
GCA_964429075_1	nmo	2
GCA_964429075_1	nrfC	1
GCA_964430555_1	NR	4
GCA_964430555_1	amoA_B	1
GCA_964430555_1	amoB_B	1
GCA_964430555_1	amoC_B	1
GCA_964430555_1	asnB	7
GCA_964430555_1	gdh_K00261	2
GCA_964430555_1	gdh_K00262	2
GCA_964430555_1	gdh_K15371	1
GCA_964430555_1	glnA	2
GCA_964430555_1	gs_K00265	1
GCA_964430555_1	gs_K00266	5
GCA_964430555_1	hao	2
GCA_964430555_1	napA	1
GCA_964430555_1	napC	1
GCA_964430555_1	narB	1
GCA_964430555_1	narG	2
GCA_964430555_1	nasA	1
GCA_964430555_1	nirA	1
GCA_964430555_1	nirB	1
GCA_964430555_1	nirD	3
GCA_964430555_1	nirK	3
GCA_964430555_1	nirS	3
GCA_964430555_1	nmo	4
GCA_964430555_1	norC	1
GCA_964430555_1	nxrB	2
GCA_964430555_1	pmoA	1
GCA_964430555_1	pmoB	1
GCA_964430555_1	ureA	1
GCA_964430555_1	ureB	1
GCA_964430555_1	ureC	1
GCA_964431655_1	NR	1
GCA_964431655_1	ansB	1
GCA_964431655_1	asnB	3
GCA_964431655_1	gdh_K00261	1
GCA_964431655_1	gdh_K00262	5
GCA_964431655_1	gdh_K15371	1
GCA_964431655_1	glnA	4
GCA_964431655_1	glsA	1
GCA_964431655_1	gs_K00266	5
GCA_964431655_1	hcp	2
GCA_964431655_1	nirA	1
GCA_964431655_1	nmo	3
GCA_964447955_1	NR	1
GCA_964447955_1	ansB	2
GCA_964447955_1	asnB	2
GCA_964447955_1	gdh_K00261	4
GCA_964447955_1	gdh_K15371	1
GCA_964447955_1	glnA	2
GCA_964447955_1	glsA	1
GCA_964447955_1	gs_K00266	8
GCA_964447955_1	narB	1
GCA_964447955_1	nasA	1
GCA_964447955_1	nasB	1
GCA_964447955_1	nmo	6
GCA_964447955_1	nosZ	1
GCA_964447955_1	ureA	1
GCA_964448115_1	ansB	1
GCA_964448115_1	asnB	4
GCA_964448115_1	gdh_K00261	1
GCA_964448115_1	gdh_K00262	7
GCA_964448115_1	gdh_K15371	1
GCA_964448115_1	glnA	4
GCA_964448115_1	glsA	1
GCA_964448115_1	gs_K00266	9
GCA_964448115_1	hao	1
GCA_964448115_1	hcp	1
GCA_964448115_1	narC	1
GCA_964448115_1	nasA	1
GCA_964448115_1	nifH	1
GCA_964448115_1	nifK	1
GCA_964448115_1	nirD	1
GCA_964448115_1	nirS	5
GCA_964448115_1	nmo	4
GCA_964448115_1	nrfC	3
GCA_964450125_1	NR	2
GCA_964450125_1	asnB	10
GCA_964450125_1	gdh_K00261	1
GCA_964450125_1	gdh_K00262	9
GCA_964450125_1	gdh_K15371	3
GCA_964450125_1	glnA	4
GCA_964450125_1	glsA	8
GCA_964450125_1	gs_K00266	11
GCA_964450125_1	gs_K00284	2
GCA_964450125_1	hzsA	1
GCA_964450125_1	napC	1
GCA_964450125_1	narB	1
GCA_964450125_1	narG	2
GCA_964450125_1	narH	1
GCA_964450125_1	nasA	9
GCA_964450125_1	nasB	1
GCA_964450125_1	nirA	2
GCA_964450125_1	nirB	2
GCA_964450125_1	nirD	2
GCA_964450125_1	nirS	2
GCA_964450125_1	nmo	9
GCA_964450125_1	norB	1
GCA_964450125_1	norC	1
GCA_964450125_1	nosZ	2
GCA_964450125_1	nrfA	1
GCA_964450125_1	nrfC	6
GCA_964450125_1	ureC	1
GCA_964452105_1	NR	2
GCA_964452105_1	asnB	4
GCA_964452105_1	gdh_K00261	4
GCA_964452105_1	gdh_K00262	2
GCA_964452105_1	gdh_K15371	1
GCA_964452105_1	glnA	5
GCA_964452105_1	gs_K00265	1
GCA_964452105_1	gs_K00266	5
GCA_964452105_1	hao	1
GCA_964452105_1	napA	6
GCA_964452105_1	narC	3
GCA_964452105_1	narG	2
GCA_964452105_1	narH	1
GCA_964452105_1	narI	1
GCA_964452105_1	narJ	1
GCA_964452105_1	nasA	4
GCA_964452105_1	nirA	1
GCA_964452105_1	nirB	1
GCA_964452105_1	nirD	3
GCA_964452105_1	nirK	1
GCA_964452105_1	nirS	2
GCA_964452105_1	nmo	15
GCA_964452105_1	norB	1
GCA_964452105_1	norC	3
GCA_964452105_1	nosZ	2
GCA_964452105_1	nrfC	5
GCA_964452105_1	nrfD	1
GCA_964453435_1	NR	1
GCA_964453435_1	asnB	3
GCA_964453435_1	gdh_K00262	2
GCA_964453435_1	gdh_K15371	2
GCA_964453435_1	glnA	10
GCA_964453435_1	glsA	5
GCA_964453435_1	gs_K00265	1
GCA_964453435_1	gs_K00266	17
GCA_964453435_1	hao	2
GCA_964453435_1	hcp	1
GCA_964453435_1	napA	4
GCA_964453435_1	narB	1
GCA_964453435_1	narC	3
GCA_964453435_1	narG	7
GCA_964453435_1	narH	2
GCA_964453435_1	narI	1
GCA_964453435_1	narJ	1
GCA_964453435_1	nasA	3
GCA_964453435_1	nifH	2
GCA_964453435_1	nirA	1
GCA_964453435_1	nirB	3
GCA_964453435_1	nirD	1
GCA_964453435_1	nirS	1
GCA_964453435_1	nmo	10
GCA_964453435_1	norB	1
GCA_964453435_1	norC	1
GCA_964453435_1	nosZ	1
GCA_964453435_1	nrfC	5
GCA_964453935_1	asnB	2
GCA_964453935_1	gdh_K15371	1
GCA_964453935_1	glnA	2
GCA_964453935_1	glsA	2
GCA_964453935_1	gs_K00266	6
GCA_964453935_1	nmo	2
GCA_964453935_1	nosZ	1
GCA_964457585_1	asnB	1
GCA_964457585_1	gdh_K15371	1
GCA_964457585_1	glnA	2
GCA_964457585_1	glsA	1
GCA_964457585_1	gs_K00265	1
GCA_964457585_1	gs_K00266	7
GCA_964457585_1	hcp	1
GCA_964457585_1	narJ	1
GCA_964457585_1	nifD	3
GCA_964457585_1	nifH	3
GCA_964457585_1	nifK	2
GCA_964457585_1	nirA	1
GCA_964457585_1	nirB	1
GCA_964457585_1	nmo	7
GCA_964457585_1	nosZ	3
GCA_964460695_1	ansB	1
GCA_964460695_1	asnB	2
GCA_964460695_1	gdh_K00261	1
GCA_964460695_1	glnA	4
GCA_964460695_1	gs_K00266	3
GCA_964460695_1	narH	1
GCA_964460695_1	nasA	1
GCA_964460695_1	nifK	1
GCA_964460695_1	nosZ	1
GCA_964460695_1	nrfC	1
GCA_964463175_1	NR	1
GCA_964463175_1	asnB	10
GCA_964463175_1	gdh_K00261	2
GCA_964463175_1	gdh_K00262	5
GCA_964463175_1	gdh_K15371	1
GCA_964463175_1	glnA	15
GCA_964463175_1	glsA	8
GCA_964463175_1	gs_K00266	7
GCA_964463175_1	gs_K00284	1
GCA_964463175_1	napA	2
GCA_964463175_1	narB	1
GCA_964463175_1	narG	1
GCA_964463175_1	nasA	7
GCA_964463175_1	nasB	3
GCA_964463175_1	nirB	1
GCA_964463175_1	nirD	2
GCA_964463175_1	nirK	4
GCA_964463175_1	nirS	2
GCA_964463175_1	nmo	8
GCA_964463175_1	norC	1
GCA_964463175_1	nosZ	2
GCA_964463175_1	nrfA	1
GCA_964463175_1	nrfC	2
GCA_964463175_1	nrfD	1
GCA_964463175_1	ureA	1
GCA_964463175_1	ureB	1
GCA_964463175_1	ureC	3
GCA_964469765_1	asnB	1
GCA_964469765_1	gdh_K00261	1
GCA_964469765_1	gdh_K00262	1
GCA_964469765_1	glnA	1
GCA_964469765_1	gs_K00266	5
GCA_964469765_1	hcp	1
GCA_964469765_1	napA	1
GCA_964469765_1	narJ	1
GCA_964469765_1	nifK	1
GCA_964469765_1	nirB	1
GCA_964469765_1	nmo	2
GCA_964469765_1	nrfC	1
GCA_964470215_1	asnB	2
GCA_964470215_1	gdh_K00261	1
GCA_964470215_1	gdh_K00262	2
GCA_964470215_1	gdh_K15371	2
GCA_964470215_1	glnA	2
GCA_964470215_1	glsA	1
GCA_964470215_1	gs_K00266	9
GCA_964470215_1	hcp	1
GCA_964470215_1	hzsA	5
GCA_964470215_1	narJ	1
GCA_964470215_1	nasA	2
GCA_964470215_1	nirB	1
GCA_964470215_1	nirS	1
GCA_964470215_1	nmo	3
GCA_964470215_1	nosZ	1
GCA_964470215_1	nrfC	1
GCA_964471095_1	NR	1
GCA_964471095_1	asnB	1
GCA_964471095_1	gdh_K00261	1
GCA_964471095_1	gdh_K15371	1
GCA_964471095_1	glnA	3
GCA_964471095_1	glsA	1
GCA_964471095_1	gs_K00265	1
GCA_964471095_1	gs_K00266	4
GCA_964471095_1	gs_K00284	1
GCA_964471095_1	narC	2
GCA_964471095_1	narG	1
GCA_964471095_1	nasA	1
GCA_964471095_1	nirA	1
GCA_964471095_1	nirD	2
GCA_964471095_1	nmo	2
GCA_964471095_1	norC	1
GCA_964471095_1	nosZ	1
GCA_964471095_1	nrfC	1
GCA_964474885_1	asnB	2
GCA_964474885_1	gdh_K00261	1
GCA_964474885_1	glnA	3
GCA_964474885_1	gs_K00266	3
GCA_964474885_1	nifK	1
GCA_964474885_1	nirB	1
GCA_964474885_1	nirD	1
GCA_964474885_1	nmo	5
GCA_964474885_1	nosZ	1
GCA_964475825_1	amoA_A	1
GCA_964475825_1	amoB_A	1
GCA_964475825_1	amoC_A	1
GCA_964475825_1	ansB	1
GCA_964475825_1	asnB	3
GCA_964475825_1	gdh_K00261	2
GCA_964475825_1	gdh_K00262	1
GCA_964475825_1	glnA	1
GCA_964475825_1	glsA	1
GCA_964475825_1	narC	1
GCA_964475825_1	nirA	1
GCA_964475825_1	nirB	1
GCA_964475825_1	nirD	3
GCA_964475825_1	nirK	8
GCA_964475825_1	nmo	5
GCA_964475825_1	ureA	2
GCA_964475825_1	ureB	1
GCA_964475825_1	ureC	1
GCA_964480165_1	nrfC	1
GCA_964480475_1	ansB	1
GCA_964480475_1	asnB	1
GCA_964480475_1	gdh_K00262	7
GCA_964480475_1	gdh_K15371	2
GCA_964480475_1	glnA	1
GCA_964480475_1	glsA	3
GCA_964480475_1	gs_K00266	7
GCA_964480475_1	hcp	1
GCA_964480475_1	nasA	1
GCA_964480475_1	nmo	5
GCA_964480475_1	nosZ	1
GCA_964490195_1	amoB_A	1
GCA_964490195_1	asnB	3
GCA_964490195_1	gdh_K00261	2
GCA_964490195_1	glnA	4
GCA_964490195_1	glsA	1
GCA_964490195_1	gs_K00265	1
GCA_964490195_1	narC	3
GCA_964490195_1	nirA	2
GCA_964490195_1	nirB	2
GCA_964490195_1	nirD	1
GCA_964490195_1	nirK	6
GCA_964490195_1	nmo	3
GCA_964491175_1	asnB	1
GCA_964491175_1	gdh_K00261	1
GCA_964491175_1	gdh_K00262	3
GCA_964491175_1	gdh_K15371	1
GCA_964491175_1	glnA	4
GCA_964491175_1	glsA	1
GCA_964491175_1	gs_K00266	2
GCA_964491175_1	hcp	1
GCA_964491175_1	nirD	1
GCA_964491175_1	nmo	4
GCA_964491175_1	nosZ	1
GCA_964491175_1	nrfC	1
GCA_964493915_1	asnB	3
GCA_964493915_1	gdh_K00261	1
GCA_964493915_1	gdh_K00262	4
GCA_964493915_1	gdh_K15371	1
GCA_964493915_1	glnA	3
GCA_964493915_1	gs_K00265	1
GCA_964493915_1	gs_K00266	8
GCA_964493915_1	narB	1
GCA_964493915_1	narJ	1
GCA_964493915_1	nasA	2
GCA_964493915_1	nirK	1
GCA_964493915_1	nmo	6
GCA_964493915_1	nrfC	1
GCA_964506785_1	NR	1
GCA_964506785_1	asnB	3
GCA_964506785_1	gdh_K00261	2
GCA_964506785_1	gdh_K00262	2
GCA_964506785_1	gdh_K15371	1
GCA_964506785_1	glnA	2
GCA_964506785_1	gs_K00264	1
GCA_964506785_1	gs_K00266	2
GCA_964506785_1	narH	1
GCA_964506785_1	narJ	1
GCA_964506785_1	nifH	1
GCA_964506785_1	nirB	1
GCA_964506785_1	nmo	4
GCA_964506785_1	nrfC	1
GCA_964506785_1	ureC	1
GCA_964509425_1	NR	1
GCA_964509425_1	ansB	1
GCA_964509425_1	asnB	2
GCA_964509425_1	gdh_K00261	1
GCA_964509425_1	gdh_K15371	2
GCA_964509425_1	glnA	1
GCA_964509425_1	glsA	2
GCA_964509425_1	gs_K00265	1
GCA_964509425_1	gs_K00266	1
GCA_964509425_1	hzsA	1
GCA_964509425_1	nasA	1
GCA_964509425_1	nasB	1
GCA_964509425_1	nirK	4
GCA_964509425_1	nmo	4
GCA_964509425_1	nosZ	1
GCA_964509425_1	nrfC	2
GCA_964509425_1	ureC	1
GCA_964510695_1	ansB	1
GCA_964510695_1	asnB	2
GCA_964510695_1	gdh_K00261	1
GCA_964510695_1	gdh_K00262	2
GCA_964510695_1	gdh_K15371	2
GCA_964510695_1	glnA	4
GCA_964510695_1	glsA	1
GCA_964510695_1	gs_K00265	1
GCA_964510695_1	gs_K00266	4
GCA_964510695_1	narC	1
GCA_964510695_1	nirA	1
GCA_964510695_1	nirB	1
GCA_964510695_1	nirD	1
GCA_964510695_1	nirK	2
GCA_964510695_1	nmo	3
GCA_964513605_1	ansB	1
GCA_964513605_1	asnB	1
GCA_964513605_1	gdh_K00262	2
GCA_964513605_1	gdh_K15371	1
GCA_964513605_1	glnA	2
GCA_964513605_1	glsA	1
GCA_964513605_1	gs_K00266	5
GCA_964513605_1	hcp	2
GCA_964513605_1	nifH	1
GCA_964513605_1	nmo	4
GCA_964513745_1	asnB	6
GCA_964513745_1	gdh_K00261	1
GCA_964513745_1	gdh_K00262	2
GCA_964513745_1	gdh_K15371	1
GCA_964513745_1	glnA	1
GCA_964513745_1	glsA	6
GCA_964513745_1	gs_K00265	2
GCA_964513745_1	gs_K00266	9
GCA_964513745_1	gs_K00284	1
GCA_964513745_1	hao	2
GCA_964513745_1	napA	2
GCA_964513745_1	nasA	2
GCA_964513745_1	nifH	1
GCA_964513745_1	nifK	1
GCA_964513745_1	nirS	1
GCA_964513745_1	nmo	6
GCA_964513745_1	norB	1
GCA_964513745_1	norC	2
GCA_964513745_1	nrfA	1
GCA_964513745_1	nrfC	2
GCA_964519305_1	NR	2
GCA_964519305_1	ansB	2
GCA_964519305_1	asnB	2
GCA_964519305_1	gdh_K00261	3
GCA_964519305_1	gdh_K00262	1
GCA_964519305_1	glnA	3
GCA_964519305_1	gs_K00266	13
GCA_964519305_1	hcp	1
GCA_964519305_1	napA	1
GCA_964519305_1	narB	1
GCA_964519305_1	nmo	3
GCA_964519305_1	nrfC	2
GCA_964520315_1	ansB	2
GCA_964520315_1	asnB	5
GCA_964520315_1	gdh_K00261	3
GCA_964520315_1	gdh_K00262	3
GCA_964520315_1	gdh_K15371	1
GCA_964520315_1	glnA	2
GCA_964520315_1	glsA	2
GCA_964520315_1	gs_K00266	8
GCA_964520315_1	hao	1
GCA_964520315_1	napA	1
GCA_964520315_1	napB	1
GCA_964520315_1	narB	1
GCA_964520315_1	narC	1
GCA_964520315_1	narG	2
GCA_964520315_1	narH	1
GCA_964520315_1	narI	2
GCA_964520315_1	narJ	1
GCA_964520315_1	nasA	3
GCA_964520315_1	nirK	1
GCA_964520315_1	nmo	5
GCA_964520315_1	norC	2
GCA_964520315_1	nosZ	1
GCA_964520315_1	nrfC	6
GCA_964520315_1	nrfD	2
GCA_964520315_1	ureC	1
GCA_964524645_1	NR	2
GCA_964524645_1	ansB	1
GCA_964524645_1	asnB	3
GCA_964524645_1	gdh_K00262	2
GCA_964524645_1	gdh_K15371	1
GCA_964524645_1	glnA	2
GCA_964524645_1	glsA	1
GCA_964524645_1	gs_K00266	17
GCA_964524645_1	narC	2
GCA_964524645_1	narI	1
GCA_964524645_1	nirA	1
GCA_964524645_1	nirB	1
GCA_964524645_1	nirD	1
GCA_964524645_1	nirS	1
GCA_964524645_1	nmo	5
GCA_964524645_1	norB	2
GCA_964524645_1	nosZ	1
GCA_964524645_1	nrfC	5
GCA_964524645_1	nrfD	1
GCA_964534765_1	NR	3
GCA_964534765_1	asnB	4
GCA_964534765_1	gdh_K00261	2
GCA_964534765_1	gdh_K15371	2
GCA_964534765_1	glnA	3
GCA_964534765_1	glsA	7
GCA_964534765_1	gs_K00265	1
GCA_964534765_1	gs_K00266	6
GCA_964534765_1	narC	3
GCA_964534765_1	nasA	1
GCA_964534765_1	nirA	1
GCA_964534765_1	nirB	1
GCA_964534765_1	nirS	3
GCA_964534765_1	nmo	5
GCA_964534765_1	norC	1
GCA_964534765_1	nosZ	2
GCA_964534765_1	nrfC	1
GCA_964547905_1	NR	1
GCA_964547905_1	asnB	3
GCA_964547905_1	gdh_K00262	2
GCA_964547905_1	gdh_K15371	1
GCA_964547905_1	glnA	2
GCA_964547905_1	glsA	2
GCA_964547905_1	gs_K00264	1
GCA_964547905_1	gs_K00266	6
GCA_964547905_1	napA	1
GCA_964547905_1	narC	1
GCA_964547905_1	nasA	1
GCA_964547905_1	nifH	1
GCA_964547905_1	nirA	1
GCA_964547905_1	nirB	2
GCA_964547905_1	nirK	4
GCA_964547905_1	nmo	2
GCA_964547905_1	norB	1
GCA_964547905_1	norC	1
GCA_964547905_1	nrfC	3
GCA_964548165_1	asnB	6
GCA_964548165_1	gdh_K00261	1
GCA_964548165_1	gdh_K00262	3
GCA_964548165_1	gdh_K15371	3
GCA_964548165_1	glnA	1
GCA_964548165_1	glsA	8
GCA_964548165_1	gs_K00265	2
GCA_964548165_1	gs_K00266	5
GCA_964548165_1	nirA	1
GCA_964548165_1	nirB	1
GCA_964548165_1	nirK	1
GCA_964548165_1	nmo	3
GCA_964548165_1	nosZ	1
GCA_964548165_1	nrfC	3
GCA_964548165_1	nrfD	1
GCA_964565925_1	NR	2
GCA_964565925_1	asnB	2
GCA_964565925_1	gdh_K00262	1
GCA_964565925_1	gdh_K15371	1
GCA_964565925_1	glnA	2
GCA_964565925_1	glsA	9
GCA_964565925_1	gs_K00265	1
GCA_964565925_1	gs_K00266	4
GCA_964565925_1	gs_K00284	1
GCA_964565925_1	napA	1
GCA_964565925_1	narB	1
GCA_964565925_1	narC	2
GCA_964565925_1	nasA	2
GCA_964565925_1	nirA	2
GCA_964565925_1	nirK	1
GCA_964565925_1	nirS	3
GCA_964565925_1	nmo	6
GCA_964565925_1	norB	2
GCA_964565925_1	norC	1
GCA_964565925_1	nrfC	1
GCA_964565945_1	asnB	1
GCA_964565945_1	gdh_K15371	2
GCA_964565945_1	glnA	2
GCA_964565945_1	glsA	1
GCA_964565945_1	gs_K00265	1
GCA_964565945_1	gs_K00266	1
GCA_964565945_1	hcp	1
GCA_964565945_1	nasA	1
GCA_964565945_1	nirA	1
GCA_964565945_1	nmo	2
GCA_964566495_1	gdh_K00261	1
GCA_964566495_1	gdh_K00262	2
GCA_964566495_1	gdh_K15371	2
GCA_964566495_1	glnA	1
GCA_964566495_1	gs_K00265	1
GCA_964566495_1	gs_K00266	3
GCA_964566495_1	hcp	1
GCA_964566495_1	nmo	2
GCA_964566495_1	nrfC	1
GCA_964567215_1	asnB	1
GCA_964567215_1	gdh_K00261	1
GCA_964567215_1	glnA	2
GCA_964567215_1	glsA	1
GCA_964567215_1	gs_K00266	8
GCA_964567215_1	hcp	1
GCA_964567215_1	napA	1
GCA_964567215_1	nasA	2
GCA_964567215_1	nifK	1
GCA_964567215_1	nmo	4
GCA_964576115_1	ansB	2
GCA_964576115_1	asnB	4
GCA_964576115_1	gdh_K00261	1
GCA_964576115_1	gdh_K15371	1
GCA_964576115_1	glnA	2
GCA_964576115_1	glsA	5
GCA_964576115_1	gs_K00266	10
GCA_964576115_1	narC	1
GCA_964576115_1	nasB	1
GCA_964576115_1	nirB	1
GCA_964576115_1	nirD	1
GCA_964576115_1	nmo	7
GCA_964576115_1	nosZ	1
GCA_964582755_1	NR	1
GCA_964582755_1	amoA_B	1
GCA_964582755_1	asnB	6
GCA_964582755_1	gdh_K00262	1
GCA_964582755_1	gdh_K15371	2
GCA_964582755_1	glnA	1
GCA_964582755_1	glsA	4
GCA_964582755_1	gs_K00265	1
GCA_964582755_1	gs_K00266	3
GCA_964582755_1	hao	1
GCA_964582755_1	narG	1
GCA_964582755_1	narH	2
GCA_964582755_1	narI	1
GCA_964582755_1	narJ	2
GCA_964582755_1	narZ	1
GCA_964582755_1	nasA	3
GCA_964582755_1	nifD	2
GCA_964582755_1	nifH	1
GCA_964582755_1	nifK	1
GCA_964582755_1	nifW	1
GCA_964582755_1	nirA	1
GCA_964582755_1	nirB	4
GCA_964582755_1	nirD	1
GCA_964582755_1	nirK	1
GCA_964582755_1	nmo	3
GCA_964582755_1	norB	1
GCA_964582755_1	norC	1
GCA_964582755_1	nosZ	1
GCA_964582755_1	pmoB	1
GCA_964582755_1	pmoC	3
GCA_964582755_1	ureA	1
GCA_964582755_1	ureB	1
GCA_964582755_1	ureC	1
GCA_964582955_1	asnB	3
GCA_964582955_1	gdh_K00261	1
GCA_964582955_1	gdh_K00262	2
GCA_964582955_1	glnA	2
GCA_964582955_1	glsA	2
GCA_964582955_1	gs_K00266	1
GCA_964582955_1	narB	1
GCA_964582955_1	narC	2
GCA_964582955_1	nasA	1
GCA_964582955_1	nirD	1
GCA_964582955_1	nmo	6
GCA_964582955_1	nosZ	1
GCA_964582955_1	nrfC	1
GCA_964582955_1	ureC	1
GCA_964586775_1	NR	2
GCA_964586775_1	asnB	3
GCA_964586775_1	gdh_K00261	2
GCA_964586775_1	gdh_K00262	5
GCA_964586775_1	gdh_K15371	1
GCA_964586775_1	glnA	3
GCA_964586775_1	glsA	2
GCA_964586775_1	gs_K00266	5
GCA_964586775_1	gs_K00284	1
GCA_964586775_1	napA	1
GCA_964586775_1	narG	2
GCA_964586775_1	narH	1
GCA_964586775_1	nasA	1
GCA_964586775_1	nifH	1
GCA_964586775_1	nirK	1
GCA_964586775_1	nmo	4
GCA_964586775_1	nosZ	1
GCA_964586775_1	nrfA	1
GCA_964586775_1	nrfC	3
GCA_964586775_1	nrfD	1
GCA_964586775_1	ureC	1
GCA_964593115_1	asnB	1
GCA_964593115_1	gdh_K15371	2
GCA_964593115_1	glnA	2
GCA_964593115_1	glsA	1
GCA_964593115_1	gs_K00265	1
GCA_964593115_1	gs_K00266	5
GCA_964593115_1	hao	1
GCA_964593115_1	hcp	1
GCA_964593115_1	hzo	1
GCA_964593115_1	narJ	1
GCA_964593115_1	nasA	1
GCA_964593115_1	nirK	1
GCA_964593115_1	nmo	7
GCA_964593895_1	asnB	2
GCA_964593895_1	gdh_K00262	1
GCA_964593895_1	gdh_K15371	1
GCA_964593895_1	glnA	1
GCA_964593895_1	glsA	2
GCA_964593895_1	gs_K00265	1
GCA_964593895_1	gs_K00266	15
GCA_964593895_1	hao	3
GCA_964593895_1	hcp	2
GCA_964593895_1	napA	3
GCA_964593895_1	narC	1
GCA_964593895_1	nasA	1
GCA_964593895_1	nifH	1
GCA_964593895_1	nirA	2
GCA_964593895_1	nirB	1
GCA_964593895_1	nirS	1
GCA_964593895_1	nmo	5
GCA_964593895_1	nrfC	6
GCA_964593895_1	nrfD	2
GCA_964597845_1	ansB	1
GCA_964597845_1	gdh_K00261	1
GCA_964597845_1	gdh_K00262	2
GCA_964597845_1	gdh_K15371	1
GCA_964597845_1	glnA	2
GCA_964597845_1	glsA	1
GCA_964597845_1	gs_K00266	11
GCA_964597845_1	hcp	1
GCA_964597845_1	nasA	1
GCA_964597845_1	nirK	1
GCA_964597845_1	nirS	1
GCA_964597845_1	nmo	3
GCA_964597845_1	nrfC	1
GCA_964600515_1	gdh_K15371	1
GCA_964600515_1	glnA	3
GCA_964600515_1	glsA	3
GCA_964600515_1	narG	1
GCA_964600515_1	narH	1
GCA_964600515_1	narI	1
GCA_964600515_1	narJ	1
GCA_964600515_1	nasA	2
GCA_964600515_1	nirK	1
GCA_964600515_1	nmo	3
GCA_964600515_1	nrfA	1
GCA_964600515_1	nrfC	3
GCA_964600955_1	ansB	1
GCA_964600955_1	asnB	5
GCA_964600955_1	gdh_K00261	8
GCA_964600955_1	gdh_K00262	3
GCA_964600955_1	gdh_K15371	2
GCA_964600955_1	glnA	1
GCA_964600955_1	glsA	2
GCA_964600955_1	gs_K00266	4
GCA_964600955_1	gs_K00284	2
GCA_964600955_1	hao	1
GCA_964600955_1	hzsA	1
GCA_964600955_1	narG	1
GCA_964600955_1	narH	1
GCA_964600955_1	narI	1
GCA_964600955_1	narJ	1
GCA_964600955_1	nasA	1
GCA_964600955_1	nirA	1
GCA_964600955_1	nirK	1
GCA_964600955_1	nmo	4
GCA_964600955_1	norB	1
GCA_964600955_1	norC	1
GCA_964600955_1	nosZ	1
GCA_964600955_1	nrfC	2
GCA_964609495_1	asnB	2
GCA_964609495_1	gdh_K00261	2
GCA_964609495_1	gdh_K15371	1
GCA_964609495_1	glnA	2
GCA_964609495_1	glsA	1
GCA_964609495_1	gs_K00264	1
GCA_964609495_1	gs_K00266	6
GCA_964609495_1	hcp	1
GCA_964609495_1	napA	1
GCA_964609495_1	nasA	1
GCA_964609495_1	nasB	1
GCA_964609495_1	nifH	1
GCA_964609495_1	nirB	2
GCA_964609495_1	nmo	4
GCA_964609495_1	nosZ	2
GCA_964609495_1	nrfC	2
GCA_964610505_1	NR	2
GCA_964610505_1	ansB	1
GCA_964610505_1	asnB	2
GCA_964610505_1	gdh_K00261	4
GCA_964610505_1	gdh_K00262	1
GCA_964610505_1	gdh_K15371	2
GCA_964610505_1	glnA	2
GCA_964610505_1	glsA	1
GCA_964610505_1	gs_K00266	14
GCA_964610505_1	hao	1
GCA_964610505_1	hcp	1
GCA_964610505_1	nasA	3
GCA_964610505_1	nirB	3
GCA_964610505_1	nmo	4
GCA_964610505_1	nosZ	1
GCA_964610505_1	nrfC	5
GCA_964617105_1	ansB	1
GCA_964617105_1	asnB	4
GCA_964617105_1	gdh_K00261	1
GCA_964617105_1	gdh_K00262	3
GCA_964617105_1	gdh_K15371	2
GCA_964617105_1	glnA	3
GCA_964617105_1	glsA	3
GCA_964617105_1	gs_K00266	22
GCA_964617105_1	hcp	1
GCA_964617105_1	napA	1
GCA_964617105_1	narC	1
GCA_964617105_1	narI	1
GCA_964617105_1	nasA	1
GCA_964617105_1	nirS	1
GCA_964617105_1	nmo	3
GCA_964617105_1	nosZ	2
GCA_964617105_1	nrfC	4
GCA_964622465_1	asnB	2
GCA_964622465_1	gdh_K00261	1
GCA_964622465_1	gdh_K15371	2
GCA_964622465_1	glnA	1
GCA_964622465_1	glsA	1
GCA_964622465_1	gs_K00266	4
GCA_964622465_1	narH	1
GCA_964622465_1	nirB	2
GCA_964622465_1	nmo	2
GCA_964622465_1	nosZ	1
GCA_964622605_1	ansB	1
GCA_964622605_1	asnB	1
GCA_964622605_1	gdh_K00262	2
GCA_964622605_1	gdh_K15371	1
GCA_964622605_1	glnA	1
GCA_964622605_1	glsA	1
GCA_964622605_1	gs_K00266	3
GCA_964622605_1	narJ	1
GCA_964622605_1	nasA	1
GCA_964622605_1	nasB	1
GCA_964622605_1	nirB	1
GCA_964622605_1	nirS	1
GCA_964622605_1	nmo	3
GCA_964622605_1	nrfC	1
GCA_964622875_1	asnB	2
GCA_964622875_1	gdh_K00261	2
GCA_964622875_1	gdh_K00262	1
GCA_964622875_1	gdh_K15371	2
GCA_964622875_1	glnA	2
GCA_964622875_1	gs_K00265	1
GCA_964622875_1	gs_K00266	2
GCA_964622875_1	narJ	1
GCA_964622875_1	nmo	3
GCA_964622875_1	nosZ	1
GCA_964625285_1	asnB	1
GCA_964625285_1	glnA	1
GCA_964625285_1	glsA	1
GCA_964625285_1	gs_K00266	4
GCA_964625285_1	nifH	1
GCA_964625285_1	nifK	1
GCA_964625285_1	nmo	5
GCA_964625285_1	nrfC	1
GCA_964626665_1	asnB	1
GCA_964626665_1	gdh_K00261	1
GCA_964626665_1	gdh_K15371	1
GCA_964626665_1	glnA	2
GCA_964626665_1	glsA	1
GCA_964626665_1	gs_K00266	14
GCA_964626665_1	hcp	1
GCA_964626665_1	nao	1
GCA_964626665_1	narB	1
GCA_964626665_1	narJ	1
GCA_964626665_1	nmo	8
GCA_964626665_1	nosZ	1
GCA_964626665_1	nrfC	1
GCA_964632485_1	NR	1
GCA_964632485_1	ansB	1
GCA_964632485_1	asnB	4
GCA_964632485_1	gdh_K00261	3
GCA_964632485_1	gdh_K00262	3
GCA_964632485_1	glnA	2
GCA_964632485_1	glsA	4
GCA_964632485_1	gs_K00265	1
GCA_964632485_1	gs_K00266	15
GCA_964632485_1	hcp	1
GCA_964632485_1	nirA	1
GCA_964632485_1	nirB	1
GCA_964632485_1	nmo	4
GCA_964632485_1	nosZ	1
GCA_964637655_1	asnB	7
GCA_964637655_1	gdh_K00261	2
GCA_964637655_1	gdh_K00262	7
GCA_964637655_1	gdh_K15371	1
GCA_964637655_1	glnA	2
GCA_964637655_1	glsA	2
GCA_964637655_1	gs_K00264	1
GCA_964637655_1	gs_K00265	1
GCA_964637655_1	gs_K00266	7
GCA_964637655_1	hcp	1
GCA_964637655_1	nasA	3
GCA_964637655_1	nmo	1
GCA_964637705_1	asnB	11
GCA_964637705_1	gdh_K00262	2
GCA_964637705_1	gdh_K15371	2
GCA_964637705_1	glnA	3
GCA_964637705_1	glsA	7
GCA_964637705_1	gs_K00265	1
GCA_964637705_1	gs_K00266	10
GCA_964637705_1	hcp	1
GCA_964637705_1	napA	1
GCA_964637705_1	nasA	1
GCA_964637705_1	nirA	1
GCA_964637705_1	nirB	1
GCA_964637705_1	nmo	3
GCA_964637705_1	nosZ	1
GCA_964637705_1	nrfA	1
GCA_964637705_1	nrfC	2
GCA_964643155_1	gdh_K00261	1
GCA_964643155_1	gdh_K00262	3
GCA_964643155_1	gdh_K15371	1
GCA_964643155_1	glnA	3
GCA_964643155_1	glsA	1
GCA_964643155_1	gs_K00266	8
GCA_964643155_1	hao	3
GCA_964643155_1	nasA	2
GCA_964643155_1	nmo	4
GCA_964643155_1	nrfC	2
GCA_964644695_1	asnB	1
GCA_964644695_1	gdh_K00262	3
GCA_964644695_1	gdh_K15371	1
GCA_964644695_1	glnA	2
GCA_964644695_1	glsA	2
GCA_964644695_1	gs_K00266	4
GCA_964644695_1	hcp	1
GCA_964644695_1	narB	1
GCA_964644695_1	nasA	1
GCA_964644695_1	nirA	1
GCA_964644695_1	nirD	2
GCA_964644695_1	nirK	1
GCA_964644695_1	nirS	1
GCA_964644695_1	nmo	3
GCA_964644695_1	nosZ	1
GCA_964652335_1	ansB	1
GCA_964652335_1	asnB	1
GCA_964652335_1	gdh_K00261	1
GCA_964652335_1	gdh_K00262	1
GCA_964652335_1	nirS	1
GCA_964652335_1	nmo	1
GCA_964652335_1	nrfC	1
GCA_964654595_1	NR	1
GCA_964654595_1	ansB	1
GCA_964654595_1	asnB	3
GCA_964654595_1	glnA	1
GCA_964654595_1	gs_K00266	5
GCA_964654595_1	hcp	1
GCA_964654595_1	narI	1
GCA_964654595_1	nasA	3
GCA_964654595_1	nifH	2
GCA_964654595_1	nirA	1
GCA_964654595_1	nirS	1
GCA_964654595_1	nmo	3
GCA_964654595_1	nrfC	3
GCA_964654595_1	nrfD	1
GCA_965205425_1	amoA_A	1
GCA_965205425_1	amoB_A	1
GCA_965205425_1	amoC_A	1
GCA_965205425_1	ansB	1
GCA_965205425_1	asnB	4
GCA_965205425_1	gdh_K00261	2
GCA_965205425_1	glnA	2
GCA_965205425_1	glsA	1
GCA_965205425_1	narC	1
GCA_965205425_1	nirA	2
GCA_965205425_1	nirB	1
GCA_965205425_1	nirD	2
GCA_965205425_1	nirK	3
GCA_965205425_1	nmo	3
GCA_965213625_1	NR	3
GCA_965213625_1	ansB	1
GCA_965213625_1	asnB	2
GCA_965213625_1	gdh_K00261	1
GCA_965213625_1	gdh_K00262	2
GCA_965213625_1	gdh_K15371	1
GCA_965213625_1	glnA	6
GCA_965213625_1	glsA	2
GCA_965213625_1	gs_K00266	5
GCA_965213625_1	gs_K00284	1
GCA_965213625_1	nao	1
GCA_965213625_1	narB	3
GCA_965213625_1	narC	3
GCA_965213625_1	narJ	1
GCA_965213625_1	nasA	2
GCA_965213625_1	nirA	2
GCA_965213625_1	nirB	1
GCA_965213625_1	nirD	4
GCA_965213625_1	nmo	5
GCA_965213625_1	nosZ	1
GCA_965213625_1	nrfC	1
GCA_965213625_1	ureA	1
GCA_965213625_1	ureB	1
GCA_965213625_1	ureC	2
GCA_965214925_1	NR	1
GCA_965214925_1	asnB	10
GCA_965214925_1	gdh_K00261	2
GCA_965214925_1	gdh_K00262	1
GCA_965214925_1	gdh_K15371	1
GCA_965214925_1	glnA	5
GCA_965214925_1	glsA	2
GCA_965214925_1	gs_K00266	3
GCA_965214925_1	gs_K00284	1
GCA_965214925_1	hao	1
GCA_965214925_1	hdh	1
GCA_965214925_1	napA	1
GCA_965214925_1	narC	1
GCA_965214925_1	nasA	1
GCA_965214925_1	nirA	1
GCA_965214925_1	nirD	3
GCA_965214925_1	nmo	2
GCA_965214925_1	nosZ	1
GCA_965214925_1	ureC	1
GCA_965223295_1	NR	4
GCA_965223295_1	asnB	4
GCA_965223295_1	gdh_K00261	1
GCA_965223295_1	gdh_K00262	1
GCA_965223295_1	gdh_K15371	1
GCA_965223295_1	glnA	3
GCA_965223295_1	glsA	1
GCA_965223295_1	gs_K00266	2
GCA_965223295_1	narG	2
GCA_965223295_1	nasA	1
GCA_965223295_1	nirA	1
GCA_965223295_1	nirB	1
GCA_965223295_1	nirD	1
GCA_965223295_1	nirK	2
GCA_965223295_1	nmo	3
GCA_965223295_1	norC	3
GCA_965223295_1	nxrB	2
GCA_965223295_1	pmoB	1
GCA_965223315_1	NR	3
GCA_965223315_1	asnB	8
GCA_965223315_1	gdh_K00261	1
GCA_965223315_1	gdh_K00262	1
GCA_965223315_1	gdh_K15371	1
GCA_965223315_1	glnA	3
GCA_965223315_1	glsA	2
GCA_965223315_1	gs_K00265	1
GCA_965223315_1	gs_K00266	5
GCA_965223315_1	narG	2
GCA_965223315_1	nasA	1
GCA_965223315_1	nifK	1
GCA_965223315_1	nirA	1
GCA_965223315_1	nirB	1
GCA_965223315_1	nirD	3
GCA_965223315_1	nirK	3
GCA_965223315_1	nirS	1
GCA_965223315_1	nmo	3
GCA_965223315_1	norC	2
GCA_965223315_1	nxrB	2
GCA_965223535_1	NR	4
GCA_965223535_1	amoA_B	2
GCA_965223535_1	amoB_B	1
GCA_965223535_1	amoC_B	5
GCA_965223535_1	asnB	5
GCA_965223535_1	gdh_K00261	2
GCA_965223535_1	gdh_K15371	3
GCA_965223535_1	glnA	3
GCA_965223535_1	glsA	2
GCA_965223535_1	gs_K00265	1
GCA_965223535_1	gs_K00266	5
GCA_965223535_1	hao	2
GCA_965223535_1	napC	1
GCA_965223535_1	narG	1
GCA_965223535_1	nasA	1
GCA_965223535_1	nifK	1
GCA_965223535_1	nirA	2
GCA_965223535_1	nirB	1
GCA_965223535_1	nirD	3
GCA_965223535_1	nirK	3
GCA_965223535_1	nirS	4
GCA_965223535_1	nmo	5
GCA_965223535_1	nxrB	1
GCA_965223535_1	ureA	1
GCA_965223535_1	ureB	1
GCA_965223535_1	ureC	1
GCA_965240465_1	asnB	1
GCA_965240465_1	gdh_K15371	1
GCA_965240465_1	glnA	2
GCA_965240465_1	glsA	1
GCA_965240465_1	gs_K00266	1
GCA_965240465_1	nasA	1
GCA_965240465_1	nirB	2
GCA_965240465_1	nmo	2
GCA_965240465_1	nrfC	1
GCA_965285975_1	NR	3
GCA_965285975_1	asnB	1
GCA_965285975_1	gdh_K00261	2
GCA_965285975_1	gdh_K00262	1
GCA_965285975_1	gdh_K15371	1
GCA_965285975_1	glnA	6
GCA_965285975_1	glsA	5
GCA_965285975_1	gs_K00265	2
GCA_965285975_1	gs_K00266	1
GCA_965285975_1	narB	1
GCA_965285975_1	narC	1
GCA_965285975_1	narG	1
GCA_965285975_1	narI	1
GCA_965285975_1	nasA	2
GCA_965285975_1	nasB	1
GCA_965285975_1	nirA	1
GCA_965285975_1	nirB	1
GCA_965285975_1	nirD	1
GCA_965285975_1	nmo	5
GCA_965285975_1	nosZ	1
GCA_965285975_1	nrfC	1
GCA_965285975_1	nxrA	3
GCA_965285975_1	nxrB	1
GCA_965369835_1	asnB	2
GCA_965369835_1	gdh_K00261	3
GCA_965369835_1	gdh_K00262	2
GCA_965369835_1	gdh_K15371	2
GCA_965369835_1	glnA	5
GCA_965369835_1	glsA	1
GCA_965369835_1	gs_K00266	9
GCA_965369835_1	narH	1
GCA_965369835_1	nasA	2
GCA_965369835_1	nirB	1
GCA_965369835_1	nirK	2
GCA_965369835_1	nirS	1
GCA_965369835_1	nmo	2
GCA_965369835_1	nosZ	1
GCA_965370845_1	NR	2
GCA_965370845_1	ansB	1
GCA_965370845_1	asnB	4
GCA_965370845_1	gdh_K00262	2
GCA_965370845_1	gdh_K15371	2
GCA_965370845_1	glnA	1
GCA_965370845_1	glsA	1
GCA_965370845_1	gs_K00266	13
GCA_965370845_1	hcp	2
GCA_965370845_1	napA	1
GCA_965370845_1	nasA	1
GCA_965370845_1	nirB	1
GCA_965370845_1	nmo	8
GCA_965370845_1	nrfC	1
GCA_965370845_1	ureC	1
GCA_965371155_1	asnB	2
GCA_965371155_1	gdh_K00261	1
GCA_965371155_1	glnA	3
GCA_965371155_1	glsA	1
GCA_965371155_1	gs_K00266	5
GCA_965371155_1	hao	1
GCA_965371155_1	narC	1
GCA_965371155_1	nasA	1
GCA_965371155_1	nirB	1
GCA_965371155_1	nmo	3
GCA_965371155_1	nrfC	2
GCA_965372795_1	ansB	1
GCA_965372795_1	asnB	1
GCA_965372795_1	gdh_K00261	1
GCA_965372795_1	gdh_K00262	1
GCA_965372795_1	gdh_K15371	1
GCA_965372795_1	glnA	2
GCA_965372795_1	glsA	1
GCA_965372795_1	gs_K00266	8
GCA_965372795_1	hao	2
GCA_965372795_1	hcp	2
GCA_965372795_1	nao	1
GCA_965372795_1	napC	1
GCA_965372795_1	narB	1
GCA_965372795_1	narC	1
GCA_965372795_1	nasA	1
GCA_965372795_1	nirD	1
GCA_965372795_1	nirK	1
GCA_965372795_1	nirS	1
GCA_965372795_1	nmo	3
GCA_965372795_1	norB	1
GCA_965372795_1	nosZ	2
GCA_965372795_1	nrfC	3
GCA_965372795_1	nrfD	1
GCA_965372795_1	ureC	2
GCA_965603295_1	NR	2
GCA_965603295_1	ansB	1
GCA_965603295_1	asnB	3
GCA_965603295_1	gdh_K00262	1
GCA_965603295_1	gdh_K15371	1
GCA_965603295_1	glnA	1
GCA_965603295_1	glsA	1
GCA_965603295_1	gs_K00265	1
GCA_965603295_1	gs_K00266	6
GCA_965603295_1	hao	2
GCA_965603295_1	hcp	1
GCA_965603295_1	napA	1
GCA_965603295_1	nasA	2
GCA_965603295_1	nirB	2
GCA_965603295_1	nirD	1
GCA_965603295_1	nmo	5
GCA_965603295_1	nrfC	4
GCA_965603295_1	nrfD	1
GCA_965613365_1	ansB	1
GCA_965613365_1	asnB	5
GCA_965613365_1	gdh_K00261	1
GCA_965613365_1	glnA	1
GCA_965613365_1	gs_K00266	7
GCA_965613365_1	napA	2
GCA_965613365_1	narB	1
GCA_965613365_1	narC	1
GCA_965613365_1	narI	1
GCA_965613365_1	nasA	1
GCA_965613365_1	nifH	1
GCA_965613365_1	nifK	1
GCA_965613365_1	nirS	3
GCA_965613365_1	nmo	5
GCA_965613365_1	nrfC	4
GCA_967728685_1	amoC_A	1
GCA_967728685_1	ansB	1
GCA_967728685_1	asnB	2
GCA_967728685_1	gdh_K00260	1
GCA_967728685_1	gdh_K00261	1
GCA_967728685_1	glnA	1
GCA_967728685_1	gs_K00266	1
GCA_967728685_1	nao	1
GCA_967728685_1	narC	1
GCA_967728685_1	nirA	1
GCA_967728685_1	nirD	3
GCA_967728685_1	nirK	1
GCA_967728685_1	nmo	2
GCA_967728685_1	norB	1
GCA_967728685_1	nosZ	2
GCA_967728685_1	ureA	2
GCA_967728685_1	ureB	1
GCA_967728685_1	ureC	1
GCF_000007185_1	ansB	1
GCF_000007185_1	asnB	2
GCF_000007185_1	glnA	1
GCF_000007185_1	gs_K00266	6
GCF_000007185_1	napA	2
GCF_000007185_1	nasA	1
GCF_000007185_1	nifD	1
GCF_000007185_1	nifH	1
GCF_000007185_1	nifK	1
GCF_000007185_1	nirB	2
GCF_000007185_1	nirD	1
GCF_000007185_1	nirS	1
GCF_000007185_1	nmo	4
GCF_000007185_1	nosZ	1
GCF_000007185_1	nrfC	3
GCF_000012725_1	NR	2
GCF_000012725_1	asnB	1
GCF_000012725_1	gdh_K00261	1
GCF_000012725_1	gdh_K15371	1
GCF_000012725_1	glnA	4
GCF_000012725_1	glsA	2
GCF_000012725_1	gs_K00265	1
GCF_000012725_1	gs_K00266	2
GCF_000012725_1	narC	1
GCF_000012725_1	narI	1
GCF_000012725_1	narJ	1
GCF_000012725_1	narZ	2
GCF_000012725_1	nasA	1
GCF_000012725_1	nirB	1
GCF_000012725_1	nirD	1
GCF_000012725_1	nirK	3
GCF_000012725_1	nirS	2
GCF_000012725_1	nmo	4
GCF_000012725_1	nrfC	1
GCF_000012725_1	nxrB	2
GCF_000012805_1	NR	1
GCF_000012805_1	amoA_B	1
GCF_000012805_1	amoB_B	1
GCF_000012805_1	amoC_B	1
GCF_000012805_1	asnB	5
GCF_000012805_1	gdh_K00261	2
GCF_000012805_1	gdh_K00262	2
GCF_000012805_1	gdh_K15371	2
GCF_000012805_1	glnA	3
GCF_000012805_1	glsA	2
GCF_000012805_1	gs_K00265	1
GCF_000012805_1	gs_K00266	3
GCF_000012805_1	hao	1
GCF_000012805_1	napC	1
GCF_000012805_1	narJ	2
GCF_000012805_1	nasA	1
GCF_000012805_1	nirK	4
GCF_000012805_1	nmo	4
GCF_000012805_1	norB	2
GCF_000012805_1	norC	1
GCF_000012805_1	nosZ	1
GCF_000012805_1	nrfC	2
GCF_000012805_1	ureA	1
GCF_000012805_1	ureB	1
GCF_000012805_1	ureC	2
GCF_000013885_1	NR	6
GCF_000013885_1	asnB	1
GCF_000013885_1	gdh_K00261	1
GCF_000013885_1	gdh_K00262	2
GCF_000013885_1	gdh_K15371	1
GCF_000013885_1	glnA	4
GCF_000013885_1	glsA	1
GCF_000013885_1	gs_K00265	1
GCF_000013885_1	gs_K00266	3
GCF_000013885_1	narC	1
GCF_000013885_1	narH	3
GCF_000013885_1	narI	1
GCF_000013885_1	narZ	3
GCF_000013885_1	nasA	2
GCF_000013885_1	nirB	2
GCF_000013885_1	nirD	1
GCF_000013885_1	nirK	3
GCF_000013885_1	nirS	1
GCF_000013885_1	nmo	7
GCF_000013885_1	nrfC	3
GCF_000013885_1	nxrB	2
GCF_000018605_1	gdh_K00261	1
GCF_000018605_1	gdh_K00262	2
GCF_000018605_1	gdh_K15371	1
GCF_000018605_1	glnA	1
GCF_000018605_1	glsA	1
GCF_000018605_1	gs_K00266	11
GCF_000018605_1	gs_K00284	1
GCF_000018605_1	hcp	1
GCF_000018605_1	nasA	1
GCF_000018605_1	nifK	1
GCF_000018605_1	nirB	2
GCF_000018605_1	nmo	4
GCF_000018605_1	nosZ	1
GCF_000018605_1	nrfC	1
GCF_000019665_1	gdh_K00261	2
GCF_000019665_1	gdh_K15371	1
GCF_000019665_1	glnA	3
GCF_000019665_1	glsA	1
GCF_000019665_1	gs_K00265	1
GCF_000019665_1	gs_K00266	3
GCF_000019665_1	hao	1
GCF_000019665_1	nasA	2
GCF_000019665_1	nasB	1
GCF_000019665_1	nifD	4
GCF_000019665_1	nifH	1
GCF_000019665_1	nifK	1
GCF_000019665_1	nifW	1
GCF_000019665_1	nirB	2
GCF_000019665_1	nirD	2
GCF_000019665_1	nirK	3
GCF_000019665_1	nirS	1
GCF_000019665_1	nmo	3
GCF_000019665_1	norB	1
GCF_000019665_1	norC	1
GCF_000019665_1	nrfC	1
GCF_000019665_1	pmoA	3
GCF_000019665_1	pmoB	3
GCF_000019665_1	pmoC	4
GCF_000020945_1	gdh_K00260	1
GCF_000020945_1	gdh_K00261	1
GCF_000020945_1	gdh_K00262	1
GCF_000020945_1	glnA	2
GCF_000020945_1	gs_K00266	4
GCF_000020945_1	nasA	1
GCF_000020945_1	nirB	1
GCF_000020945_1	nmo	3
GCF_000020945_1	nosZ	1
GCF_000020945_1	ureC	1
GCF_000024625_1	asnB	1
GCF_000024625_1	gdh_K00261	1
GCF_000024625_1	glnA	2
GCF_000024625_1	gs_K00265	1
GCF_000024625_1	gs_K00266	9
GCF_000024625_1	hcp	2
GCF_000024625_1	napA	1
GCF_000024625_1	narB	1
GCF_000024625_1	nasA	4
GCF_000024625_1	nifD	3
GCF_000024625_1	nifH	4
GCF_000024625_1	nifK	3
GCF_000024625_1	nirB	2
GCF_000024625_1	nirS	1
GCF_000024625_1	nmo	2
GCF_000024625_1	nosZ	1
GCF_000024725_1	NR	3
GCF_000024725_1	amoA_B	1
GCF_000024725_1	amoB_B	1
GCF_000024725_1	amoC_B	2
GCF_000024725_1	asnB	5
GCF_000024725_1	gdh_K00261	3
GCF_000024725_1	gdh_K00262	2
GCF_000024725_1	gdh_K15371	2
GCF_000024725_1	glnA	3
GCF_000024725_1	glsA	2
GCF_000024725_1	gs_K00265	1
GCF_000024725_1	gs_K00266	5
GCF_000024725_1	hao	1
GCF_000024725_1	napC	1
GCF_000024725_1	narJ	2
GCF_000024725_1	nasA	3
GCF_000024725_1	nirB	2
GCF_000024725_1	nirK	5
GCF_000024725_1	nmo	5
GCF_000024725_1	norB	1
GCF_000024725_1	norC	1
GCF_000024725_1	nosZ	1
GCF_000024725_1	nrfC	3
GCF_000143085_1	NR	1
GCF_000143085_1	amoA_B	1
GCF_000143085_1	amoB_B	1
GCF_000143085_1	amoC_B	1
GCF_000143085_1	asnB	7
GCF_000143085_1	gdh_K00261	1
GCF_000143085_1	gdh_K00262	2
GCF_000143085_1	gdh_K15371	2
GCF_000143085_1	glnA	3
GCF_000143085_1	glsA	3
GCF_000143085_1	gs_K00265	1
GCF_000143085_1	gs_K00266	4
GCF_000143085_1	hao	1
GCF_000143085_1	napC	1
GCF_000143085_1	narJ	1
GCF_000143085_1	nasA	1
GCF_000143085_1	nirA	1
GCF_000143085_1	nirB	1
GCF_000143085_1	nirK	4
GCF_000143085_1	nmo	4
GCF_000143085_1	norB	3
GCF_000143085_1	norC	1
GCF_000143085_1	nosZ	1
GCF_000143085_1	nrfC	2
GCF_000143085_1	ureA	1
GCF_000143085_1	ureB	1
GCF_000143085_1	ureC	2
GCF_000153205_1	NR	3
GCF_000153205_1	asnB	4
GCF_000153205_1	gdh_K00261	1
GCF_000153205_1	gdh_K00262	2
GCF_000153205_1	gdh_K15371	2
GCF_000153205_1	glnA	4
GCF_000153205_1	glsA	2
GCF_000153205_1	gs_K00265	1
GCF_000153205_1	gs_K00266	3
GCF_000153205_1	narB	1
GCF_000153205_1	narG	2
GCF_000153205_1	narI	1
GCF_000153205_1	narJ	1
GCF_000153205_1	nasA	2
GCF_000153205_1	nirB	1
GCF_000153205_1	nirD	2
GCF_000153205_1	nirK	2
GCF_000153205_1	nmo	4
GCF_000153205_1	nosZ	2
GCF_000153205_1	nrfC	1
GCF_000153205_1	nxrB	1
GCF_000153625_3	ansB	1
GCF_000153625_3	asnB	1
GCF_000153625_3	gdh_K00260	1
GCF_000153625_3	gdh_K15371	1
GCF_000153625_3	glnA	2
GCF_000153625_3	glsA	2
GCF_000153625_3	gs_K00266	3
GCF_000153625_3	hcp	1
GCF_000153625_3	nirA	2
GCF_000153625_3	nmo	4
GCF_000212395_1	NR	1
GCF_000212395_1	ansB	1
GCF_000212395_1	asnB	1
GCF_000212395_1	gdh_K00261	1
GCF_000212395_1	gdh_K00262	1
GCF_000212395_1	gdh_K15371	2
GCF_000212395_1	glnA	1
GCF_000212395_1	glsA	1
GCF_000212395_1	gs_K00265	1
GCF_000212395_1	gs_K00266	6
GCF_000212395_1	gs_K00284	1
GCF_000212395_1	hcp	2
GCF_000212395_1	napA	1
GCF_000212395_1	narH	1
GCF_000212395_1	narI	2
GCF_000212395_1	narJ	1
GCF_000212395_1	narZ	1
GCF_000212395_1	nasA	1
GCF_000212395_1	nifH	3
GCF_000212395_1	nifK	1
GCF_000212395_1	nirB	3
GCF_000212395_1	nirS	1
GCF_000212395_1	nmo	3
GCF_000212395_1	nrfC	5
GCF_000242715_1	NR	5
GCF_000242715_1	ansB	1
GCF_000242715_1	asnB	7
GCF_000242715_1	gdh_K00261	1
GCF_000242715_1	gdh_K00262	3
GCF_000242715_1	gdh_K15371	3
GCF_000242715_1	glnA	20
GCF_000242715_1	glsA	4
GCF_000242715_1	gs_K00264	1
GCF_000242715_1	gs_K00265	1
GCF_000242715_1	gs_K00266	11
GCF_000242715_1	hcp	1
GCF_000242715_1	narB	2
GCF_000242715_1	narC	2
GCF_000242715_1	narG	1
GCF_000242715_1	narI	1
GCF_000242715_1	narJ	1
GCF_000242715_1	narY	1
GCF_000242715_1	nasA	1
GCF_000242715_1	nasB	2
GCF_000242715_1	nirA	2
GCF_000242715_1	nirB	4
GCF_000242715_1	nirD	2
GCF_000242715_1	nirK	3
GCF_000242715_1	nmo	13
GCF_000242715_1	nosZ	5
GCF_000242715_1	ureA	1
GCF_000242715_1	ureB	1
GCF_000242715_1	ureC	4
GCF_000297255_1	NR	6
GCF_000297255_1	asnB	3
GCF_000297255_1	gdh_K00261	2
GCF_000297255_1	gdh_K00262	2
GCF_000297255_1	gdh_K15371	1
GCF_000297255_1	glnA	6
GCF_000297255_1	glsA	5
GCF_000297255_1	gs_K00265	1
GCF_000297255_1	narB	1
GCF_000297255_1	narC	2
GCF_000297255_1	narG	3
GCF_000297255_1	narI	1
GCF_000297255_1	nasA	3
GCF_000297255_1	nirA	1
GCF_000297255_1	nirD	2
GCF_000297255_1	nirK	1
GCF_000297255_1	nirS	1
GCF_000297255_1	nmo	5
GCF_000297255_1	norB	1
GCF_000297255_1	nosZ	2
GCF_000297255_1	nrfC	2
GCF_000297255_1	nxrA	11
GCF_000297255_1	nxrB	1
GCF_000341545_2	NR	7
GCF_000341545_2	asnB	3
GCF_000341545_2	gdh_K00261	3
GCF_000341545_2	gdh_K00262	1
GCF_000341545_2	gdh_K15371	1
GCF_000341545_2	glnA	3
GCF_000341545_2	glsA	1
GCF_000341545_2	gs_K00265	1
GCF_000341545_2	gs_K00266	5
GCF_000341545_2	narC	2
GCF_000341545_2	narG	2
GCF_000341545_2	nasA	2
GCF_000341545_2	nirA	2
GCF_000341545_2	nirD	3
GCF_000341545_2	nirK	3
GCF_000341545_2	nirS	1
GCF_000341545_2	nmo	2
GCF_000341545_2	norC	2
GCF_000341545_2	nosZ	1
GCF_000341545_2	nxrB	1
GCF_000485555_1	nmo	1
GCF_000619905_2	amoA_B	3
GCF_000619905_2	amoB_B	3
GCF_000619905_2	amoC_B	6
GCF_000619905_2	asnB	2
GCF_000619905_2	gdh_K00262	5
GCF_000619905_2	gdh_K15371	2
GCF_000619905_2	glnA	3
GCF_000619905_2	glsA	1
GCF_000619905_2	gs_K00266	3
GCF_000619905_2	hao	3
GCF_000619905_2	napC	3
GCF_000619905_2	narH	1
GCF_000619905_2	narJ	2
GCF_000619905_2	nasA	2
GCF_000619905_2	nasB	1
GCF_000619905_2	nirA	1
GCF_000619905_2	nirK	1
GCF_000619905_2	nmo	1
GCF_000619905_2	norC	1
GCF_000619905_2	nosZ	1
GCF_000619905_2	nrfC	1
GCF_000619905_2	ureA	1
GCF_000619905_2	ureB	1
GCF_000619905_2	ureC	1
GCF_000737575_1	ansB	1
GCF_000737575_1	asnB	3
GCF_000737575_1	gdh_K00261	1
GCF_000737575_1	gdh_K00262	3
GCF_000737575_1	gdh_K15371	2
GCF_000737575_1	glnA	2
GCF_000737575_1	glsA	1
GCF_000737575_1	gs_K00266	1
GCF_000737575_1	gs_K00284	1
GCF_000737575_1	narB	1
GCF_000737575_1	narC	1
GCF_000737575_1	nasA	1
GCF_000737575_1	nifH	1
GCF_000737575_1	nirA	1
GCF_000737575_1	nirB	1
GCF_000737575_1	nirS	1
GCF_000737575_1	nmo	2
GCF_000737575_1	ureA	1
GCF_000737575_1	ureB	1
GCF_000737575_1	ureC	1
GCF_000739065_1	asnB	1
GCF_000739065_1	gdh_K00261	1
GCF_000739065_1	gdh_K00262	1
GCF_000739065_1	glnA	2
GCF_000739065_1	gs_K00265	1
GCF_000739065_1	gs_K00266	7
GCF_000739065_1	hcp	2
GCF_000739065_1	napA	1
GCF_000739065_1	narB	1
GCF_000739065_1	nasA	4
GCF_000739065_1	nifD	1
GCF_000739065_1	nifH	4
GCF_000739065_1	nifK	1
GCF_000739065_1	nirB	1
GCF_000739065_1	nmo	3
GCF_000739065_1	nosZ	1
GCF_000739065_1	nrfC	1
GCF_000817245_1	NR	1
GCF_000817245_1	asnB	1
GCF_000817245_1	gdh_K00261	1
GCF_000817245_1	gdh_K15371	1
GCF_000817245_1	glnA	3
GCF_000817245_1	glsA	1
GCF_000817245_1	gs_K00265	1
GCF_000817245_1	gs_K00266	2
GCF_000817245_1	hao	1
GCF_000817245_1	nasA	2
GCF_000817245_1	nifD	3
GCF_000817245_1	nifH	1
GCF_000817245_1	nifK	1
GCF_000817245_1	nifW	1
GCF_000817245_1	nirB	3
GCF_000817245_1	nirD	2
GCF_000817245_1	nirK	1
GCF_000817245_1	nirS	1
GCF_000817245_1	nmo	3
GCF_000817245_1	norB	2
GCF_000817245_1	norC	1
GCF_000817245_1	nrfC	1
GCF_000817245_1	pmoA	4
GCF_000817245_1	pmoB	3
GCF_000817245_1	pmoC	5
GCF_000832065_1	NR	1
GCF_000832065_1	amoA_B	1
GCF_000832065_1	amoB_B	1
GCF_000832065_1	amoC_B	5
GCF_000832065_1	asnB	4
GCF_000832065_1	gdh_K00262	1
GCF_000832065_1	gdh_K15371	2
GCF_000832065_1	glnA	6
GCF_000832065_1	glsA	1
GCF_000832065_1	gs_K00265	1
GCF_000832065_1	gs_K00266	5
GCF_000832065_1	hao	1
GCF_000832065_1	napC	1
GCF_000832065_1	narH	1
GCF_000832065_1	narJ	1
GCF_000832065_1	nasA	2
GCF_000832065_1	nasB	1
GCF_000832065_1	nifH	1
GCF_000832065_1	nirA	1
GCF_000832065_1	nirK	1
GCF_000832065_1	nmo	2
GCF_000832065_1	norC	1
GCF_000832065_1	nosZ	1
GCF_000832065_1	nrfC	1
GCF_000832065_1	ureA	2
GCF_000832065_1	ureB	1
GCF_000832065_1	ureC	1
GCF_000949635_1	NR	3
GCF_000949635_1	asnB	1
GCF_000949635_1	gdh_K00261	3
GCF_000949635_1	gdh_K00262	1
GCF_000949635_1	gdh_K15371	1
GCF_000949635_1	glnA	2
GCF_000949635_1	glsA	5
GCF_000949635_1	gs_K00266	8
GCF_000949635_1	hao	6
GCF_000949635_1	hdh	3
GCF_000949635_1	hzo	3
GCF_000949635_1	hzsA	2
GCF_000949635_1	hzsB	3
GCF_000949635_1	hzsC	2
GCF_000949635_1	napA	1
GCF_000949635_1	narC	5
GCF_000949635_1	narG	2
GCF_000949635_1	narH	1
GCF_000949635_1	nasA	3
GCF_000949635_1	nifH	1
GCF_000949635_1	nifK	1
GCF_000949635_1	nirB	1
GCF_000949635_1	nirK	2
GCF_000949635_1	nirS	2
GCF_000949635_1	nmo	2
GCF_000949635_1	norC	2
GCF_000949635_1	nosZ	3
GCF_000949635_1	nrfA	1
GCF_000949635_1	nrfC	2
GCF_001263175_1	ansB	1
GCF_001263175_1	asnB	3
GCF_001263175_1	gdh_K00261	2
GCF_001263175_1	gdh_K15371	1
GCF_001263175_1	glnA	4
GCF_001263175_1	glsA	2
GCF_001263175_1	nasA	2
GCF_001263175_1	nasB	1
GCF_001263175_1	nirB	1
GCF_001263175_1	nirD	1
GCF_001263175_1	nirK	1
GCF_001263175_1	nirS	4
GCF_001263175_1	nmo	8
GCF_001263175_1	nrfA	1
GCF_001263175_1	nrfC	1
GCF_001263175_1	ureA	1
GCF_001263175_1	ureB	1
GCF_001263175_1	ureC	2
GCF_001896955_1	NR	3
GCF_001896955_1	asnB	1
GCF_001896955_1	gdh_K00261	1
GCF_001896955_1	gdh_K00262	1
GCF_001896955_1	gdh_K15371	1
GCF_001896955_1	glnA	5
GCF_001896955_1	glsA	2
GCF_001896955_1	gs_K00265	1
GCF_001896955_1	gs_K00266	4
GCF_001896955_1	napA	1
GCF_001896955_1	narC	1
GCF_001896955_1	narI	1
GCF_001896955_1	narZ	5
GCF_001896955_1	nasA	2
GCF_001896955_1	nasB	1
GCF_001896955_1	nirK	2
GCF_001896955_1	nirS	2
GCF_001896955_1	nmo	6
GCF_001896955_1	nrfC	4
GCF_001896955_1	nxrB	2
GCF_001902575_1	asnB	1
GCF_001902575_1	gdh_K15371	1
GCF_001902575_1	glnA	1
GCF_001902575_1	glsA	1
GCF_001902575_1	nmo	4
GCF_002201895_1	ansB	1
GCF_002201895_1	asnB	2
GCF_002201895_1	glnA	1
GCF_002201895_1	gs_K00265	1
GCF_002201895_1	gs_K00266	6
GCF_002201895_1	napA	1
GCF_002201895_1	nasA	3
GCF_002201895_1	nifD	1
GCF_002201895_1	nifH	1
GCF_002201895_1	nifK	1
GCF_002201895_1	nirB	3
GCF_002201895_1	nirD	1
GCF_002201895_1	nirS	1
GCF_002201895_1	nmo	4
GCF_002201895_1	nosZ	1
GCF_002201895_1	nrfC	2
GCF_002201895_1	ureC	1
GCF_002797325_1	ansB	1
GCF_002797325_1	asnB	1
GCF_002797325_1	gdh_K00260	1
GCF_002797325_1	gdh_K00261	1
GCF_002797325_1	gdh_K00262	4
GCF_002797325_1	gdh_K15371	1
GCF_002797325_1	glnA	4
GCF_002797325_1	glsA	3
GCF_002797325_1	gs_K00266	6
GCF_002797325_1	gs_K00284	1
GCF_002797325_1	nirA	1
GCF_002797325_1	nirB	2
GCF_002797325_1	nirS	1
GCF_002797325_1	nmo	6
GCF_002797325_1	nosZ	1
GCF_002847305_1	NR	1
GCF_002847305_1	asnB	1
GCF_002847305_1	gdh_K00261	2
GCF_002847305_1	gdh_K00262	2
GCF_002847305_1	gdh_K15371	1
GCF_002847305_1	glnA	11
GCF_002847305_1	glsA	2
GCF_002847305_1	gs_K00265	1
GCF_002847305_1	gs_K00266	7
GCF_002847305_1	napC	1
GCF_002847305_1	narH	2
GCF_002847305_1	narI	2
GCF_002847305_1	narJ	1
GCF_002847305_1	narZ	1
GCF_002847305_1	nirA	2
GCF_002847305_1	nmo	6
GCF_002847305_1	nosZ	4
GCF_002847305_1	nrfC	2
GCF_002847305_1	ureA	1
GCF_002847305_1	ureB	1
GCF_002847305_1	ureC	1
GCF_003176655_1	NR	3
GCF_003176655_1	ansB	1
GCF_003176655_1	asnB	2
GCF_003176655_1	gdh_K00262	6
GCF_003176655_1	gdh_K15371	2
GCF_003176655_1	glnA	31
GCF_003176655_1	glsA	8
GCF_003176655_1	gs_K00265	1
GCF_003176655_1	gs_K00266	6
GCF_003176655_1	narB	1
GCF_003176655_1	narG	2
GCF_003176655_1	narH	2
GCF_003176655_1	narI	1
GCF_003176655_1	narJ	1
GCF_003176655_1	narV	1
GCF_003176655_1	narW	1
GCF_003176655_1	nasA	3
GCF_003176655_1	nirA	8
GCF_003176655_1	nirB	2
GCF_003176655_1	nirD	1
GCF_003176655_1	nirK	1
GCF_003176655_1	nmo	10
GCF_003176655_1	norB	2
GCF_003176655_1	norC	1
GCF_003176655_1	nosZ	4
GCF_003176655_1	nrfC	1
GCF_003176655_1	ureA	1
GCF_003176655_1	ureB	1
GCF_003176655_1	ureC	2
GCF_003336745_1	NR	3
GCF_003336745_1	asnB	1
GCF_003336745_1	gdh_K00261	2
GCF_003336745_1	gdh_K00262	1
GCF_003336745_1	glnA	4
GCF_003336745_1	glsA	2
GCF_003336745_1	gs_K00265	1
GCF_003336745_1	gs_K00266	2
GCF_003336745_1	napA	1
GCF_003336745_1	narB	1
GCF_003336745_1	narC	1
GCF_003336745_1	narH	1
GCF_003336745_1	narI	1
GCF_003336745_1	narZ	1
GCF_003336745_1	nasA	2
GCF_003336745_1	nasB	1
GCF_003336745_1	nirA	1
GCF_003336745_1	nirD	1
GCF_003336745_1	nirS	3
GCF_003336745_1	nmo	4
GCF_003336745_1	norB	2
GCF_003336745_1	norC	1
GCF_003336745_1	nosZ	1
GCF_003336745_1	nrfC	4
GCF_003336745_1	nrfD	2
GCF_003337565_1	ansB	1
GCF_003337565_1	asnB	1
GCF_003337565_1	gdh_K00262	1
GCF_003337565_1	gdh_K15371	2
GCF_003337565_1	glnA	12
GCF_003337565_1	glsA	2
GCF_003337565_1	gs_K00265	1
GCF_003337565_1	gs_K00266	3
GCF_003337565_1	napA	1
GCF_003337565_1	napB	1
GCF_003337565_1	napC	2
GCF_003337565_1	narB	3
GCF_003337565_1	narC	1
GCF_003337565_1	narH	1
GCF_003337565_1	narI	1
GCF_003337565_1	nasA	2
GCF_003337565_1	nirA	1
GCF_003337565_1	nirB	2
GCF_003337565_1	nirD	2
GCF_003337565_1	nirK	2
GCF_003337565_1	nirS	4
GCF_003337565_1	nmo	6
GCF_003337565_1	norB	1
GCF_003337565_1	norC	1
GCF_003337565_1	nosZ	3
GCF_003337565_1	nrfC	1
GCF_003337565_1	pmoB	1
GCF_003337565_1	ureA	1
GCF_003337565_1	ureB	1
GCF_003337565_1	ureC	1
GCF_003664005_1	asnB	1
GCF_003664005_1	gdh_K15371	1
GCF_003664005_1	glnA	2
GCF_003664005_1	glsA	2
GCF_003664005_1	gs_K00265	1
GCF_003664005_1	gs_K00266	2
GCF_003664005_1	napA	1
GCF_003664005_1	napB	1
GCF_003664005_1	narB	1
GCF_003664005_1	narC	1
GCF_003664005_1	nasA	3
GCF_003664005_1	nifK	1
GCF_003664005_1	nirB	2
GCF_003664005_1	nirS	3
GCF_003664005_1	nmo	3
GCF_003664005_1	norB	1
GCF_003664005_1	norC	1
GCF_003664005_1	nrfC	3
GCF_004421105_1	amoA_B	1
GCF_004421105_1	amoB_B	1
GCF_004421105_1	amoC_B	1
GCF_004421105_1	asnB	8
GCF_004421105_1	gdh_K00261	3
GCF_004421105_1	gdh_K00262	2
GCF_004421105_1	gdh_K15371	2
GCF_004421105_1	glnA	3
GCF_004421105_1	glsA	2
GCF_004421105_1	gs_K00265	1
GCF_004421105_1	gs_K00266	5
GCF_004421105_1	hao	1
GCF_004421105_1	napC	1
GCF_004421105_1	narJ	2
GCF_004421105_1	nasA	2
GCF_004421105_1	nirK	7
GCF_004421105_1	nirS	3
GCF_004421105_1	nmo	5
GCF_004421105_1	norB	2
GCF_004421105_1	norC	1
GCF_004421105_1	nosZ	1
GCF_004421105_1	nrfC	2
GCF_004421255_1	ansB	1
GCF_004421255_1	gdh_K00261	2
GCF_004421255_1	gdh_K15371	1
GCF_004421255_1	glnA	3
GCF_004421255_1	glsA	1
GCF_004421255_1	gs_K00265	1
GCF_004421255_1	gs_K00266	3
GCF_004421255_1	hao	1
GCF_004421255_1	narJ	1
GCF_004421255_1	nasA	2
GCF_004421255_1	nasB	1
GCF_004421255_1	nifD	4
GCF_004421255_1	nifH	1
GCF_004421255_1	nifK	1
GCF_004421255_1	nifW	1
GCF_004421255_1	nirB	2
GCF_004421255_1	nirD	2
GCF_004421255_1	nirK	4
GCF_004421255_1	nirS	1
GCF_004421255_1	nmo	4
GCF_004421255_1	norB	1
GCF_004421255_1	norC	1
GCF_004421255_1	nrfC	1
GCF_004421255_1	pmoA	3
GCF_004421255_1	pmoB	3
GCF_004421255_1	pmoC	4
GCF_005796065_1	NR	5
GCF_005796065_1	ansB	1
GCF_005796065_1	asnB	1
GCF_005796065_1	gdh_K00262	3
GCF_005796065_1	gdh_K15371	2
GCF_005796065_1	glnA	26
GCF_005796065_1	glsA	6
GCF_005796065_1	gs_K00265	1
GCF_005796065_1	gs_K00266	6
GCF_005796065_1	narH	2
GCF_005796065_1	narI	2
GCF_005796065_1	narJ	2
GCF_005796065_1	narZ	2
GCF_005796065_1	nasA	2
GCF_005796065_1	nirA	4
GCF_005796065_1	nirB	1
GCF_005796065_1	nirD	1
GCF_005796065_1	nirK	2
GCF_005796065_1	nirS	1
GCF_005796065_1	nmo	9
GCF_005796065_1	norB	2
GCF_005796065_1	norC	1
GCF_005796065_1	nosZ	4
GCF_005796065_1	nrfC	1
GCF_005796065_1	ureA	1
GCF_005796065_1	ureB	1
GCF_005796065_1	ureC	2
GCF_009498235_1	NR	3
GCF_009498235_1	asnB	3
GCF_009498235_1	gdh_K15371	1
GCF_009498235_1	glnA	2
GCF_009498235_1	glsA	1
GCF_009498235_1	gs_K00265	1
GCF_009498235_1	gs_K00266	5
GCF_009498235_1	hao	1
GCF_009498235_1	narH	1
GCF_009498235_1	nasA	3
GCF_009498235_1	nifD	4
GCF_009498235_1	nifH	1
GCF_009498235_1	nifK	2
GCF_009498235_1	nifW	1
GCF_009498235_1	nirA	1
GCF_009498235_1	nirB	3
GCF_009498235_1	nirD	2
GCF_009498235_1	nirK	1
GCF_009498235_1	nmo	2
GCF_009498235_1	norB	1
GCF_009498235_1	norC	1
GCF_009498235_1	nosZ	2
GCF_009498235_1	nrfC	1
GCF_009498235_1	pmoA	2
GCF_009498235_1	pmoB	2
GCF_009498235_1	pmoC	2
GCF_009833085_1	amoA_B	1
GCF_009833085_1	amoB_B	1
GCF_009833085_1	amoC_B	3
GCF_009833085_1	asnB	2
GCF_009833085_1	gdh_K00261	1
GCF_009833085_1	gdh_K00262	1
GCF_009833085_1	gdh_K15371	1
GCF_009833085_1	glnA	1
GCF_009833085_1	glsA	1
GCF_009833085_1	gs_K00266	2
GCF_009833085_1	hao	2
GCF_009833085_1	narJ	1
GCF_009833085_1	nasA	1
GCF_009833085_1	nirA	1
GCF_009833085_1	nirK	2
GCF_009833085_1	nmo	1
GCF_009833085_1	nrfC	1
GCF_009833085_1	ureA	1
GCF_009833085_1	ureB	1
GCF_009833085_1	ureC	1
GCF_012027645_1	NR	2
GCF_012027645_1	ansB	1
GCF_012027645_1	asnB	3
GCF_012027645_1	gdh_K00261	3
GCF_012027645_1	gdh_K00262	1
GCF_012027645_1	glnA	2
GCF_012027645_1	gs_K00266	6
GCF_012027645_1	hcp	1
GCF_012027645_1	napA	1
GCF_012027645_1	nirB	2
GCF_012027645_1	nmo	4
GCF_012027645_1	nosZ	1
GCF_012027645_1	nrfC	2
GCF_014647655_1	NR	3
GCF_014647655_1	ansB	1
GCF_014647655_1	asnB	2
GCF_014647655_1	gdh_K00261	2
GCF_014647655_1	gdh_K00262	1
GCF_014647655_1	gdh_K15371	1
GCF_014647655_1	glnA	5
GCF_014647655_1	glsA	2
GCF_014647655_1	gs_K00265	1
GCF_014647655_1	gs_K00266	3
GCF_014647655_1	nao	1
GCF_014647655_1	narC	1
GCF_014647655_1	nasA	1
GCF_014647655_1	nasB	1
GCF_014647655_1	nirA	1
GCF_014647655_1	nirB	1
GCF_014647655_1	nirD	1
GCF_014647655_1	nirK	2
GCF_014647655_1	nmo	4
GCF_014647655_1	nosZ	2
GCF_018130765_1	NR	7
GCF_018130765_1	ansB	1
GCF_018130765_1	asnB	3
GCF_018130765_1	gdh_K00261	1
GCF_018130765_1	gdh_K00262	4
GCF_018130765_1	gdh_K15371	2
GCF_018130765_1	glnA	13
GCF_018130765_1	glsA	9
GCF_018130765_1	gs_K00265	1
GCF_018130765_1	gs_K00266	10
GCF_018130765_1	napA	3
GCF_018130765_1	napB	1
GCF_018130765_1	napC	1
GCF_018130765_1	narB	1
GCF_018130765_1	narC	1
GCF_018130765_1	narH	1
GCF_018130765_1	nasA	2
GCF_018130765_1	nifD	3
GCF_018130765_1	nifH	1
GCF_018130765_1	nifK	1
GCF_018130765_1	nifW	1
GCF_018130765_1	nirA	3
GCF_018130765_1	nirB	2
GCF_018130765_1	nirD	3
GCF_018130765_1	nirK	2
GCF_018130765_1	nirS	2
GCF_018130765_1	nmo	13
GCF_018130765_1	norB	1
GCF_018130765_1	norC	1
GCF_018130765_1	nosZ	4
GCF_018130765_1	ureA	1
GCF_018130765_1	ureB	1
GCF_018130765_1	ureC	1
GCF_021463765_1	NR	2
GCF_021463765_1	amoA_B	1
GCF_021463765_1	amoB_B	1
GCF_021463765_1	amoC_B	2
GCF_021463765_1	asnB	2
GCF_021463765_1	gdh_K00262	2
GCF_021463765_1	gdh_K15371	2
GCF_021463765_1	glnA	1
GCF_021463765_1	glsA	1
GCF_021463765_1	gs_K00264	1
GCF_021463765_1	gs_K00266	3
GCF_021463765_1	napC	1
GCF_021463765_1	narH	1
GCF_021463765_1	narJ	1
GCF_021463765_1	nasA	1
GCF_021463765_1	nirA	1
GCF_021463765_1	nirB	1
GCF_021463765_1	nirK	3
GCF_021463765_1	nirS	1
GCF_021463765_1	nmo	1
GCF_021463765_1	norB	1
GCF_021463765_1	norC	2
GCF_021463765_1	nosZ	2
GCF_021463765_1	nrfC	1
GCF_021602305_1	NR	4
GCF_021602305_1	ansB	1
GCF_021602305_1	asnB	2
GCF_021602305_1	gdh_K00262	2
GCF_021602305_1	gdh_K15371	2
GCF_021602305_1	glnA	25
GCF_021602305_1	glsA	7
GCF_021602305_1	gs_K00265	1
GCF_021602305_1	gs_K00266	7
GCF_021602305_1	narB	1
GCF_021602305_1	narH	2
GCF_021602305_1	narI	2
GCF_021602305_1	narJ	2
GCF_021602305_1	narZ	2
GCF_021602305_1	nasA	2
GCF_021602305_1	nirA	4
GCF_021602305_1	nirB	1
GCF_021602305_1	nirD	1
GCF_021602305_1	nirK	2
GCF_021602305_1	nirS	2
GCF_021602305_1	nmo	8
GCF_021602305_1	norB	1
GCF_021602305_1	norC	1
GCF_021602305_1	nosZ	4
GCF_021602305_1	nrfC	1
GCF_021602305_1	ureA	1
GCF_021602305_1	ureB	1
GCF_021602305_1	ureC	2
GCF_021731985_1	amoC_B	2
GCF_021731985_1	asnB	2
GCF_021731985_1	gdh_K00261	1
GCF_021731985_1	gdh_K00262	1
GCF_021731985_1	gdh_K15371	2
GCF_021731985_1	glnA	2
GCF_021731985_1	glsA	2
GCF_021731985_1	gs_K00266	2
GCF_021731985_1	narC	1
GCF_021731985_1	narH	1
GCF_021731985_1	narJ	2
GCF_021731985_1	nasA	1
GCF_021731985_1	nasB	1
GCF_021731985_1	nirA	1
GCF_021731985_1	nirK	2
GCF_021731985_1	nrfB	1
GCF_021731985_1	ureA	1
GCF_021731985_1	ureB	1
GCF_021731985_1	ureC	1
GCF_021845525_1	NR	5
GCF_021845525_1	asnB	4
GCF_021845525_1	gdh_K00261	3
GCF_021845525_1	gdh_K00262	1
GCF_021845525_1	gdh_K15371	1
GCF_021845525_1	glnA	3
GCF_021845525_1	glsA	1
GCF_021845525_1	gs_K00266	4
GCF_021845525_1	gs_K00284	1
GCF_021845525_1	narC	3
GCF_021845525_1	narG	2
GCF_021845525_1	nasA	2
GCF_021845525_1	nirA	2
GCF_021845525_1	nirD	4
GCF_021845525_1	nirK	4
GCF_021845525_1	nirS	1
GCF_021845525_1	nmo	3
GCF_021845525_1	norC	3
GCF_021845525_1	nosZ	1
GCF_021845525_1	nxrB	3
GCF_021845525_1	ureC	1
GCF_024259725_1	NR	4
GCF_024259725_1	ansB	1
GCF_024259725_1	asnB	1
GCF_024259725_1	gdh_K00262	1
GCF_024259725_1	gdh_K15371	2
GCF_024259725_1	glnA	21
GCF_024259725_1	glsA	5
GCF_024259725_1	gs_K00265	1
GCF_024259725_1	gs_K00266	5
GCF_024259725_1	napA	1
GCF_024259725_1	napB	1
GCF_024259725_1	napC	1
GCF_024259725_1	narB	2
GCF_024259725_1	narH	1
GCF_024259725_1	narI	1
GCF_024259725_1	narJ	1
GCF_024259725_1	narZ	1
GCF_024259725_1	nasA	3
GCF_024259725_1	nirA	4
GCF_024259725_1	nirB	2
GCF_024259725_1	nirD	1
GCF_024259725_1	nirK	1
GCF_024259725_1	nirS	1
GCF_024259725_1	nmo	8
GCF_024259725_1	nosZ	3
GCF_024259725_1	nrfC	1
GCF_024259725_1	ureA	1
GCF_024259725_1	ureB	1
GCF_024259725_1	ureC	2
GCF_025421555_1	NR	3
GCF_025421555_1	ansB	2
GCF_025421555_1	asnB	1
GCF_025421555_1	gdh_K00261	1
GCF_025421555_1	gdh_K00262	1
GCF_025421555_1	gdh_K15371	1
GCF_025421555_1	glnA	5
GCF_025421555_1	glsA	2
GCF_025421555_1	gs_K00265	1
GCF_025421555_1	gs_K00266	4
GCF_025421555_1	napA	1
GCF_025421555_1	napB	1
GCF_025421555_1	napC	1
GCF_025421555_1	narB	2
GCF_025421555_1	narC	1
GCF_025421555_1	narJ	2
GCF_025421555_1	nasA	3
GCF_025421555_1	nirA	1
GCF_025421555_1	nirB	2
GCF_025421555_1	nirD	2
GCF_025421555_1	nirK	2
GCF_025421555_1	nirS	4
GCF_025421555_1	nmo	11
GCF_025421555_1	nosZ	2
GCF_025421555_1	nrfC	2
GCF_025421555_1	ureA	1
GCF_025421555_1	ureB	1
GCF_025421555_1	ureC	2
GCF_028294535_1	NR	2
GCF_028294535_1	asnB	1
GCF_028294535_1	gdh_K00261	2
GCF_028294535_1	gdh_K15371	1
GCF_028294535_1	glnA	17
GCF_028294535_1	glsA	3
GCF_028294535_1	gs_K00265	1
GCF_028294535_1	gs_K00266	4
GCF_028294535_1	napC	1
GCF_028294535_1	narH	1
GCF_028294535_1	narI	1
GCF_028294535_1	nasA	2
GCF_028294535_1	nirA	2
GCF_028294535_1	nirB	1
GCF_028294535_1	nirD	2
GCF_028294535_1	nirK	2
GCF_028294535_1	nmo	5
GCF_028294535_1	norC	1
GCF_028294535_1	nosZ	2
GCF_028294535_1	nrfC	1
GCF_028294535_1	ureA	1
GCF_028294535_1	ureB	1
GCF_028294535_1	ureC	1
GCF_030697065_1	NR	7
GCF_030697065_1	asnB	1
GCF_030697065_1	gdh_K00261	1
GCF_030697065_1	gdh_K15371	1
GCF_030697065_1	glnA	7
GCF_030697065_1	glsA	8
GCF_030697065_1	gs_K00265	2
GCF_030697065_1	gs_K00266	7
GCF_030697065_1	napA	1
GCF_030697065_1	napB	1
GCF_030697065_1	napC	1
GCF_030697065_1	narB	3
GCF_030697065_1	narC	1
GCF_030697065_1	narH	1
GCF_030697065_1	nasA	2
GCF_030697065_1	nirA	2
GCF_030697065_1	nirB	3
GCF_030697065_1	nirD	4
GCF_030697065_1	nirK	1
GCF_030697065_1	nmo	12
GCF_030697065_1	nosZ	2
GCF_030697065_1	nrfC	2
GCF_030697065_1	ureA	1
GCF_030697065_1	ureB	1
GCF_030697065_1	ureC	3
GCF_031854425_1	NR	2
GCF_031854425_1	ansB	2
GCF_031854425_1	asnB	2
GCF_031854425_1	gdh_K00262	2
GCF_031854425_1	gdh_K15371	1
GCF_031854425_1	glnA	11
GCF_031854425_1	glsA	2
GCF_031854425_1	gs_K00265	1
GCF_031854425_1	gs_K00266	5
GCF_031854425_1	napA	1
GCF_031854425_1	napB	1
GCF_031854425_1	napC	2
GCF_031854425_1	narB	1
GCF_031854425_1	narH	2
GCF_031854425_1	narI	2
GCF_031854425_1	narJ	1
GCF_031854425_1	narZ	2
GCF_031854425_1	nasA	1
GCF_031854425_1	nirA	1
GCF_031854425_1	nirB	3
GCF_031854425_1	nirD	3
GCF_031854425_1	nirK	1
GCF_031854425_1	nmo	7
GCF_031854425_1	nosZ	1
GCF_031854425_1	nrfC	1
GCF_031854425_1	pmoB	1
GCF_031854425_1	ureA	1
GCF_031854425_1	ureB	1
GCF_031854425_1	ureC	2
GCF_032094775_1	NR	4
GCF_032094775_1	ansB	1
GCF_032094775_1	asnB	1
GCF_032094775_1	gdh_K00262	1
GCF_032094775_1	gdh_K15371	2
GCF_032094775_1	glnA	14
GCF_032094775_1	glsA	3
GCF_032094775_1	gs_K00265	1
GCF_032094775_1	gs_K00266	6
GCF_032094775_1	narB	2
GCF_032094775_1	nasA	3
GCF_032094775_1	nifD	2
GCF_032094775_1	nifH	1
GCF_032094775_1	nifK	1
GCF_032094775_1	nifW	1
GCF_032094775_1	nirA	3
GCF_032094775_1	nirB	1
GCF_032094775_1	nirD	2
GCF_032094775_1	nirK	2
GCF_032094775_1	nirS	1
GCF_032094775_1	nmo	5
GCF_032094775_1	nosZ	2
GCF_032094775_1	nrfC	1
GCF_032094775_1	ureA	1
GCF_032094775_1	ureB	1
GCF_032094775_1	ureC	2
GCF_033555915_1	NR	1
GCF_033555915_1	ansB	1
GCF_033555915_1	asnB	2
GCF_033555915_1	gdh_K00261	2
GCF_033555915_1	gdh_K00262	1
GCF_033555915_1	gdh_K15371	1
GCF_033555915_1	glnA	10
GCF_033555915_1	glsA	1
GCF_033555915_1	gs_K00265	1
GCF_033555915_1	gs_K00266	4
GCF_033555915_1	napA	1
GCF_033555915_1	napC	1
GCF_033555915_1	narB	2
GCF_033555915_1	narH	2
GCF_033555915_1	narI	2
GCF_033555915_1	narJ	1
GCF_033555915_1	narZ	1
GCF_033555915_1	nasA	1
GCF_033555915_1	nirA	1
GCF_033555915_1	nirB	1
GCF_033555915_1	nirD	3
GCF_033555915_1	nirK	2
GCF_033555915_1	nirS	4
GCF_033555915_1	nmo	7
GCF_033555915_1	norB	1
GCF_033555915_1	norC	1
GCF_033555915_1	nosZ	1
GCF_033555915_1	nrfC	1
GCF_041927815_1	NR	1
GCF_041927815_1	asnB	1
GCF_041927815_1	gdh_K00261	1
GCF_041927815_1	gdh_K00262	1
GCF_041927815_1	gdh_K15371	2
GCF_041927815_1	glnA	8
GCF_041927815_1	glsA	3
GCF_041927815_1	gs_K00265	1
GCF_041927815_1	gs_K00266	3
GCF_041927815_1	napA	2
GCF_041927815_1	napB	1
GCF_041927815_1	napC	1
GCF_041927815_1	narB	1
GCF_041927815_1	narC	1
GCF_041927815_1	narH	1
GCF_041927815_1	narI	1
GCF_041927815_1	nasB	1
GCF_041927815_1	nirA	1
GCF_041927815_1	nirB	2
GCF_041927815_1	nirS	5
GCF_041927815_1	nmo	8
GCF_041927815_1	norB	1
GCF_041927815_1	norC	1
GCF_041927815_1	nosZ	3
GCF_041927815_1	nrfC	2
GCF_042408735_1	NR	4
GCF_042408735_1	asnB	4
GCF_042408735_1	gdh_K00261	2
GCF_042408735_1	gdh_K00262	5
GCF_042408735_1	glnA	8
GCF_042408735_1	glsA	3
GCF_042408735_1	gs_K00265	1
GCF_042408735_1	gs_K00266	3
GCF_042408735_1	napA	1
GCF_042408735_1	narB	1
GCF_042408735_1	narC	1
GCF_042408735_1	nasA	1
GCF_042408735_1	nirB	6
GCF_042408735_1	nirD	1
GCF_042408735_1	nirK	2
GCF_042408735_1	nmo	4
GCF_042408735_1	nrfC	1
GCF_042408735_1	ureA	1
GCF_042408735_1	ureB	1
GCF_042408735_1	ureC	1
GCF_047149785_1	NR	2
GCF_047149785_1	asnB	2
GCF_047149785_1	gdh_K00261	1
GCF_047149785_1	gdh_K15371	1
GCF_047149785_1	glnA	5
GCF_047149785_1	glsA	2
GCF_047149785_1	gs_K00265	1
GCF_047149785_1	gs_K00266	2
GCF_047149785_1	narC	1
GCF_047149785_1	narG	1
GCF_047149785_1	narH	1
GCF_047149785_1	narI	1
GCF_047149785_1	narZ	2
GCF_047149785_1	nasA	1
GCF_047149785_1	nifD	1
GCF_047149785_1	nifH	2
GCF_047149785_1	nifK	1
GCF_047149785_1	nirK	2
GCF_047149785_1	nmo	5
GCF_047149785_1	nrfC	1
GCF_047149785_1	nxrB	2
GCF_048068055_1	NR	5
GCF_048068055_1	ansB	1
GCF_048068055_1	asnB	1
GCF_048068055_1	gdh_K00262	4
GCF_048068055_1	gdh_K15371	2
GCF_048068055_1	glnA	26
GCF_048068055_1	glsA	5
GCF_048068055_1	gs_K00265	1
GCF_048068055_1	gs_K00266	7
GCF_048068055_1	napA	1
GCF_048068055_1	napB	1
GCF_048068055_1	napC	1
GCF_048068055_1	narB	1
GCF_048068055_1	narH	1
GCF_048068055_1	narI	1
GCF_048068055_1	narJ	1
GCF_048068055_1	narZ	1
GCF_048068055_1	nasA	2
GCF_048068055_1	nirA	4
GCF_048068055_1	nirB	3
GCF_048068055_1	nirD	1
GCF_048068055_1	nirK	2
GCF_048068055_1	nirS	2
GCF_048068055_1	nmo	7
GCF_048068055_1	nosZ	3
GCF_048068055_1	nrfC	1
GCF_048068055_1	ureC	1
GCF_049221745_1	NR	2
GCF_049221745_1	ansB	1
GCF_049221745_1	asnB	1
GCF_049221745_1	gdh_K00262	2
GCF_049221745_1	glnA	1
GCF_049221745_1	glsA	1
GCF_049221745_1	gs_K00265	2
GCF_049221745_1	gs_K00266	4
GCF_049221745_1	napA	1
GCF_049221745_1	napB	2
GCF_049221745_1	napC	2
GCF_049221745_1	narC	1
GCF_049221745_1	nasA	2
GCF_049221745_1	nmo	3
GCF_049221745_1	nrfA	1
GCF_049221745_1	nrfC	1
GCF_050014615_1	NR	9
GCF_050014615_1	asnB	1
GCF_050014615_1	gdh_K15371	1
GCF_050014615_1	glnA	8
GCF_050014615_1	glsA	6
GCF_050014615_1	gs_K00265	1
GCF_050014615_1	gs_K00266	9
GCF_050014615_1	napA	1
GCF_050014615_1	narB	1
GCF_050014615_1	narC	1
GCF_050014615_1	narH	1
GCF_050014615_1	nasA	4
GCF_050014615_1	nasB	1
GCF_050014615_1	nirA	3
GCF_050014615_1	nirB	2
GCF_050014615_1	nirD	3
GCF_050014615_1	nirK	3
GCF_050014615_1	nirS	2
GCF_050014615_1	nmo	8
GCF_050014615_1	nosZ	1
GCF_050014615_1	ureA	1
GCF_050014615_1	ureB	1
GCF_050014615_1	ureC	4
GCF_051912485_1	NR	3
GCF_051912485_1	asnB	1
GCF_051912485_1	gdh_K00261	1
GCF_051912485_1	gdh_K00262	1
GCF_051912485_1	gdh_K15371	1
GCF_051912485_1	glnA	8
GCF_051912485_1	glsA	2
GCF_051912485_1	gs_K00265	1
GCF_051912485_1	gs_K00266	4
GCF_051912485_1	napA	1
GCF_051912485_1	narC	1
GCF_051912485_1	narI	1
GCF_051912485_1	narZ	3
GCF_051912485_1	nasA	1
GCF_051912485_1	nifH	1
GCF_051912485_1	nirB	7
GCF_051912485_1	nirD	1
GCF_051912485_1	nirK	2
GCF_051912485_1	nmo	6
GCF_051912485_1	nrfC	1
GCF_051912485_1	nxrB	2
GCF_052156615_1	NR	4
GCF_052156615_1	asnB	2
GCF_052156615_1	gdh_K00261	3
GCF_052156615_1	gdh_K00262	1
GCF_052156615_1	gdh_K15371	1
GCF_052156615_1	glnA	3
GCF_052156615_1	glsA	1
GCF_052156615_1	gs_K00265	1
GCF_052156615_1	gs_K00266	5
GCF_052156615_1	narC	2
GCF_052156615_1	narG	2
GCF_052156615_1	nasA	2
GCF_052156615_1	nirA	2
GCF_052156615_1	nirD	3
GCF_052156615_1	nirK	2
GCF_052156615_1	nirS	1
GCF_052156615_1	nmo	3
GCF_052156615_1	norC	2
GCF_052156615_1	nosZ	1
GCF_052156615_1	nxrB	3
GCF_900109785_1	amoA_B	1
GCF_900109785_1	amoB_B	1
GCF_900109785_1	amoC_B	4
GCF_900109785_1	asnB	2
GCF_900109785_1	gdh_K00262	2
GCF_900109785_1	gdh_K15371	1
GCF_900109785_1	glnA	1
GCF_900109785_1	glsA	1
GCF_900109785_1	gs_K00266	3
GCF_900109785_1	hao	1
GCF_900109785_1	narJ	2
GCF_900109785_1	nasA	2
GCF_900109785_1	nasB	1
GCF_900109785_1	nirA	1
GCF_900109785_1	nirB	1
GCF_900109785_1	nirK	2
GCF_900109785_1	nmo	2
GCF_900109785_1	nrfC	1
GCF_900109785_1	ureA	1
GCF_900109785_1	ureB	1
GCF_900109785_1	ureC	1
GCF_900111605_1	amoA_B	1
GCF_900111605_1	amoB_B	1
GCF_900111605_1	amoC_B	6
GCF_900111605_1	asnB	4
GCF_900111605_1	gdh_K00261	1
GCF_900111605_1	gdh_K00262	1
GCF_900111605_1	gdh_K15371	1
GCF_900111605_1	glnA	4
GCF_900111605_1	glsA	1
GCF_900111605_1	gs_K00266	6
GCF_900111605_1	gs_K00284	1
GCF_900111605_1	hao	1
GCF_900111605_1	hzsA	3
GCF_900111605_1	napC	1
GCF_900111605_1	narJ	2
GCF_900111605_1	nasA	2
GCF_900111605_1	nirA	1
GCF_900111605_1	nirB	2
GCF_900111605_1	nirK	2
GCF_900111605_1	nmo	3
GCF_900111605_1	norB	1
GCF_900111605_1	norC	1
GCF_900111605_1	nosZ	2
GCF_900111605_1	nrfC	1
GCF_900113925_1	amoA_B	1
GCF_900113925_1	amoB_B	1
GCF_900113925_1	amoC_B	3
GCF_900113925_1	gdh_K00262	1
GCF_900113925_1	gdh_K15371	1
GCF_900113925_1	glnA	2
GCF_900113925_1	glsA	1
GCF_900113925_1	gs_K00266	3
GCF_900113925_1	hao	2
GCF_900113925_1	narJ	2
GCF_900113925_1	nasA	1
GCF_900113925_1	nasB	1
GCF_900113925_1	nirA	1
GCF_900113925_1	nirB	1
GCF_900113925_1	nmo	1
GCF_900113925_1	nosZ	2
GCF_900113925_1	nrfC	1
GCF_902143375_2	NR	1
GCF_902143375_2	asnB	3
GCF_902143375_2	gdh_K00261	1
GCF_902143375_2	gdh_K00262	2
GCF_902143375_2	gdh_K15371	2
GCF_902143375_2	glnA	5
GCF_902143375_2	glsA	1
GCF_902143375_2	gs_K00265	1
GCF_902143375_2	gs_K00266	1
GCF_902143375_2	nasA	1
GCF_902143375_2	nasB	1
GCF_902143375_2	nifD	3
GCF_902143375_2	nifH	1
GCF_902143375_2	nifK	1
GCF_902143375_2	nifW	1
GCF_902143375_2	nirB	1
GCF_902143375_2	nirK	3
GCF_902143375_2	nirS	2
GCF_902143375_2	nmo	2
GCF_902143375_2	norB	2
GCF_902143375_2	norC	1
GCF_902143375_2	nrfC	1
GCF_902143375_2	pmoA	1
GCF_902143375_2	pmoB	1
GCF_902143375_2	pmoC	1
GCF_905250085_1	NR	2
GCF_905250085_1	asnB	1
GCF_905250085_1	gdh_K00262	2
GCF_905250085_1	gdh_K15371	1
GCF_905250085_1	glnA	4
GCF_905250085_1	glsA	1
GCF_905250085_1	gs_K00265	1
GCF_905250085_1	gs_K00266	2
GCF_905250085_1	nasA	1
GCF_905250085_1	nasB	1
GCF_905250085_1	nirA	2
GCF_905250085_1	nirB	1
GCF_905250085_1	nirK	3
GCF_905250085_1	nmo	2
GCF_905250085_1	norB	1
GCF_905250085_1	norC	1
GCF_905250085_1	nosZ	1
GCF_905250085_1	nrfC	1
GCF_905250085_1	pmoA	1
GCF_905250085_1	pmoB	1
GCF_905250085_1	pmoC	1
GCF_905250085_1	ureC	1
GCF_946900835_1	NR	5
GCF_946900835_1	asnB	3
GCF_946900835_1	gdh_K00261	3
GCF_946900835_1	gdh_K00262	1
GCF_946900835_1	gdh_K15371	1
GCF_946900835_1	glnA	2
GCF_946900835_1	glsA	2
GCF_946900835_1	gs_K00265	1
GCF_946900835_1	gs_K00266	4
GCF_946900835_1	narC	2
GCF_946900835_1	narG	2
GCF_946900835_1	nasA	2
GCF_946900835_1	nirA	3
GCF_946900835_1	nirB	2
GCF_946900835_1	nirD	3
GCF_946900835_1	nirK	2
GCF_946900835_1	nirS	1
GCF_946900835_1	nmo	3
GCF_946900835_1	norC	1
GCF_946900835_1	nosZ	1
GCF_946900835_1	nxrB	3
GCF_947487305_1	NR	3
GCF_947487305_1	asnB	2
GCF_947487305_1	gdh_K00261	2
GCF_947487305_1	gdh_K00262	1
GCF_947487305_1	gdh_K15371	1
GCF_947487305_1	glnA	13
GCF_947487305_1	glsA	4
GCF_947487305_1	gs_K00265	1
GCF_947487305_1	gs_K00266	6
GCF_947487305_1	napC	1
GCF_947487305_1	narH	2
GCF_947487305_1	narI	2
GCF_947487305_1	narJ	1
GCF_947487305_1	narZ	1
GCF_947487305_1	nasA	2
GCF_947487305_1	nirA	2
GCF_947487305_1	nirB	1
GCF_947487305_1	nirD	2
GCF_947487305_1	nirK	1
GCF_947487305_1	nirS	1
GCF_947487305_1	nmo	10
GCF_947487305_1	nosZ	2
GCF_947487305_1	nrfC	3
GCF_947487305_1	ureA	1
GCF_947487305_1	ureB	1
GCF_947487305_1	ureC	1
GCF_964252915_1	NR	4
GCF_964252915_1	asnB	1
GCF_964252915_1	gdh_K15371	2
GCF_964252915_1	glnA	13
GCF_964252915_1	glsA	8
GCF_964252915_1	gs_K00265	1
GCF_964252915_1	gs_K00266	9
GCF_964252915_1	narB	1
GCF_964252915_1	narC	1
GCF_964252915_1	narH	1
GCF_964252915_1	nasA	6
GCF_964252915_1	nirA	3
GCF_964252915_1	nirB	2
GCF_964252915_1	nirD	4
GCF_964252915_1	nirK	1
GCF_964252915_1	nirS	1
GCF_964252915_1	nmo	10
GCF_964252915_1	nosZ	2
GCF_964252915_1	nrfC	2
GCF_964252915_1	ureA	1
GCF_964252915_1	ureB	1
GCF_964252915_1	ureC	3
GCF_965263415_1	amoA_A	1
GCF_965263415_1	amoB_A	2
GCF_965263415_1	amoC_A	1
GCF_965263415_1	ansB	1
GCF_965263415_1	asnB	4
GCF_965263415_1	gdh_K00261	2
GCF_965263415_1	glnA	2
GCF_965263415_1	glsA	1
GCF_965263415_1	narC	1
GCF_965263415_1	nirA	1
GCF_965263415_1	nirB	1
GCF_965263415_1	nirD	2
GCF_965263415_1	nirK	5
GCF_965263415_1	nmo	4
