sample	ncbi_acc	fna	stratum	clade	gtdb_taxonomy
GCA_965223535_1	GCA_965223535.1	gtdb_dl/ncbi_dataset/data/GCA_965223535.1/GCA_965223535.1_wgTheLage1.Nitrospira_sp_2.1_genomic.fna	enriched	NOB_Nitrospira	d__Bacteria;p__Nitrospirota;c__Nitrospiria;o__Nitrospirales;f__Nitrospiraceae;g__Nitrospira_D;s__Nitrospira_D sp965223535
GCA_965223315_1	GCA_965223315.1	gtdb_dl/ncbi_dataset/data/GCA_965223315.1/GCA_965223315.1_wgTheLage1.Nitrospirales_10.1_genomic.fna	enriched	NOB_Nitrospira	d__Bacteria;p__Nitrospirota;c__Nitrospiria;o__Nitrospirales;f__UBA8639;g__Nitrospira_E;s__Nitrospira_E sp965223315
GCA_047150005_1	GCA_047150005.1	gtdb_dl/ncbi_dataset/data/GCA_047150005.1/GCA_047150005.1_ASM4715000v1_genomic.fna	enriched	NOB_Nitrospira	d__Bacteria;p__Nitrospirota;c__Nitrospiria;o__Nitrospirales;f__Nitrospiraceae;g__Nitrospira_C;s__Nitrospira_C sp047150005
GCA_965223295_1	GCA_965223295.1	gtdb_dl/ncbi_dataset/data/GCA_965223295.1/GCA_965223295.1_wgTheLage1.Nitrospirales_13.1_genomic.fna	enriched	NOB_Nitrospira	d__Bacteria;p__Nitrospirota;c__Nitrospiria;o__Nitrospirales;f__UBA8639;g__Nitrospira_E;s__Nitrospira_E sp965223295
GCA_040255845_1	GCA_040255845.1	gtdb_dl/ncbi_dataset/data/GCA_040255845.1/GCA_040255845.1_f_Nitrospiraceae_genomic.fna	enriched	NOB_Nitrospira	d__Bacteria;p__Nitrospirota;c__Nitrospiria;o__Nitrospirales;f__Nitrospiraceae;g__Nitrospira_D;s__Nitrospira_D sp040255845
GCA_016195505_1	GCA_016195505.1	gtdb_dl/ncbi_dataset/data/GCA_016195505.1/GCA_016195505.1_ASM1619550v1_genomic.fna	enriched	NOB_Nitrospira	d__Bacteria;p__Nitrospirota;c__Nitrospiria;o__Nitrospirales;f__Nitrospiraceae;g__Nitrospira_D;s__Nitrospira_D sp016195505
GCA_024330945_1	GCA_024330945.1	gtdb_dl/ncbi_dataset/data/GCA_024330945.1/GCA_024330945.1_ASM2433094v1_genomic.fna	enriched	NOB_Nitrospira	d__Bacteria;p__Nitrospirota;c__Nitrospiria;o__Nitrospirales;f__Nitrospiraceae;g__Nitrospira_D;s__Nitrospira_D sp024330945
GCA_964430555_1	GCA_964430555.1	gtdb_dl/ncbi_dataset/data/GCA_964430555.1/GCA_964430555.1_binchicken_co322_174_genomic.fna	enriched	NOB_Nitrospira	d__Bacteria;p__Nitrospirota;c__Nitrospiria;o__Nitrospirales;f__Nitrospiraceae;g__Nitrospira_D;s__Nitrospira_D sp964430555
GCF_047149785_1	GCF_047149785.1	gtdb_dl/ncbi_dataset/data/GCF_047149785.1/GCF_047149785.1_ASM4714978v1_genomic.fna	enriched	NOB_Nitrobacter	d__Bacteria;p__Pseudomonadota;c__Alphaproteobacteria;o__Rhizobiales;f__Xanthobacteraceae;g__Nitrobacter;s__Nitrobacter sp047149785
GCF_000013885_1	GCF_000013885.1	gtdb_dl/ncbi_dataset/data/GCF_000013885.1/GCF_000013885.1_ASM1388v1_genomic.fna	enriched	NOB_Nitrobacter	d__Bacteria;p__Pseudomonadota;c__Alphaproteobacteria;o__Rhizobiales;f__Xanthobacteraceae;g__Nitrobacter;s__Nitrobacter hamburgensis
GCF_051912485_1	GCF_051912485.1	gtdb_dl/ncbi_dataset/data/GCF_051912485.1/GCF_051912485.1_ASM5191248v1_genomic.fna	enriched	NOB_Nitrobacter	d__Bacteria;p__Pseudomonadota;c__Alphaproteobacteria;o__Rhizobiales;f__Xanthobacteraceae;g__Nitrobacter;s__Nitrobacter sp051912485
GCA_041691515_1	GCA_041691515.1	gtdb_dl/ncbi_dataset/data/GCA_041691515.1/GCA_041691515.1_ASM4169151v1_genomic.fna	enriched	NOB_Nitrobacter	d__Bacteria;p__Pseudomonadota;c__Alphaproteobacteria;o__Rhizobiales;f__Xanthobacteraceae;g__Nitrobacter;s__Nitrobacter sp041691515
GCF_001896955_1	GCF_001896955.1	gtdb_dl/ncbi_dataset/data/GCF_001896955.1/GCF_001896955.1_ASM189695v1_genomic.fna	enriched	NOB_Nitrobacter	d__Bacteria;p__Pseudomonadota;c__Alphaproteobacteria;o__Rhizobiales;f__Xanthobacteraceae;g__Nitrobacter;s__Nitrobacter sp001896955
GCF_000012725_1	GCF_000012725.1	gtdb_dl/ncbi_dataset/data/GCF_000012725.1/GCF_000012725.1_ASM1272v1_genomic.fna	enriched	NOB_Nitrobacter	d__Bacteria;p__Pseudomonadota;c__Alphaproteobacteria;o__Rhizobiales;f__Xanthobacteraceae;g__Nitrobacter;s__Nitrobacter winogradskyi
GCA_051953235_1	GCA_051953235.1	gtdb_dl/ncbi_dataset/data/GCA_051953235.1/GCA_051953235.1_ASM5195323v1_genomic.fna	enriched	NOB_Nitrobacter	d__Bacteria;p__Pseudomonadota;c__Alphaproteobacteria;o__Rhizobiales;f__Xanthobacteraceae;g__Nitrobacter;s__Nitrobacter sp051953235
GCA_963807355_1	GCA_963807355.1	gtdb_dl/ncbi_dataset/data/GCA_963807355.1/GCA_963807355.1_MFD00392.bin.2.237_genomic.fna	enriched	NOB_Nitrobacter	d__Bacteria;p__Pseudomonadota;c__Alphaproteobacteria;o__Rhizobiales;f__Xanthobacteraceae;g__Nitrobacter;s__Nitrobacter sp963807355
GCA_024102725_1	GCA_024102725.1	gtdb_dl/ncbi_dataset/data/GCA_024102725.1/GCA_024102725.1_ASM2410272v1_genomic.fna	enriched	NOB_Nitrococcus	d__Bacteria;p__Pseudomonadota;c__Gammaproteobacteria;o__Nitrococcales;f__Nitrococcaceae;g__Nitrococcus;s__Nitrococcus mobilis_A
GCA_030452365_1	GCA_030452365.1	gtdb_dl/ncbi_dataset/data/GCA_030452365.1/GCA_030452365.1_ASM3045236v1_genomic.fna	enriched	NOB_Nitrococcus	d__Bacteria;p__Pseudomonadota;c__Gammaproteobacteria;o__Nitrococcales;f__Nitrococcaceae;g__Nitrococcus;s__Nitrococcus sp030452365
GCA_030452265_1	GCA_030452265.1	gtdb_dl/ncbi_dataset/data/GCA_030452265.1/GCA_030452265.1_ASM3045226v1_genomic.fna	enriched	NOB_Nitrococcus	d__Bacteria;p__Pseudomonadota;c__Gammaproteobacteria;o__Nitrococcales;f__Nitrococcaceae;g__Nitrococcus;s__Nitrococcus sp030452265
GCA_030433275_1	GCA_030433275.1	gtdb_dl/ncbi_dataset/data/GCA_030433275.1/GCA_030433275.1_ASM3043327v1_genomic.fna	enriched	NOB_Nitrococcus	d__Bacteria;p__Pseudomonadota;c__Gammaproteobacteria;o__Nitrococcales;f__Nitrococcaceae;g__Nitrococcus;s__Nitrococcus sp030433275
GCF_000153205_1	GCF_000153205.1	gtdb_dl/ncbi_dataset/data/GCF_000153205.1/GCF_000153205.1_ASM15320v1_genomic.fna	enriched	NOB_Nitrococcus	d__Bacteria;p__Pseudomonadota;c__Gammaproteobacteria;o__Nitrococcales;f__Nitrococcaceae;g__Nitrococcus;s__Nitrococcus mobilis
GCF_021845525_1	GCF_021845525.1	gtdb_dl/ncbi_dataset/data/GCF_021845525.1/GCF_021845525.1_ASM2184552v1_genomic.fna	enriched	NOB_Nitrospina	d__Bacteria;p__Nitrospinota;c__Nitrospinia;o__Nitrospinales;f__Nitrospinaceae;g__Nitrospina;s__Nitrospina gracilis_A
GCF_946900835_1	GCF_946900835.1	gtdb_dl/ncbi_dataset/data/GCF_946900835.1/GCF_946900835.1_NSPWAT_genomic.fna	enriched	NOB_Nitrospina	d__Bacteria;p__Nitrospinota;c__Nitrospinia;o__Nitrospinales;f__Nitrospinaceae;g__Nitrospina;s__Nitrospina watsonii
GCF_052156615_1	GCF_052156615.1	gtdb_dl/ncbi_dataset/data/GCF_052156615.1/GCF_052156615.1_ASM5215661v1_genomic.fna	enriched	NOB_Nitrospina	d__Bacteria;p__Nitrospinota;c__Nitrospinia;o__Nitrospinales;f__Nitrospinaceae;g__Nitrospina;s__Nitrospina sp052156635
GCF_000341545_2	GCF_000341545.2	gtdb_dl/ncbi_dataset/data/GCF_000341545.2/GCF_000341545.2_ASM34154v2_genomic.fna	enriched	NOB_Nitrospina	d__Bacteria;p__Nitrospinota;c__Nitrospinia;o__Nitrospinales;f__Nitrospinaceae;g__Nitrospina;s__Nitrospina gracilis
GCA_040255925_1	GCA_040255925.1	gtdb_dl/ncbi_dataset/data/GCA_040255925.1/GCA_040255925.1_c_Thermomicrobia_genomic.fna	enriched	NOB_Nitrolancea	d__Bacteria;p__Chloroflexota;c__Chloroflexia;o__Thermomicrobiales;f__Thermomicrobiaceae;g__Nitrolancea;s__Nitrolancea sp040255925
GCF_000297255_1	GCF_000297255.1	gtdb_dl/ncbi_dataset/data/GCF_000297255.1/GCF_000297255.1_ASM29725v1_genomic.fna	enriched	NOB_Nitrolancea	d__Bacteria;p__Chloroflexota;c__Chloroflexia;o__Thermomicrobiales;f__Thermomicrobiaceae;g__Nitrolancea;s__Nitrolancea hollandica
GCA_965285975_1	GCA_965285975.1	gtdb_dl/ncbi_dataset/data/GCA_965285975.1/GCA_965285975.1_NR2_7_metabat_genomic.fna	enriched	NOB_Nitrolancea	d__Bacteria;p__Chloroflexota;c__Chloroflexia;o__Thermomicrobiales;f__Thermomicrobiaceae;g__Nitrolancea;s__Nitrolancea sp965285975
GCF_900113925_1	GCF_900113925.1	gtdb_dl/ncbi_dataset/data/GCF_900113925.1/GCF_900113925.1_IMG-taxon_2675903040_annotated_assembly_genomic.fna	enriched	AOB_Nitrosomonas	d__Bacteria;p__Pseudomonadota;c__Gammaproteobacteria;o__Burkholderiales;f__Nitrosomonadaceae;g__Nitrosomonas;s__Nitrosomonas sp900113925
GCF_900111605_1	GCF_900111605.1	gtdb_dl/ncbi_dataset/data/GCF_900111605.1/GCF_900111605.1_IMG-taxon_2671180135_annotated_assembly_genomic.fna	enriched	AOB_Nitrosomonas	d__Bacteria;p__Pseudomonadota;c__Gammaproteobacteria;o__Burkholderiales;f__Nitrosomonadaceae;g__Nitrosomonas;s__Nitrosomonas marina_A
GCA_008015595_1	GCA_008015595.1	gtdb_dl/ncbi_dataset/data/GCA_008015595.1/GCA_008015595.1_ASM801559v1_genomic.fna	enriched	AOB_Nitrosomonas	d__Bacteria;p__Pseudomonadota;c__Gammaproteobacteria;o__Burkholderiales;f__Nitrosomonadaceae;g__Nitrosomonas;s__Nitrosomonas sp008015595
GCF_009833085_1	GCF_009833085.1	gtdb_dl/ncbi_dataset/data/GCF_009833085.1/GCF_009833085.1_ASM983308v1_genomic.fna	enriched	AOB_Nitrosomonas	d__Bacteria;p__Pseudomonadota;c__Gammaproteobacteria;o__Burkholderiales;f__Nitrosomonadaceae;g__Nitrosomonas;s__Nitrosomonas oligotropha
GCF_021731985_1	GCF_021731985.1	gtdb_dl/ncbi_dataset/data/GCF_021731985.1/GCF_021731985.1_ASM2173198v1_genomic.fna	enriched	AOB_Nitrosomonas	d__Bacteria;p__Pseudomonadota;c__Gammaproteobacteria;o__Burkholderiales;f__Nitrosomonadaceae;g__Nitrosomonas;s__Nitrosomonas sp021731985
GCA_963975255_1	GCA_963975255.1	gtdb_dl/ncbi_dataset/data/GCA_963975255.1/GCA_963975255.1_ERR2762116_concoct_37_genomic.fna	enriched	AOB_Nitrosomonas	d__Bacteria;p__Pseudomonadota;c__Gammaproteobacteria;o__Burkholderiales;f__Nitrosomonadaceae;g__Nitrosomonas;s__Nitrosomonas sp963975255
GCA_021604405_1	GCA_021604405.1	gtdb_dl/ncbi_dataset/data/GCA_021604405.1/GCA_021604405.1_ASM2160440v1_genomic.fna	enriched	AOB_Nitrosomonas	d__Bacteria;p__Pseudomonadota;c__Gammaproteobacteria;o__Burkholderiales;f__Nitrosomonadaceae;g__Nitrosomonas;s__Nitrosomonas sp021604405
GCF_021463765_1	GCF_021463765.1	gtdb_dl/ncbi_dataset/data/GCF_021463765.1/GCF_021463765.1_ASM2146376v1_genomic.fna	enriched	AOB_Nitrosomonas	d__Bacteria;p__Pseudomonadota;c__Gammaproteobacteria;o__Burkholderiales;f__Nitrosomonadaceae;g__Nitrosomonas;s__Nitrosomonas sp015075225
GCA_039922995_1	GCA_039922995.1	gtdb_dl/ncbi_dataset/data/GCA_039922995.1/GCA_039922995.1_ASM3992299v1_genomic.fna	enriched	AOB_Nitrosospira	d__Bacteria;p__Pseudomonadota;c__Gammaproteobacteria;o__Burkholderiales;f__Nitrosomonadaceae;g__Nitrosospira;s__Nitrosospira sp039922995
GCA_030453055_1	GCA_030453055.1	gtdb_dl/ncbi_dataset/data/GCA_030453055.1/GCA_030453055.1_ASM3045305v1_genomic.fna	enriched	AOB_Nitrosospira	d__Bacteria;p__Pseudomonadota;c__Gammaproteobacteria;o__Burkholderiales;f__Nitrosomonadaceae;g__Nitrosospira;s__Nitrosospira sp030453055
GCA_963831395_1	GCA_963831395.1	gtdb_dl/ncbi_dataset/data/GCA_963831395.1/GCA_963831395.1_MFD08497.bin.2.149_genomic.fna	enriched	AOB_Nitrosospira	d__Bacteria;p__Pseudomonadota;c__Gammaproteobacteria;o__Burkholderiales;f__Nitrosomonadaceae;g__Nitrosospira;s__Nitrosospira sp963831395
GCF_000832065_1	GCF_000832065.1	gtdb_dl/ncbi_dataset/data/GCF_000832065.1/GCF_000832065.1_ASM83206v1_genomic.fna	enriched	AOB_Nitrosospira	d__Bacteria;p__Pseudomonadota;c__Gammaproteobacteria;o__Burkholderiales;f__Nitrosomonadaceae;g__Nitrosospira;s__Nitrosospira sp000832065
GCF_000619905_2	GCF_000619905.2	gtdb_dl/ncbi_dataset/data/GCF_000619905.2/GCF_000619905.2_ASM61990v2_genomic.fna	enriched	AOB_Nitrosospira	d__Bacteria;p__Pseudomonadota;c__Gammaproteobacteria;o__Burkholderiales;f__Nitrosomonadaceae;g__Nitrosospira;s__Nitrosospira briensis
GCA_039936655_1	GCA_039936655.1	gtdb_dl/ncbi_dataset/data/GCA_039936655.1/GCA_039936655.1_ASM3993665v1_genomic.fna	enriched	AOB_Nitrosospira	d__Bacteria;p__Pseudomonadota;c__Gammaproteobacteria;o__Burkholderiales;f__Nitrosomonadaceae;g__Nitrosospira;s__Nitrosospira sp039936855
GCA_039927655_1	GCA_039927655.1	gtdb_dl/ncbi_dataset/data/GCA_039927655.1/GCA_039927655.1_ASM3992765v1_genomic.fna	enriched	AOB_Nitrosospira	d__Bacteria;p__Pseudomonadota;c__Gammaproteobacteria;o__Burkholderiales;f__Nitrosomonadaceae;g__Nitrosospira;s__Nitrosospira sp039928555
GCF_900109785_1	GCF_900109785.1	gtdb_dl/ncbi_dataset/data/GCF_900109785.1/GCF_900109785.1_IMG-taxon_2671180071_annotated_assembly_genomic.fna	enriched	AOB_Nitrosospira	d__Bacteria;p__Pseudomonadota;c__Gammaproteobacteria;o__Burkholderiales;f__Nitrosomonadaceae;g__Nitrosospira;s__Nitrosospira tenuis_A
GCF_000012805_1	GCF_000012805.1	gtdb_dl/ncbi_dataset/data/GCF_000012805.1/GCF_000012805.1_ASM1280v1_genomic.fna	enriched	AOB_Nitrosococcus	d__Bacteria;p__Pseudomonadota;c__Gammaproteobacteria;o__Nitrosococcales;f__Nitrosococcaceae;g__Nitrosococcus;s__Nitrosococcus oceani
GCF_000024725_1	GCF_000024725.1	gtdb_dl/ncbi_dataset/data/GCF_000024725.1/GCF_000024725.1_ASM2472v1_genomic.fna	enriched	AOB_Nitrosococcus	d__Bacteria;p__Pseudomonadota;c__Gammaproteobacteria;o__Nitrosococcales;f__Nitrosococcaceae;g__Nitrosococcus;s__Nitrosococcus halophilus
GCF_000143085_1	GCF_000143085.1	gtdb_dl/ncbi_dataset/data/GCF_000143085.1/GCF_000143085.1_ASM14308v1_genomic.fna	enriched	AOB_Nitrosococcus	d__Bacteria;p__Pseudomonadota;c__Gammaproteobacteria;o__Nitrosococcales;f__Nitrosococcaceae;g__Nitrosococcus;s__Nitrosococcus watsonii
GCF_004421105_1	GCF_004421105.1	gtdb_dl/ncbi_dataset/data/GCF_004421105.1/GCF_004421105.1_ASM442110v1_genomic.fna	enriched	AOB_Nitrosococcus	d__Bacteria;p__Pseudomonadota;c__Gammaproteobacteria;o__Nitrosococcales;f__Nitrosococcaceae;g__Nitrosococcus;s__Nitrosococcus wardiae
GCA_028448965_1	GCA_028448965.1	gtdb_dl/ncbi_dataset/data/GCA_028448965.1/GCA_028448965.1_ASM2844896v1_genomic.fna	enriched	AOA_Nitrosopumilus	d__Archaea;p__Thermoproteota;c__Nitrososphaeria;o__Nitrososphaerales;f__Nitrosopumilaceae;g__Nitrosopumilus;s__Nitrosopumilus sp028448965
GCA_964490195_1	GCA_964490195.1	gtdb_dl/ncbi_dataset/data/GCA_964490195.1/GCA_964490195.1_SRP216583_co1_260_genomic.fna	enriched	AOA_Nitrosopumilus	d__Archaea;p__Thermoproteota;c__Nitrososphaeria;o__Nitrososphaerales;f__Nitrosopumilaceae;g__Nitrosopumilus;s__Nitrosopumilus sp964490195
GCA_018263505_1	GCA_018263505.1	gtdb_dl/ncbi_dataset/data/GCA_018263505.1/GCA_018263505.1_ASM1826350v1_genomic.fna	enriched	AOA_Nitrosopumilus	d__Archaea;p__Thermoproteota;c__Nitrososphaeria;o__Nitrososphaerales;f__Nitrosopumilaceae;g__Nitrosopumilus;s__Nitrosopumilus sp018263505
GCA_965205425_1	GCA_965205425.1	gtdb_dl/ncbi_dataset/data/GCA_965205425.1/GCA_965205425.1_odLycHypo2.Nitrosopumilus_sp_2.1_genomic.fna	enriched	AOA_Nitrosopumilus	d__Archaea;p__Thermoproteota;c__Nitrososphaeria;o__Nitrososphaerales;f__Nitrosopumilaceae;g__Nitrosopumilus;s__Nitrosopumilus sp965205425
GCA_003702495_1	GCA_003702495.1	gtdb_dl/ncbi_dataset/data/GCA_003702495.1/GCA_003702495.1_ASM370249v1_genomic.fna	enriched	AOA_Nitrosopumilus	d__Archaea;p__Thermoproteota;c__Nitrososphaeria;o__Nitrososphaerales;f__Nitrosopumilaceae;g__Nitrosopumilus;s__Nitrosopumilus sp003702495
GCA_013203245_1	GCA_013203245.1	gtdb_dl/ncbi_dataset/data/GCA_013203245.1/GCA_013203245.1_ASM1320324v1_genomic.fna	enriched	AOA_Nitrosopumilus	d__Archaea;p__Thermoproteota;c__Nitrososphaeria;o__Nitrososphaerales;f__Nitrosopumilaceae;g__Nitrosopumilus;s__Nitrosopumilus sp013203245
GCF_965263415_1	GCF_965263415.1	gtdb_dl/ncbi_dataset/data/GCF_965263415.1/GCF_965263415.1_jsCotTube1.Nitrosopumilus_sp_2.1_genomic.fna	enriched	AOA_Nitrosopumilus	d__Archaea;p__Thermoproteota;c__Nitrososphaeria;o__Nitrososphaerales;f__Nitrosopumilaceae;g__Nitrosopumilus;s__Nitrosopumilus sp965263415
GCA_029862525_1	GCA_029862525.1	gtdb_dl/ncbi_dataset/data/GCA_029862525.1/GCA_029862525.1_ASM2986252v1_genomic.fna	enriched	AOA_Nitrosopumilus	d__Archaea;p__Thermoproteota;c__Nitrososphaeria;o__Nitrososphaerales;f__Nitrosopumilaceae;g__Nitrosopumilus;s__Nitrosopumilus sp029862745
GCA_013114715_1	GCA_013114715.1	gtdb_dl/ncbi_dataset/data/GCA_013114715.1/GCA_013114715.1_ASM1311471v1_genomic.fna	enriched	AOA_Nitrososphaera	d__Archaea;p__Thermoproteota;c__Nitrososphaeria;o__Nitrososphaerales;f__Nitrososphaeraceae;g__Nitrososphaera;s__Nitrososphaera sp013114715
GCA_039961795_1	GCA_039961795.1	gtdb_dl/ncbi_dataset/data/GCA_039961795.1/GCA_039961795.1_ASM3996179v1_genomic.fna	enriched	AOA_Nitrososphaera	d__Archaea;p__Thermoproteota;c__Nitrososphaeria;o__Nitrososphaerales;f__Nitrososphaeraceae;g__Nitrososphaera;s__Nitrososphaera sp039961795
GCA_022545875_1	GCA_022545875.1	gtdb_dl/ncbi_dataset/data/GCA_022545875.1/GCA_022545875.1_ASM2254587v1_genomic.fna	enriched	AOA_Nitrososphaera	d__Archaea;p__Thermoproteota;c__Nitrososphaeria;o__Nitrososphaerales;f__Nitrososphaeraceae;g__Nitrososphaera;s__Nitrososphaera sp022545875
GCA_021325075_1	GCA_021325075.1	gtdb_dl/ncbi_dataset/data/GCA_021325075.1/GCA_021325075.1_ASM2132507v1_genomic.fna	enriched	AOA_Nitrososphaera	d__Archaea;p__Thermoproteota;c__Nitrososphaeria;o__Nitrososphaerales;f__Nitrososphaeraceae;g__Nitrososphaera;s__Nitrososphaera sp021325075
GCA_025922735_1	GCA_025922735.1	gtdb_dl/ncbi_dataset/data/GCA_025922735.1/GCA_025922735.1_ASM2592273v1_genomic.fna	enriched	AOA_Nitrososphaera	d__Archaea;p__Thermoproteota;c__Nitrososphaeria;o__Nitrososphaerales;f__Nitrososphaeraceae;g__Nitrososphaera;s__Nitrososphaera sp025922735
GCA_036259955_1	GCA_036259955.1	gtdb_dl/ncbi_dataset/data/GCA_036259955.1/GCA_036259955.1_ASM3625995v1_genomic.fna	enriched	AOA_Nitrososphaera	d__Archaea;p__Thermoproteota;c__Nitrososphaeria;o__Nitrososphaerales;f__Nitrososphaeraceae;g__Nitrososphaera;s__Nitrososphaera sp036259955
GCA_036844865_1	GCA_036844865.1	gtdb_dl/ncbi_dataset/data/GCA_036844865.1/GCA_036844865.1_ASM3684486v1_genomic.fna	enriched	AOA_Nitrososphaera	d__Archaea;p__Thermoproteota;c__Nitrososphaeria;o__Nitrososphaerales;f__Nitrososphaeraceae;g__Nitrososphaera;s__Nitrososphaera sp036844865
GCA_967728685_1	GCA_967728685.1	gtdb_dl/ncbi_dataset/data/GCA_967728685.1/GCA_967728685.1_SRR11839389_binner123_Refined_39_genomic.fna	enriched	AOA_Nitrososphaera	d__Archaea;p__Thermoproteota;c__Nitrososphaeria;o__Nitrososphaerales;f__Nitrososphaeraceae;g__Nitrososphaera;s__Nitrososphaera sp967728685
GCA_025930205_1	GCA_025930205.1	gtdb_dl/ncbi_dataset/data/GCA_025930205.1/GCA_025930205.1_ASM2593020v1_genomic.fna	enriched	AOA_Nitrosarchaeum	d__Archaea;p__Thermoproteota;c__Nitrososphaeria;o__Nitrososphaerales;f__Nitrosopumilaceae;g__Nitrosarchaeum;s__Nitrosarchaeum sp025930495
GCA_035455105_1	GCA_035455105.1	gtdb_dl/ncbi_dataset/data/GCA_035455105.1/GCA_035455105.1_ASM3545510v1_genomic.fna	enriched	AOA_Nitrosarchaeum	d__Archaea;p__Thermoproteota;c__Nitrososphaeria;o__Nitrososphaerales;f__Nitrosopumilaceae;g__Nitrosarchaeum;s__Nitrosarchaeum sp035455105
GCA_042138255_1	GCA_042138255.1	gtdb_dl/ncbi_dataset/data/GCA_042138255.1/GCA_042138255.1_ASM4213825v1_genomic.fna	enriched	AOA_Nitrosarchaeum	d__Archaea;p__Thermoproteota;c__Nitrososphaeria;o__Nitrososphaerales;f__Nitrosopumilaceae;g__Nitrosarchaeum;s__Nitrosarchaeum sp042138315
GCA_016234975_1	GCA_016234975.1	gtdb_dl/ncbi_dataset/data/GCA_016234975.1/GCA_016234975.1_ASM1623497v1_genomic.fna	enriched	AOA_Nitrosarchaeum	d__Archaea;p__Thermoproteota;c__Nitrososphaeria;o__Nitrososphaerales;f__Nitrosopumilaceae;g__Nitrosarchaeum;s__Nitrosarchaeum sp016234975
GCA_964475825_1	GCA_964475825.1	gtdb_dl/ncbi_dataset/data/GCA_964475825.1/GCA_964475825.1_SRP136066_co1_402_genomic.fna	enriched	AOA_Nitrosarchaeum	d__Archaea;p__Thermoproteota;c__Nitrososphaeria;o__Nitrososphaerales;f__Nitrosopumilaceae;g__Nitrosarchaeum;s__Nitrosarchaeum sp964475825
GCA_005776525_1	GCA_005776525.1	gtdb_dl/ncbi_dataset/data/GCA_005776525.1/GCA_005776525.1_ASM577652v1_genomic.fna	enriched	AOA_Nitrosarchaeum	d__Archaea;p__Thermoproteota;c__Nitrososphaeria;o__Nitrososphaerales;f__Nitrosopumilaceae;g__Nitrosarchaeum;s__Nitrosarchaeum sp005798405
GCA_046712755_1	GCA_046712755.1	gtdb_dl/ncbi_dataset/data/GCA_046712755.1/GCA_046712755.1_ASM4671275v1_genomic.fna	enriched	AOA_Nitrosarchaeum	d__Archaea;p__Thermoproteota;c__Nitrososphaeria;o__Nitrososphaerales;f__Nitrosopumilaceae;g__Nitrosarchaeum;s__Nitrosarchaeum sp046712755
GCA_021414105_1	GCA_021414105.1	gtdb_dl/ncbi_dataset/data/GCA_021414105.1/GCA_021414105.1_ASM2141410v1_genomic.fna	enriched	AOA_Nitrosarchaeum	d__Archaea;p__Thermoproteota;c__Nitrososphaeria;o__Nitrososphaerales;f__Nitrosopumilaceae;g__Nitrosarchaeum;s__Nitrosarchaeum sp021414105
GCA_030598065_1	GCA_030598065.1	gtdb_dl/ncbi_dataset/data/GCA_030598065.1/GCA_030598065.1_ASM3059806v1_genomic.fna	enriched	anammox_Brocadiales	d__Bacteria;p__Planctomycetota;c__Brocadiia;o__Brocadiales;f__Bathyanammoxibiaceae;g__Bathyanammoxibius;s__Bathyanammoxibius sp030598065
GCA_963709355_1	GCA_963709355.1	gtdb_dl/ncbi_dataset/data/GCA_963709355.1/GCA_963709355.1_MFD09964.bin.1.59_genomic.fna	enriched	anammox_Brocadiales	d__Bacteria;p__Planctomycetota;c__Brocadiia;o__Brocadiales;f__Brocadiaceae;g__PLOWO2-12-38-17;s__PLOWO2-12-38-17 sp963709355
GCA_018662645_1	GCA_018662645.1	gtdb_dl/ncbi_dataset/data/GCA_018662645.1/GCA_018662645.1_ASM1866264v1_genomic.fna	enriched	anammox_Brocadiales	d__Bacteria;p__Planctomycetota;c__Brocadiia;o__Brocadiales;f__Scalinduaceae;g__Scalindua;s__Scalindua sp018670825
GCF_000949635_1	GCF_000949635.1	gtdb_dl/ncbi_dataset/data/GCF_000949635.1/GCF_000949635.1_ASM94963v1_genomic.fna	enriched	anammox_Brocadiales	d__Bacteria;p__Planctomycetota;c__Brocadiia;o__Brocadiales;f__Brocadiaceae;g__Brocadia;s__Brocadia sinica
GCA_038043205_1	GCA_038043205.1	gtdb_dl/ncbi_dataset/data/GCA_038043205.1/GCA_038043205.1_ASM3804320v1_genomic.fna	enriched	anammox_Brocadiales	d__Bacteria;p__Planctomycetota;c__Brocadiia;o__Brocadiales;f__Scalinduaceae;g__Scalindua;s__Scalindua sp919901575
GCA_964344685_1	GCA_964344685.1	gtdb_dl/ncbi_dataset/data/GCA_964344685.1/GCA_964344685.1_ERP019367_co2_59_genomic.fna	enriched	anammox_Brocadiales	d__Bacteria;p__Planctomycetota;c__Brocadiia;o__Brocadiales;f__Scalinduaceae;g__Scalindua;s__Scalindua sp964344685
GCA_021646465_1	GCA_021646465.1	gtdb_dl/ncbi_dataset/data/GCA_021646465.1/GCA_021646465.1_ASM2164646v1_genomic.fna	enriched	anammox_Brocadiales	d__Bacteria;p__Planctomycetota;c__Brocadiia;o__Brocadiales;f__Brocadiaceae;g__Kuenenia;s__Kuenenia hertensis
GCA_964195175_1	GCA_964195175.1	gtdb_dl/ncbi_dataset/data/GCA_964195175.1/GCA_964195175.1_07C-BC-St04_bin.21.strict_genomic.fna	enriched	anammox_Brocadiales	d__Bacteria;p__Planctomycetota;c__Brocadiia;o__Brocadiales;f__Scalinduaceae;g__Scalindua;s__Scalindua sp964195175
GCA_964582755_1	GCA_964582755.1	gtdb_dl/ncbi_dataset/data/GCA_964582755.1/GCA_964582755.1_binchicken_co322_108_genomic.fna	enriched	methanotroph_Methylococcaceae	d__Bacteria;p__Pseudomonadota;c__Gammaproteobacteria;o__Methylococcales;f__Methylococcaceae;g__Methylumidiphilus;s__Methylumidiphilus sp964582755
GCA_012026715_1	GCA_012026715.1	gtdb_dl/ncbi_dataset/data/GCA_012026715.1/GCA_012026715.1_ASM1202671v1_genomic.fna	enriched	methanotroph_Methylococcaceae	d__Bacteria;p__Pseudomonadota;c__Gammaproteobacteria;o__Methylococcales;f__Methylococcaceae;g__VEPB01;s__VEPB01 sp012026715
GCF_009498235_1	GCF_009498235.1	gtdb_dl/ncbi_dataset/data/GCF_009498235.1/GCF_009498235.1_ASM949823v1_genomic.fna	enriched	methanotroph_Methylococcaceae	d__Bacteria;p__Pseudomonadota;c__Gammaproteobacteria;o__Methylococcales;f__Methylococcaceae;g__Methylospira;s__Methylospira mobilis
GCA_051007495_1	GCA_051007495.1	gtdb_dl/ncbi_dataset/data/GCA_051007495.1/GCA_051007495.1_ASM5100749v1_genomic.fna	enriched	methanotroph_Methylococcaceae	d__Bacteria;p__Pseudomonadota;c__Gammaproteobacteria;o__Methylococcales;f__Methylococcaceae;g__CAIVXW01;s__CAIVXW01 sp051007495
GCA_046089945_1	GCA_046089945.1	gtdb_dl/ncbi_dataset/data/GCA_046089945.1/GCA_046089945.1_ASM4608994v1_genomic.fna	enriched	methanotroph_Methylococcaceae	d__Bacteria;p__Pseudomonadota;c__Gammaproteobacteria;o__Methylococcales;f__Methylococcaceae;g__Methylumidiphilus;s__Methylumidiphilus sp046089945
GCA_020723665_1	GCA_020723665.1	gtdb_dl/ncbi_dataset/data/GCA_020723665.1/GCA_020723665.1_ASM2072366v1_genomic.fna	enriched	methanotroph_Methylococcaceae	d__Bacteria;p__Pseudomonadota;c__Gammaproteobacteria;o__Methylococcales;f__Methylococcaceae;g__Methylocaldum;s__Methylocaldum sp020723665
GCA_025458755_1	GCA_025458755.1	gtdb_dl/ncbi_dataset/data/GCA_025458755.1/GCA_025458755.1_ASM2545875v1_genomic.fna	enriched	methanotroph_Methylococcaceae	d__Bacteria;p__Pseudomonadota;c__Gammaproteobacteria;o__Methylococcales;f__Methylococcaceae;g__Methylotetracoccus;s__Methylotetracoccus sp025458755
GCA_044237765_1	GCA_044237765.1	gtdb_dl/ncbi_dataset/data/GCA_044237765.1/GCA_044237765.1_ASM4423776v1_genomic.fna	enriched	methanotroph_Methylococcaceae	d__Bacteria;p__Pseudomonadota;c__Gammaproteobacteria;o__Methylococcales;f__Methylococcaceae;g__UBA6136;s__UBA6136 sp044237765
GCA_050179015_1	GCA_050179015.1	gtdb_dl/ncbi_dataset/data/GCA_050179015.1/GCA_050179015.1_ASM5017901v1_genomic.fna	enriched	methanotroph_Methylacidiphilaceae	d__Bacteria;p__Verrucomicrobiota;c__Verrucomicrobiia;o__Methylacidiphilales;f__Methylacidiphilaceae;g__Methylacidimicrobium;s__Methylacidimicrobium sp050179015
GCF_905250085_1	GCF_905250085.1	gtdb_dl/ncbi_dataset/data/GCF_905250085.1/GCF_905250085.1_MPQ17_genomic.fna	enriched	methanotroph_Methylacidiphilaceae	d__Bacteria;p__Verrucomicrobiota;c__Verrucomicrobiia;o__Methylacidiphilales;f__Methylacidiphilaceae;g__Methylacidithermus;s__Methylacidithermus pantelleriae
GCF_000817245_1	GCF_000817245.1	gtdb_dl/ncbi_dataset/data/GCF_000817245.1/GCF_000817245.1_ASM81724v1_genomic.fna	enriched	methanotroph_Methylacidiphilaceae	d__Bacteria;p__Verrucomicrobiota;c__Verrucomicrobiia;o__Methylacidiphilales;f__Methylacidiphilaceae;g__Methylacidiphilum;s__Methylacidiphilum kamchatkense
GCF_004421255_1	GCF_004421255.1	gtdb_dl/ncbi_dataset/data/GCF_004421255.1/GCF_004421255.1_ASM442125v1_genomic.fna	enriched	methanotroph_Methylacidiphilaceae	d__Bacteria;p__Verrucomicrobiota;c__Verrucomicrobiia;o__Methylacidiphilales;f__Methylacidiphilaceae;g__Methylacidiphilum;s__Methylacidiphilum caldifontis
GCF_000019665_1	GCF_000019665.1	gtdb_dl/ncbi_dataset/data/GCF_000019665.1/GCF_000019665.1_ASM1966v1_genomic.fna	enriched	methanotroph_Methylacidiphilaceae	d__Bacteria;p__Verrucomicrobiota;c__Verrucomicrobiia;o__Methylacidiphilales;f__Methylacidiphilaceae;g__Methylacidiphilum;s__Methylacidiphilum infernorum
GCA_028687155_1	GCA_028687155.1	gtdb_dl/ncbi_dataset/data/GCA_028687155.1/GCA_028687155.1_ASM2868715v1_genomic.fna	enriched	methanotroph_Methylacidiphilaceae	d__Bacteria;p__Verrucomicrobiota;c__Verrucomicrobiia;o__Methylacidiphilales;f__Methylacidiphilaceae;g__Methylacidimicrobium;s__Methylacidimicrobium sp028687155
GCA_028710285_1	GCA_028710285.1	gtdb_dl/ncbi_dataset/data/GCA_028710285.1/GCA_028710285.1_ASM2871028v1_genomic.fna	enriched	methanotroph_Methylacidiphilaceae	d__Bacteria;p__Verrucomicrobiota;c__Verrucomicrobiia;o__Methylacidiphilales;f__Methylacidiphilaceae;g__Methylacidimicrobium;s__Methylacidimicrobium sp028710285
GCF_902143375_2	GCF_902143375.2	gtdb_dl/ncbi_dataset/data/GCF_902143375.2/GCF_902143375.2_4A_2_genomic.fna	enriched	methanotroph_Methylacidiphilaceae	d__Bacteria;p__Verrucomicrobiota;c__Verrucomicrobiia;o__Methylacidiphilales;f__Methylacidiphilaceae;g__Methylacidimicrobium;s__Methylacidimicrobium tartarophylax
GCA_030538705_1	GCA_030538705.1	gtdb_dl/ncbi_dataset/data/GCA_030538705.1/GCA_030538705.1_ASM3053870v1_genomic.fna	enriched	denit_Paracoccus	d__Bacteria;p__Pseudomonadota;c__Alphaproteobacteria;o__Rhodobacterales;f__Rhodobacteraceae;g__Paracoccus;s__Paracoccus sp030538705
GCF_033555915_1	GCF_033555915.1	gtdb_dl/ncbi_dataset/data/GCF_033555915.1/GCF_033555915.1_ASM3355591v1_genomic.fna	enriched	denit_Paracoccus	d__Bacteria;p__Pseudomonadota;c__Alphaproteobacteria;o__Rhodobacterales;f__Rhodobacteraceae;g__Paracoccus;s__Paracoccus aminovorans
GCF_002847305_1	GCF_002847305.1	gtdb_dl/ncbi_dataset/data/GCF_002847305.1/GCF_002847305.1_ASM284730v1_genomic.fna	enriched	denit_Paracoccus	d__Bacteria;p__Pseudomonadota;c__Alphaproteobacteria;o__Rhodobacterales;f__Rhodobacteraceae;g__Paracoccus;s__Paracoccus tegillarcae
GCF_947487305_1	GCF_947487305.1	gtdb_dl/ncbi_dataset/data/GCF_947487305.1/GCF_947487305.1_2B1-2-40-2-J.fasta_genomic.fna	enriched	denit_Paracoccus	d__Bacteria;p__Pseudomonadota;c__Alphaproteobacteria;o__Rhodobacterales;f__Rhodobacteraceae;g__Paracoccus;s__Paracoccus sp947487305
GCF_003337565_1	GCF_003337565.1	gtdb_dl/ncbi_dataset/data/GCF_003337565.1/GCF_003337565.1_ASM333756v1_genomic.fna	enriched	denit_Paracoccus	d__Bacteria;p__Pseudomonadota;c__Alphaproteobacteria;o__Rhodobacterales;f__Rhodobacteraceae;g__Paracoccus;s__Paracoccus lutimaris
GCF_031854425_1	GCF_031854425.1	gtdb_dl/ncbi_dataset/data/GCF_031854425.1/GCF_031854425.1_ASM3185442v1_genomic.fna	enriched	denit_Paracoccus	d__Bacteria;p__Pseudomonadota;c__Alphaproteobacteria;o__Rhodobacterales;f__Rhodobacteraceae;g__Paracoccus;s__Paracoccus broussonetiae
GCF_041927815_1	GCF_041927815.1	gtdb_dl/ncbi_dataset/data/GCF_041927815.1/GCF_041927815.1_ASM4192781v1_genomic.fna	enriched	denit_Paracoccus	d__Bacteria;p__Pseudomonadota;c__Alphaproteobacteria;o__Rhodobacterales;f__Rhodobacteraceae;g__Paracoccus;s__Paracoccus sp041927875
GCF_028294535_1	GCF_028294535.1	gtdb_dl/ncbi_dataset/data/GCF_028294535.1/GCF_028294535.1_ASM2829453v1_genomic.fna	enriched	denit_Paracoccus	d__Bacteria;p__Pseudomonadota;c__Alphaproteobacteria;o__Rhodobacterales;f__Rhodobacteraceae;g__Paracoccus;s__Paracoccus onchidii
GCF_021602305_1	GCF_021602305.1	gtdb_dl/ncbi_dataset/data/GCF_021602305.1/GCF_021602305.1_ASM2160230v1_genomic.fna	enriched	denit_Pseudomonas	d__Bacteria;p__Pseudomonadota;c__Gammaproteobacteria;o__Pseudomonadales;f__Pseudomonadaceae;g__Pseudomonas;s__Pseudomonas pseudonitroreducens
GCF_048068055_1	GCF_048068055.1	gtdb_dl/ncbi_dataset/data/GCF_048068055.1/GCF_048068055.1_ASM4806805v1_genomic.fna	enriched	denit_Pseudomonas	d__Bacteria;p__Pseudomonadota;c__Gammaproteobacteria;o__Pseudomonadales;f__Pseudomonadaceae;g__Pseudomonas;s__Pseudomonas sp048068055
GCA_049840615_1	GCA_049840615.1	gtdb_dl/ncbi_dataset/data/GCA_049840615.1/GCA_049840615.1_ASM4984061v1_genomic.fna	enriched	denit_Pseudomonas	d__Bacteria;p__Pseudomonadota;c__Gammaproteobacteria;o__Pseudomonadales;f__Pseudomonadaceae;g__Pseudomonas;s__Pseudomonas sp049840615
GCF_032094775_1	GCF_032094775.1	gtdb_dl/ncbi_dataset/data/GCF_032094775.1/GCF_032094775.1_ASM3209477v1_genomic.fna	enriched	denit_Pseudomonas	d__Bacteria;p__Pseudomonadota;c__Gammaproteobacteria;o__Pseudomonadales;f__Pseudomonadaceae;g__Pseudomonas_O;s__Pseudomonas_O sp002418465
GCF_003176655_1	GCF_003176655.1	gtdb_dl/ncbi_dataset/data/GCF_003176655.1/GCF_003176655.1_ASM317665v1_genomic.fna	enriched	denit_Pseudomonas	d__Bacteria;p__Pseudomonadota;c__Gammaproteobacteria;o__Pseudomonadales;f__Pseudomonadaceae;g__Pseudomonas;s__Pseudomonas delhiensis
GCF_005796065_1	GCF_005796065.1	gtdb_dl/ncbi_dataset/data/GCF_005796065.1/GCF_005796065.1_ASM579606v1_genomic.fna	enriched	denit_Pseudomonas	d__Bacteria;p__Pseudomonadota;c__Gammaproteobacteria;o__Pseudomonadales;f__Pseudomonadaceae;g__Pseudomonas;s__Pseudomonas sp002079985
GCF_024259725_1	GCF_024259725.1	gtdb_dl/ncbi_dataset/data/GCF_024259725.1/GCF_024259725.1_ASM2425972v1_genomic.fna	enriched	denit_Pseudomonas	d__Bacteria;p__Pseudomonadota;c__Gammaproteobacteria;o__Pseudomonadales;f__Pseudomonadaceae;g__Pseudomonas;s__Pseudomonas triclosanedens
GCA_032052615_1	GCA_032052615.1	gtdb_dl/ncbi_dataset/data/GCA_032052615.1/GCA_032052615.1_ASM3205261v1_genomic.fna	enriched	denit_Pseudomonas	d__Bacteria;p__Pseudomonadota;c__Gammaproteobacteria;o__Pseudomonadales;f__Pseudomonadaceae;g__Pseudomonas_T;s__Pseudomonas_T sp032052615
GCF_030697065_1	GCF_030697065.1	gtdb_dl/ncbi_dataset/data/GCF_030697065.1/GCF_030697065.1_ASM3069706v1_genomic.fna	enriched	denit_Bradyrhizobium	d__Bacteria;p__Pseudomonadota;c__Alphaproteobacteria;o__Rhizobiales;f__Xanthobacteraceae;g__Bradyrhizobium;s__Bradyrhizobium sp030697065
GCA_005882475_1	GCA_005882475.1	gtdb_dl/ncbi_dataset/data/GCA_005882475.1/GCA_005882475.1_ASM588247v1_genomic.fna	enriched	denit_Bradyrhizobium	d__Bacteria;p__Pseudomonadota;c__Alphaproteobacteria;o__Rhizobiales;f__Xanthobacteraceae;g__Bradyrhizobium;s__Bradyrhizobium sp005884855
GCF_964252915_1	GCF_964252915.1	gtdb_dl/ncbi_dataset/data/GCF_964252915.1/GCF_964252915.1_LjRoot220v2_genomic.fna	enriched	denit_Bradyrhizobium	d__Bacteria;p__Pseudomonadota;c__Alphaproteobacteria;o__Rhizobiales;f__Xanthobacteraceae;g__Bradyrhizobium;s__Bradyrhizobium sp964252915
GCA_963786355_1	GCA_963786355.1	gtdb_dl/ncbi_dataset/data/GCA_963786355.1/GCA_963786355.1_MFD05513.bin.2.177_genomic.fna	enriched	denit_Bradyrhizobium	d__Bacteria;p__Pseudomonadota;c__Alphaproteobacteria;o__Rhizobiales;f__Xanthobacteraceae;g__Bradyrhizobium;s__Bradyrhizobium sp963786355
GCA_963814615_1	GCA_963814615.1	gtdb_dl/ncbi_dataset/data/GCA_963814615.1/GCA_963814615.1_MFD05513.bin.1.81_genomic.fna	enriched	denit_Bradyrhizobium	d__Bacteria;p__Pseudomonadota;c__Alphaproteobacteria;o__Rhizobiales;f__Xanthobacteraceae;g__Bradyrhizobium;s__Bradyrhizobium sp963814615
GCF_050014615_1	GCF_050014615.1	gtdb_dl/ncbi_dataset/data/GCF_050014615.1/GCF_050014615.1_ASM5001461v1_genomic.fna	enriched	denit_Bradyrhizobium	d__Bacteria;p__Pseudomonadota;c__Alphaproteobacteria;o__Rhizobiales;f__Xanthobacteraceae;g__Bradyrhizobium;s__Bradyrhizobium sp050014615
GCA_963843235_1	GCA_963843235.1	gtdb_dl/ncbi_dataset/data/GCA_963843235.1/GCA_963843235.1_MFD05513.bin.2.164_genomic.fna	enriched	denit_Bradyrhizobium	d__Bacteria;p__Pseudomonadota;c__Alphaproteobacteria;o__Rhizobiales;f__Xanthobacteraceae;g__Bradyrhizobium;s__Bradyrhizobium sp963843235
GCF_018130765_1	GCF_018130765.1	gtdb_dl/ncbi_dataset/data/GCF_018130765.1/GCF_018130765.1_ASM1813076v1_genomic.fna	enriched	denit_Bradyrhizobium	d__Bacteria;p__Pseudomonadota;c__Alphaproteobacteria;o__Rhizobiales;f__Xanthobacteraceae;g__Bradyrhizobium;s__Bradyrhizobium iriomotense_A
GCA_023150835_1	GCA_023150835.1	gtdb_dl/ncbi_dataset/data/GCA_023150835.1/GCA_023150835.1_ASM2315083v1_genomic.fna	backbone	p__Myxococcota_C	d__Bacteria;p__Myxococcota_C;c__UBA6777;o__UBA6777;f__UBA6777;g__JAKLKB01;s__JAKLKB01 sp023150835
GCA_002010385_1	GCA_002010385.1	gtdb_dl/ncbi_dataset/data/GCA_002010385.1/GCA_002010385.1_ASM201038v1_genomic.fna	backbone	p__Bipolaricaulota	d__Bacteria;p__Bipolaricaulota;c__Bipolaricaulia;o__Bipolaricaulales;f__Bipolaricaulaceae;g__UBA3571;s__UBA3571 sp002375995
GCA_050173015_1	GCA_050173015.1	gtdb_dl/ncbi_dataset/data/GCA_050173015.1/GCA_050173015.1_ASM5017301v1_genomic.fna	backbone	p__Calditrichota	d__Bacteria;p__Calditrichota;c__Calditrichia;o__Calditrichales;f__JBFXGD01;g__JBFXGD01;s__JBFXGD01 sp050173015
GCA_023128455_1	GCA_023128455.1	gtdb_dl/ncbi_dataset/data/GCA_023128455.1/GCA_023128455.1_ASM2312845v1_genomic.fna	backbone	p__Campylobacterota_A	d__Bacteria;p__Campylobacterota_A;c__Desulfurellia;o__JAGGSF01;f__JAGGSF01;g__JAGGSF01;s__JAGGSF01 sp023128455
GCA_038825355_1	GCA_038825355.1	gtdb_dl/ncbi_dataset/data/GCA_038825355.1/GCA_038825355.1_ASM3882535v1_genomic.fna	backbone	p__Thermoproteota	d__Archaea;p__Thermoproteota;c__Bathyarchaeia;o__40CM-2-53-6;f__DTGE01;g__DTGE01;s__DTGE01 sp038825355
GCA_030491005_1	GCA_030491005.1	gtdb_dl/ncbi_dataset/data/GCA_030491005.1/GCA_030491005.1_ASM3049100v1_genomic.fna	backbone	p__Campylobacterota	d__Bacteria;p__Campylobacterota;c__Campylobacteria;o__Campylobacterales;f__Arcobacteraceae;g__BB30;s__BB30 sp030491005
GCA_964652335_1	GCA_964652335.1	gtdb_dl/ncbi_dataset/data/GCA_964652335.1/GCA_964652335.1_SRP141559_co1_50_genomic.fna	backbone	p__B1Sed10-29	d__Archaea;p__B1Sed10-29;c__B1Sed10-29;o__WALL01;f__WAMD01;g__WAMD01;s__WAMD01 sp964652335
GCA_944358455_1	GCA_944358455.1	gtdb_dl/ncbi_dataset/data/GCA_944358455.1/GCA_944358455.1_E10_bin82_genomic.fna	backbone	p__Bacillota_I	d__Bacteria;p__Bacillota_I;c__Bacilli_A;o__RF39;f__UBA660;g__CALVRE01;s__CALVRE01 sp944358455
GCA_964519305_1	GCA_964519305.1	gtdb_dl/ncbi_dataset/data/GCA_964519305.1/GCA_964519305.1_SRP077602_co2_57_genomic.fna	backbone	p__SpSt-1190	d__Archaea;p__SpSt-1190;c__SpSt-1190;o__JASMDC01;f__JASMDC01;g__JASMDC01;s__JASMDC01 sp964519305
GCA_040757115_1	GCA_040757115.1	gtdb_dl/ncbi_dataset/data/GCA_040757115.1/GCA_040757115.1_ASM4075711v1_genomic.fna	backbone	p__UBA9089	d__Bacteria;p__UBA9089;c__CG2-30-40-21;o__CG2-30-40-21;f__SBAY01;g__JBFLXS01;s__JBFLXS01 sp040757115
GCA_021158465_1	GCA_021158465.1	gtdb_dl/ncbi_dataset/data/GCA_021158465.1/GCA_021158465.1_ASM2115846v1_genomic.fna	backbone	p__UBP14	d__Bacteria;p__UBP14;c__UBA6098;o__4484-93;f__4484-93;g__4484-93;s__4484-93 sp021158465
GCA_046497485_1	GCA_046497485.1	gtdb_dl/ncbi_dataset/data/GCA_046497485.1/GCA_046497485.1_ASM4649748v1_genomic.fna	backbone	p__Nanohalarchaeota	d__Archaea;p__Nanohalarchaeota;c__Nanosalinia;o__Nanosalinales;f__Nanosalinaceae;g__B1-Br10-U2g21;s__B1-Br10-U2g21 sp046497485
GCA_964387285_1	GCA_964387285.1	gtdb_dl/ncbi_dataset/data/GCA_964387285.1/GCA_964387285.1_binchicken_co66_61_genomic.fna	backbone	p__Zhuqueibacterota	d__Bacteria;p__Zhuqueibacterota;c__Zhuqueibacteria;o__Residuimicrobiales;f__Residuimicrobiaceae;g__Anaerohabitans;s__Anaerohabitans sp964387285
GCF_000212395_1	GCF_000212395.1	gtdb_dl/ncbi_dataset/data/GCF_000212395.1/GCF_000212395.1_ASM21239v1_genomic.fna	backbone	p__Thermodesulfobiota	d__Bacteria;p__Thermodesulfobiota;c__Thermodesulfobiia;o__Thermodesulfobiales;f__Thermodesulfobiaceae;g__Thermodesulfobium;s__Thermodesulfobium narugense
GCA_041690355_1	GCA_041690355.1	gtdb_dl/ncbi_dataset/data/GCA_041690355.1/GCA_041690355.1_ASM4169035v1_genomic.fna	backbone	p__J088	d__Bacteria;p__J088;c__JAWLBW01;o__JAWLBW01;f__JAWLBW01;g__JAWLHK01;s__JAWLHK01 sp041690355
GCA_030698575_1	GCA_030698575.1	gtdb_dl/ncbi_dataset/data/GCA_030698575.1/GCA_030698575.1_ASM3069857v1_genomic.fna	backbone	p__JAUYMQ01	d__Bacteria;p__JAUYMQ01;c__JAUYMQ01;o__JAUYMQ01;f__JAUYMQ01;g__JAUYMQ01;s__JAUYMQ01 sp030698575
GCA_030615855_1	GCA_030615855.1	gtdb_dl/ncbi_dataset/data/GCA_030615855.1/GCA_030615855.1_ASM3061585v1_genomic.fna	backbone	p__UBP18	d__Bacteria;p__UBP18;c__UBA7526;o__UBA7526;f__UBA7526;g__JAUWXM01;s__JAUWXM01 sp030615855
GCA_043817485_1	GCA_043817485.1	gtdb_dl/ncbi_dataset/data/GCA_043817485.1/GCA_043817485.1_ASM4381748v1_genomic.fna	backbone	p__JBDRGX01	d__Bacteria;p__JBDRGX01;c__JBDRGX01;o__JBDRGX01;f__JBDRGX01;g__JBDRGX01;s__JBDRGX01 sp043817485
GCA_014729705_1	GCA_014729705.1	gtdb_dl/ncbi_dataset/data/GCA_014729705.1/GCA_014729705.1_ASM1472970v1_genomic.fna	backbone	p__Altiarchaeota	d__Archaea;p__Altiarchaeota;c__Altiarchaeia;o__IMC4;f__SCGC-AAA252-I15;g__WJJK01;s__WJJK01 sp014729705
GCA_964644695_1	GCA_964644695.1	gtdb_dl/ncbi_dataset/data/GCA_964644695.1/GCA_964644695.1_binchicken_co158_136_genomic.fna	backbone	p__UBP4	d__Bacteria;p__UBP4;c__UBA4092;o__UBA4092;f__UBA4092;g__CAZXWN01;s__CAZXWN01 sp964644695
GCA_001803565_1	GCA_001803565.1	gtdb_dl/ncbi_dataset/data/GCA_001803565.1/GCA_001803565.1_ASM180356v1_genomic.fna	backbone	p__2-12-FULL-45-22	d__Bacteria;p__2-12-FULL-45-22;c__2-12-FULL-45-22;o__2-12-FULL-45-22;f__2-12-FULL-45-22;g__2-12-FULL-45-22;s__2-12-FULL-45-22 sp001803565
GCA_030602715_1	GCA_030602715.1	gtdb_dl/ncbi_dataset/data/GCA_030602715.1/GCA_030602715.1_ASM3060271v1_genomic.fna	backbone	p__RBG-13-66-14	d__Bacteria;p__RBG-13-66-14;c__B26-G2;o__B26-G2;f__JAUVZD01;g__JAUVZD01;s__JAUVZD01 sp030602715
GCA_050251945_1	GCA_050251945.1	gtdb_dl/ncbi_dataset/data/GCA_050251945.1/GCA_050251945.1_ASM5025194v1_genomic.fna	backbone	p__Chrysiogenota	d__Bacteria;p__Chrysiogenota;c__Deferribacteres;o__Deferribacterales;f__Geovibrionaceae;g__Seleniivibrio;s__Seleniivibrio sp050251945
GCA_964389675_1	GCA_964389675.1	gtdb_dl/ncbi_dataset/data/GCA_964389675.1/GCA_964389675.1_binchicken_co379_8_genomic.fna	backbone	p__CAYMEV01	d__Bacteria;p__CAYMEV01;c__CAYMEV01;o__CAYMEV01;f__CAYMEV01;g__CAYMEV01;s__CAYMEV01 sp964389675
GCA_001799195_1	GCA_001799195.1	gtdb_dl/ncbi_dataset/data/GCA_001799195.1/GCA_001799195.1_ASM179919v1_genomic.fna	backbone	p__Bdellovibrionota_F	d__Bacteria;p__Bdellovibrionota_F;c__JAHFAK01;o__YA12-FULL-61-11;f__YA12-FULL-61-11;g__YA12-FULL-61-11;s__YA12-FULL-61-11 sp001799195
GCA_036824335_1	GCA_036824335.1	gtdb_dl/ncbi_dataset/data/GCA_036824335.1/GCA_036824335.1_ASM3682433v1_genomic.fna	backbone	p__Edwardsbacteria	d__Bacteria;p__Edwardsbacteria;c__AC1;o__AC1;f__EtOH8;g__CALGNM01;s__CALGNM01 sp937958665
GCA_028700425_1	GCA_028700425.1	gtdb_dl/ncbi_dataset/data/GCA_028700425.1/GCA_028700425.1_ASM2870042v1_genomic.fna	backbone	p__Spirochaetota	d__Bacteria;p__Spirochaetota;c__Spirochaetia;o__Sphaerochaetales;f__Sphaerochaetaceae;g__JAQVSP01;s__JAQVSP01 sp028700425
GCA_001782795_1	GCA_001782795.1	gtdb_dl/ncbi_dataset/data/GCA_001782795.1/GCA_001782795.1_ASM178279v1_genomic.fna	backbone	p__Lindowbacteria	d__Bacteria;p__Lindowbacteria;c__2-12-FULL-62-27;o__2-12-FULL-62-27;f__2-12-FULL-62-27;g__2-12-FULL-62-27;s__2-12-FULL-62-27 sp001784175
GCA_945786985_1	GCA_945786985.1	gtdb_dl/ncbi_dataset/data/GCA_945786985.1/GCA_945786985.1_FCS.M.CG2-30-53-67.02_genomic.fna	backbone	p__CG2-30-53-67	d__Bacteria;p__CG2-30-53-67;c__CG2-30-53-67;o__CG2-30-53-67;f__CG2-30-53-67;g__CALZGC01;s__CALZGC01 sp945786985
GCA_038890115_1	GCA_038890115.1	gtdb_dl/ncbi_dataset/data/GCA_038890115.1/GCA_038890115.1_ASM3889011v1_genomic.fna	backbone	p__Nanobdellota	d__Archaea;p__Nanobdellota;c__Nanobdellia;o__Woesearchaeales;f__ARS49;g__JAWADY01;s__JAWADY01 sp038891615
GCA_903831375_1	GCA_903831375.1	gtdb_dl/ncbi_dataset/data/GCA_903831375.1/GCA_903831375.1_freshwater_MAG_---_AlinenSedimentsCore2_bin-0764_genomic.fna	backbone	p__Chlamydiota	d__Bacteria;p__Chlamydiota;c__Chlamydiia;o__Chlamydiales;f__SM23-39;g__CAISYW01;s__CAISYW01 sp903889795
GCA_031551405_1	GCA_031551405.1	gtdb_dl/ncbi_dataset/data/GCA_031551405.1/GCA_031551405.1_ASM3155140v1_genomic.fna	backbone	p__RUG730	d__Bacteria;p__RUG730;c__RUG730;o__RUG730;f__RUG730;g__JAVBNQ01;s__JAVBNQ01 sp031551405
GCA_030615405_1	GCA_030615405.1	gtdb_dl/ncbi_dataset/data/GCA_030615405.1/GCA_030615405.1_ASM3061540v1_genomic.fna	backbone	p__Aerophobota	d__Bacteria;p__Aerophobota;c__Aerophobia;o__Aerophobales;f__AE-B3A;g__JAUWRC01;s__JAUWRC01 sp030640665
GCA_964372275_1	GCA_964372275.1	gtdb_dl/ncbi_dataset/data/GCA_964372275.1/GCA_964372275.1_ERP125453_co1_442_genomic.fna	backbone	p__CAYJRR01	d__Bacteria;p__CAYJRR01;c__CAYJRR01;o__CAYJRR01;f__CAYJRR01;g__CAYJRR01;s__CAYJRR01 sp964372275
GCA_023143305_1	GCA_023143305.1	gtdb_dl/ncbi_dataset/data/GCA_023143305.1/GCA_023143305.1_ASM2314330v1_genomic.fna	backbone	p__CBDUZB01	d__Bacteria;p__CBDUZB01;c__JAGLHV01;o__JAGLHV01;f__JAGLHV01;g__JAGLHV01;s__JAGLHV01 sp023143305
GCA_024275095_1	GCA_024275095.1	gtdb_dl/ncbi_dataset/data/GCA_024275095.1/GCA_024275095.1_ASM2427509v1_genomic.fna	backbone	p__JAJRZV01	d__Bacteria;p__JAJRZV01;c__JAJRZV01;o__JAJRZV01;f__JAJRZV01;g__JAJRZV01;s__JAJRZV01 sp024275095
GCA_963665755_1	GCA_963665755.1	gtdb_dl/ncbi_dataset/data/GCA_963665755.1/GCA_963665755.1_odSpoOffi2.Bacteria_1.1_genomic.fna	backbone	p__JAAXHH01	d__Bacteria;p__JAAXHH01;c__JAAXHH01;o__JAAXHH01;f__JAAXHH01;g__JAAXHH01;s__JAAXHH01 sp963665755
GCA_003232385_1	GCA_003232385.1	gtdb_dl/ncbi_dataset/data/GCA_003232385.1/GCA_003232385.1_ASM323238v1_genomic.fna	backbone	p__SZUA-79	d__Bacteria;p__SZUA-79;c__SZUA-79;o__Acidulodesulfobacterales;f__Acidulodesulfobacteraceae;g__QIJE01;s__QIJE01 sp003232385
GCA_003558335_1	GCA_003558335.1	gtdb_dl/ncbi_dataset/data/GCA_003558335.1/GCA_003558335.1_ASM355833v1_genomic.fna	backbone	p__Methanobacteriota_B	d__Archaea;p__Methanobacteriota_B;c__Thermococci;o__Methanofastidiosales;f__Methanofastidiosaceae;g__Methanofastidiosum;s__Methanofastidiosum sp003558335
GCA_016180645_1	GCA_016180645.1	gtdb_dl/ncbi_dataset/data/GCA_016180645.1/GCA_016180645.1_ASM1618064v1_genomic.fna	backbone	p__JACPQY01	d__Bacteria;p__JACPQY01;c__JACPQY01;o__JACPQY01;f__JACPQY01;g__JACPAV01;s__JACPAV01 sp016180645
GCA_026987085_1	GCA_026987085.1	gtdb_dl/ncbi_dataset/data/GCA_026987085.1/GCA_026987085.1_ASM2698708v1_genomic.fna	backbone	p__Aquificota	d__Bacteria;p__Aquificota;c__Aquificia;o__Aquificales;f__QOAS01;g__QOAS01;s__QOAS01 sp026987085
GCA_964469765_1	GCA_964469765.1	gtdb_dl/ncbi_dataset/data/GCA_964469765.1/GCA_964469765.1_binchicken_co19_255_genomic.fna	backbone	p__UBA6262	d__Bacteria;p__UBA6262;c__WVXT01;o__CAYYAU01;f__CAYYAU01;g__CAYYAU01;s__CAYYAU01 sp964469765
GCA_964610505_1	GCA_964610505.1	gtdb_dl/ncbi_dataset/data/GCA_964610505.1/GCA_964610505.1_binchicken_co334_235_genomic.fna	backbone	p__Arandabacterota	d__Bacteria;p__Arandabacterota;c__Arandabacteria;o__JAGLYR01;f__JAGLYR01;g__CAZSXU01;s__CAZSXU01 sp964610505
GCA_041675285_1	GCA_041675285.1	gtdb_dl/ncbi_dataset/data/GCA_041675285.1/GCA_041675285.1_ASM4167528v1_genomic.fna	backbone	p__CAIWAD01	d__Bacteria;p__CAIWAD01;c__CAIWAD01;o__CAIWAD01;f__CAIWAD01;g__CAIWAD01;s__CAIWAD01 sp041675285
GCF_025421555_1	GCF_025421555.1	gtdb_dl/ncbi_dataset/data/GCF_025421555.1/GCF_025421555.1_ASM2542155v1_genomic.fna	backbone	p__Pseudomonadota	d__Bacteria;p__Pseudomonadota;c__Gammaproteobacteria;o__Burkholderiales;f__Burkholderiaceae_C;g__Comamonas;s__Comamonas bellezanensis
GCA_030636965_1	GCA_030636965.1	gtdb_dl/ncbi_dataset/data/GCA_030636965.1/GCA_030636965.1_ASM3063696v1_genomic.fna	backbone	p__BMS3Abin14	d__Bacteria;p__BMS3Abin14;c__BMS3Abin14;o__BMS3Abin14;f__BMS3Abin14;g__SZUA-178;s__SZUA-178 sp030636965
GCA_964404325_1	GCA_964404325.1	gtdb_dl/ncbi_dataset/data/GCA_964404325.1/GCA_964404325.1_SRP263991_co5_193_genomic.fna	backbone	p__Bdellovibrionota_B	d__Bacteria;p__Bdellovibrionota_B;c__Oligoflexia;o__Oligoflexales;f__Oligoflexaceae;g__CAYOJQ01;s__CAYOJQ01 sp964404325
GCA_035391585_1	GCA_035391585.1	gtdb_dl/ncbi_dataset/data/GCA_035391585.1/GCA_035391585.1_ASM3539158v1_genomic.fna	backbone	p__Macinerneyibacteriota	d__Bacteria;p__Macinerneyibacteriota;c__Macinerneyibacteria;o__Macinerneyibacteriales;f__DSCS01;g__DSCS01;s__DSCS01 sp035391585
GCA_965370845_1	GCA_965370845.1	gtdb_dl/ncbi_dataset/data/GCA_965370845.1/GCA_965370845.1_SRR22302358_concoct_46_genomic.fna	backbone	p__SM23-81	d__Bacteria;p__SM23-81;c__SM23-81;o__SM23-81;f__SM23-81;g__DAOVRJ01;s__DAOVRJ01 sp965370845
GCA_027062325_1	GCA_027062325.1	gtdb_dl/ncbi_dataset/data/GCA_027062325.1/GCA_027062325.1_ASM2706232v1_genomic.fna	backbone	p__JAMOTN01	d__Bacteria;p__JAMOTN01;c__JAMOTN01;o__JAMOTN01;f__JAMOTN01;g__JAMOTN01;s__JAMOTN01 sp027062325
GCA_026388015_1	GCA_026388015.1	gtdb_dl/ncbi_dataset/data/GCA_026388015.1/GCA_026388015.1_ASM2638801v1_genomic.fna	backbone	p__Oederibacteriota	d__Bacteria;p__Oederibacteriota;c__D2-FULL-39-29;o__D2-FULL-39-29;f__D2-FULL-39-29;g__D2-FULL-39-29;s__D2-FULL-39-29 sp026388015
GCA_040772385_1	GCA_040772385.1	gtdb_dl/ncbi_dataset/data/GCA_040772385.1/GCA_040772385.1_ASM4077238v1_genomic.fna	backbone	p__Moduliflexota	d__Bacteria;p__Moduliflexota;c__Moduliflexia;o__Moduliflexales;f__Moduliflexaceae;g__Vecturithrix;s__Vecturithrix sp040772385
GCA_964567215_1	GCA_964567215.1	gtdb_dl/ncbi_dataset/data/GCA_964567215.1/GCA_964567215.1_binchicken_co47_116_genomic.fna	backbone	p__Atribacterota	d__Bacteria;p__Atribacterota;c__Phoenicimicrobiia;o__Phoenicimicrobiales;f__Phoenicimicrobiaceae;g__JAYEGH01;s__JAYEGH01 sp964567215
GCA_964513745_1	GCA_964513745.1	gtdb_dl/ncbi_dataset/data/GCA_964513745.1/GCA_964513745.1_binchicken_co232_174_genomic.fna	backbone	p__JAUVQV01	d__Bacteria;p__JAUVQV01;c__JAUVQV01;o__JAUVQV01;f__DATDCY01;g__DATDCY01;s__DATDCY01 sp964513745
GCA_013139905_1	GCA_013139905.1	gtdb_dl/ncbi_dataset/data/GCA_013139905.1/GCA_013139905.1_ASM1313990v1_genomic.fna	backbone	p__EX4484-52	d__Archaea;p__EX4484-52;c__EX4484-52;o__EX4484-52;f__B79-G9;g__GLR112;s__GLR112 sp013139905
GCA_016192455_1	GCA_016192455.1	gtdb_dl/ncbi_dataset/data/GCA_016192455.1/GCA_016192455.1_ASM1619245v1_genomic.fna	backbone	p__JACPUC01	d__Bacteria;p__JACPUC01;c__JACPUC01;o__JACPUC01;f__JACPUC01;g__JACPUC01;s__JACPUC01 sp016192455
GCA_964397735_1	GCA_964397735.1	gtdb_dl/ncbi_dataset/data/GCA_964397735.1/GCA_964397735.1_binchicken_co46_18_genomic.fna	backbone	p__UBP7	d__Bacteria;p__UBP7;c__UBA6624;o__UBA6624;f__UBA6624;g__UBA6624;s__UBA6624 sp964397735
GCA_034717985_1	GCA_034717985.1	gtdb_dl/ncbi_dataset/data/GCA_034717985.1/GCA_034717985.1_ASM3471798v1_genomic.fna	backbone	p__CAZDME01	d__Bacteria;p__CAZDME01;c__JAYEMH01;o__JAYEMH01;f__JAYEMH01;g__JAYEMH01;s__JAYEMH01 sp034717985
GCA_041393395_1	GCA_041393395.1	gtdb_dl/ncbi_dataset/data/GCA_041393395.1/GCA_041393395.1_ASM4139339v1_genomic.fna	backbone	p__ARS69	d__Bacteria;p__ARS69;c__ARS69;o__ARS69;f__ARS69;g__JAGQIB01;s__JAGQIB01 sp041393395
GCA_001871075_1	GCA_001871075.1	gtdb_dl/ncbi_dataset/data/GCA_001871075.1/GCA_001871075.1_ASM187107v1_genomic.fna	backbone	p__Desantisbacteria	d__Bacteria;p__Desantisbacteria;c__UBA1551;o__UBA1551;f__UBA1551;g__UBA1551;s__UBA1551 sp001871075
GCA_013203855_1	GCA_013203855.1	gtdb_dl/ncbi_dataset/data/GCA_013203855.1/GCA_013203855.1_ASM1320385v1_genomic.fna	backbone	p__Sumerlaeota	d__Bacteria;p__Sumerlaeota;c__Sumerlaeia;o__UBA8349;f__UBA8349;g__JABMPG01;s__JABMPG01 sp013203855
GCA_964491175_1	GCA_964491175.1	gtdb_dl/ncbi_dataset/data/GCA_964491175.1/GCA_964491175.1_SRP098346_co1_248_genomic.fna	backbone	p__Ratteibacteria	d__Bacteria;p__Ratteibacteria;c__UBA8468;o__MWAK01;f__MWAK01;g__JAHJUB01;s__JAHJUB01 sp964491175
GCA_030671985_1	GCA_030671985.1	gtdb_dl/ncbi_dataset/data/GCA_030671985.1/GCA_030671985.1_ASM3067198v1_genomic.fna	backbone	p__JAHJDO01	d__Bacteria;p__JAHJDO01;c__JAHJDO01;o__JAHJDO01;f__JAHJDO01;g__JAHJDO01;s__JAHJDO01 sp030671985
GCA_023129325_1	GCA_023129325.1	gtdb_dl/ncbi_dataset/data/GCA_023129325.1/GCA_023129325.1_ASM2312932v1_genomic.fna	backbone	p__Hydrothermota	d__Bacteria;p__Hydrothermota;c__UBA3073;o__JACQXS01;f__JAGMCI01;g__JAGMCI01;s__JAGMCI01 sp023129325
GCA_039630415_1	GCA_039630415.1	gtdb_dl/ncbi_dataset/data/GCA_039630415.1/GCA_039630415.1_ASM3963041v1_genomic.fna	backbone	p__DRYD01	d__Bacteria;p__DRYD01;c__DRYD01;o__DRYD01;f__DRYD01;g__DRYD01;s__DRYD01 sp039630415
GCA_029933275_1	GCA_029933275.1	gtdb_dl/ncbi_dataset/data/GCA_029933275.1/GCA_029933275.1_ASM2993327v1_genomic.fna	backbone	p__Chloroflexota	d__Bacteria;p__Chloroflexota;c__Anaerolineae;o__Anaerolineales;f__Villigracilaceae;g__Desulfolinea;s__Desulfolinea sp029933275
GCA_964474885_1	GCA_964474885.1	gtdb_dl/ncbi_dataset/data/GCA_964474885.1/GCA_964474885.1_binchicken_co409_107_genomic.fna	backbone	p__Hadarchaeota	d__Archaea;p__Hadarchaeota;c__Hadarchaeia;o__Hadarchaeales;f__JAWBSP01;g__JAWBSP01;s__JAWBSP01 sp964474885
GCA_964399265_1	GCA_964399265.1	gtdb_dl/ncbi_dataset/data/GCA_964399265.1/GCA_964399265.1_binchicken_co150_59_genomic.fna	backbone	p__Joyebacterota	d__Bacteria;p__Joyebacterota;c__Joyebacteria;o__Joyebacterales;f__Joyebacteraceae;g__WJLY01;s__WJLY01 sp964399265
GCF_000737575_1	GCF_000737575.1	gtdb_dl/ncbi_dataset/data/GCF_000737575.1/GCF_000737575.1_ASM73757v1_genomic.fna	backbone	p__Cyanobacteriota	d__Bacteria;p__Cyanobacteriota;c__Cyanobacteriia;o__PCC-6307;f__Cyanobiaceae;g__Parasynechococcus;s__Parasynechococcus sp000737575
GCA_964354375_1	GCA_964354375.1	gtdb_dl/ncbi_dataset/data/GCA_964354375.1/GCA_964354375.1_ERP119294_co1_436_genomic.fna	backbone	p__JAJVIF01	d__Bacteria;p__JAJVIF01;c__JAJVIF01;o__JAPKYR01;f__JAPKYR01;g__CAYGZQ01;s__CAYGZQ01 sp964354375
GCA_001304035_1	GCA_001304035.1	gtdb_dl/ncbi_dataset/data/GCA_001304035.1/GCA_001304035.1_ASM130403v1_genomic.fna	backbone	p__SM23-31	d__Bacteria;p__SM23-31;c__SM23-31;o__SM23-31;f__SM23-31;g__SM23-31;s__SM23-31 sp001304035
GCA_022759145_1	GCA_022759145.1	gtdb_dl/ncbi_dataset/data/GCA_022759145.1/GCA_022759145.1_ASM2275914v1_genomic.fna	backbone	p__Caldisericota	d__Bacteria;p__Caldisericota;c__Caldisericia;o__Caldisericales;f__Caldisericaceae;g__Caldisericum;s__Caldisericum sp022759145
GCA_964480475_1	GCA_964480475.1	gtdb_dl/ncbi_dataset/data/GCA_964480475.1/GCA_964480475.1_binchicken_co34_581_genomic.fna	backbone	p__B130-G9	d__Bacteria;p__B130-G9;c__B130-G9;o__B130-G9;f__B130-G9;g__CAYZPW01;s__CAYZPW01 sp964480475
GCA_013153205_1	GCA_013153205.1	gtdb_dl/ncbi_dataset/data/GCA_013153205.1/GCA_013153205.1_ASM1315320v1_genomic.fna	backbone	p__Thermosulfidibacterota	d__Bacteria;p__Thermosulfidibacterota;c__Thermosulfidibacteria;o__Thermosulfidibacterales;f__Thermosulfidibacteraceae;g__JAADEW01;s__JAADEW01 sp013153205
GCA_902386255_1	GCA_902386255.1	gtdb_dl/ncbi_dataset/data/GCA_902386255.1/GCA_902386255.1_Candidatus_Methanoperedens_sp._LFW-280_4_genomic.fna	backbone	p__Halobacteriota	d__Archaea;p__Halobacteriota;c__Methanosarcinia;o__Methanosarcinales;f__Methanoperedenaceae;g__Methanoperedens;s__Methanoperedens sp902386255
GCA_000522425_1	GCA_000522425.1	gtdb_dl/ncbi_dataset/data/GCA_000522425.1/GCA_000522425.1_v3_genomic.fna	backbone	p__Tectomicrobia	d__Bacteria;p__Tectomicrobia;c__Entotheonellia;o__Entotheonellales;f__Entotheonellaceae;g__Entotheonella;s__Entotheonella factor
GCA_964509425_1	GCA_964509425.1	gtdb_dl/ncbi_dataset/data/GCA_964509425.1/GCA_964509425.1_SRP302895_co1_124_genomic.fna	backbone	p__Bdellovibrionota_C	d__Bacteria;p__Bdellovibrionota_C;c__UBA2361;o__SZUA-149;f__CAZDWZ01;g__CAZDWZ01;s__CAZDWZ01 sp964509425
GCA_964609495_1	GCA_964609495.1	gtdb_dl/ncbi_dataset/data/GCA_964609495.1/GCA_964609495.1_binchicken_co34_576_genomic.fna	backbone	p__CAZSTA01	d__Bacteria;p__CAZSTA01;c__CAZSTA01;o__CAZSTA01;f__CAZSTA01;g__CAZSTA01;s__CAZSTA01 sp964609495
GCA_964371695_1	GCA_964371695.1	gtdb_dl/ncbi_dataset/data/GCA_964371695.1/GCA_964371695.1_ERP124720_co1_46_genomic.fna	backbone	p__CAYJOG01	d__Bacteria;p__CAYJOG01;c__CAYJOG01;o__CAYJOG01;f__CAYJOG01;g__CAYJOG01;s__CAYJOG01 sp964371695
GCA_036444275_1	GCA_036444275.1	gtdb_dl/ncbi_dataset/data/GCA_036444275.1/GCA_036444275.1_ASM3644427v1_genomic.fna	backbone	p__Hydrothermarchaeota	d__Archaea;p__Hydrothermarchaeota;c__Hydrothermarchaeia;o__Hydrothermarchaeales;f__JAZGAD01;g__JAZGAD01;s__JAZGAD01 sp036444275
GCA_964460695_1	GCA_964460695.1	gtdb_dl/ncbi_dataset/data/GCA_964460695.1/GCA_964460695.1_binchicken_co6_196_genomic.fna	backbone	p__CAYQAE01	d__Archaea;p__CAYQAE01;c__CAYQAE01;o__CAYVLA01;f__CAYVLA01;g__CAYWSC01;s__CAYWSC01 sp964460695
GCA_964448115_1	GCA_964448115.1	gtdb_dl/ncbi_dataset/data/GCA_964448115.1/GCA_964448115.1_SRP338002_co1_41_genomic.fna	backbone	p__CAYUVA01	d__Bacteria;p__CAYUVA01;c__CAYUVA01;o__CAYUVA01;f__CAYUVA01;g__CAYUVA01;s__CAYUVA01 sp964448115
GCA_024860865_1	GCA_024860865.1	gtdb_dl/ncbi_dataset/data/GCA_024860865.1/GCA_024860865.1_ASM2486086v1_genomic.fna	backbone	p__JACRDV01	d__Archaea;p__JACRDV01;c__JACRDV01;o__JACRDV01;f__JACRDV01;g__JACRDV01;s__JACRDV01 sp024860865
GCA_014730175_1	GCA_014730175.1	gtdb_dl/ncbi_dataset/data/GCA_014730175.1/GCA_014730175.1_ASM1473017v1_genomic.fna	backbone	p__Zixibacteria	d__Bacteria;p__Zixibacteria;c__MSB-5A5;o__UM-FILTER-46-8;f__UM-FILTER-46-8;g__WJIR01;s__WJIR01 sp014730175
GCA_016703535_1	GCA_016703535.1	gtdb_dl/ncbi_dataset/data/GCA_016703535.1/GCA_016703535.1_ASM1670353v1_genomic.fna	backbone	p__Myxococcota	d__Bacteria;p__Myxococcota;c__Kuafuiibacteriia;o__Kuafuiibacteriales;f__Kuafuiibacteriaceae;g__Kuafuiibacterium;s__Kuafuiibacterium phototrophicum
GCA_030620925_1	GCA_030620925.1	gtdb_dl/ncbi_dataset/data/GCA_030620925.1/GCA_030620925.1_ASM3062092v1_genomic.fna	backbone	p__JAUXIQ01	d__Bacteria;p__JAUXIQ01;c__JAUXIQ01;o__JAUXIQ01;f__JAUXIQ01;g__JAUXIQ01;s__JAUXIQ01 sp030620925
GCA_008933615_1	GCA_008933615.1	gtdb_dl/ncbi_dataset/data/GCA_008933615.1/GCA_008933615.1_ASM893361v1_genomic.fna	backbone	p__CLD3	d__Bacteria;p__CLD3;c__CLD3;o__SB21;f__SB21;g__SB21;s__SB21 sp008933615
GCA_036477985_1	GCA_036477985.1	gtdb_dl/ncbi_dataset/data/GCA_036477985.1/GCA_036477985.1_ASM3647798v1_genomic.fna	backbone	p__UBA8248	d__Bacteria;p__UBA8248;c__UBA8248;o__UBA8248;f__UBA8248;g__JAZGDQ01;s__JAZGDQ01 sp036477985
GCA_001730085_1	GCA_001730085.1	gtdb_dl/ncbi_dataset/data/GCA_001730085.1/GCA_001730085.1_AB1_pvc_genomic.fna	backbone	p__GCA-001730085	d__Bacteria;p__GCA-001730085;c__GCA-001730085;o__GCA-001730085;f__GCA-001730085;g__GCA-001730085;s__GCA-001730085 sp001730085
GCA_964520315_1	GCA_964520315.1	gtdb_dl/ncbi_dataset/data/GCA_964520315.1/GCA_964520315.1_SRP308112_co1_6_genomic.fna	backbone	p__GCA-2686955	d__Bacteria;p__GCA-2686955;c__GCA-2686955;o__GCA-2686955;f__GCA-2686955;g__GCA-2686955;s__GCA-2686955 sp964520315
GCA_038108555_1	GCA_038108555.1	gtdb_dl/ncbi_dataset/data/GCA_038108555.1/GCA_038108555.1_139544_COM.scaffolds.fasta_genomic.fna	backbone	p__Nitrospinota	d__Bacteria;p__Nitrospinota;c__Nitrospinia;o__Nitrospinales;f__VA-1;g__UBA8687;s__UBA8687 sp038108555
GCA_026389015_1	GCA_026389015.1	gtdb_dl/ncbi_dataset/data/GCA_026389015.1/GCA_026389015.1_ASM2638901v1_genomic.fna	backbone	p__Babelota	d__Bacteria;p__Babelota;c__Babeliae;o__Babelales;f__Vermiphilaceae;g__JAPLIR01;s__JAPLIR01 sp026389015
GCA_964566495_1	GCA_964566495.1	gtdb_dl/ncbi_dataset/data/GCA_964566495.1/GCA_964566495.1_binchicken_co32_468_genomic.fna	backbone	p__T1Sed10-126	d__Bacteria;p__T1Sed10-126;c__T1Sed10-126;o__T1Sed10-126;f__T1Sed10-126;g__T1Sed10-126;s__T1Sed10-126 sp964566495
GCA_002398225_1	GCA_002398225.1	gtdb_dl/ncbi_dataset/data/GCA_002398225.1/GCA_002398225.1_ASM239822v1_genomic.fna	backbone	p__UBP13	d__Bacteria;p__UBP13;c__UBA5359;o__UBA5359;f__UBA5359;g__UBA5359;s__UBA5359 sp002410925
GCA_035288405_1	GCA_035288405.1	gtdb_dl/ncbi_dataset/data/GCA_035288405.1/GCA_035288405.1_ASM3528840v1_genomic.fna	backbone	p__JACPSX01	d__Bacteria;p__JACPSX01;c__JACPSX01;o__JACPSX01;f__JACPSX01;g__JACPSX01;s__JACPSX01 sp035288405
GCA_035353495_1	GCA_035353495.1	gtdb_dl/ncbi_dataset/data/GCA_035353495.1/GCA_035353495.1_ASM3535349v1_genomic.fna	backbone	p__DAOPZR01	d__Bacteria;p__DAOPZR01;c__DAOPZR01;o__DAOPZR01;f__DAOPZR01;g__CAZFBR01;s__CAZFBR01 sp035353495
GCA_016783505_1	GCA_016783505.1	gtdb_dl/ncbi_dataset/data/GCA_016783505.1/GCA_016783505.1_ASM1678350v1_genomic.fna	backbone	p__BS750m-G25	d__Bacteria;p__BS750m-G25;c__BS750m-G25;o__BS750m-G25;f__BS750m-G25;g__BS750m-G25;s__BS750m-G25 sp016783505
GCA_024275315_1	GCA_024275315.1	gtdb_dl/ncbi_dataset/data/GCA_024275315.1/GCA_024275315.1_ASM2427531v1_genomic.fna	backbone	p__Nitrospinota_A	d__Bacteria;p__Nitrospinota_A;c__UBA7883;o__UBA7883;f__UBA7883;g__JAJRZK01;s__JAJRZK01 sp024275315
GCA_043800495_1	GCA_043800495.1	gtdb_dl/ncbi_dataset/data/GCA_043800495.1/GCA_043800495.1_ASM4380049v1_genomic.fna	backbone	p__Aenigmatarchaeota	d__Archaea;p__Aenigmatarchaeota;c__Aenigmatarchaeia;o__GW2011-AR5;f__JACRAC01;g__JACRAC01;s__JACRAC01 sp043800495
GCA_031432495_1	GCA_031432495.1	gtdb_dl/ncbi_dataset/data/GCA_031432495.1/GCA_031432495.1_ASM3143249v1_genomic.fna	backbone	p__Sysuimicrobiota	d__Bacteria;p__Sysuimicrobiota;c__Sysuimicrobiia;o__Sysuimicrobiales;f__Sysuimicrobiaceae;g__Caldifonticola;s__Caldifonticola tengchongensis
GCA_964420375_1	GCA_964420375.1	gtdb_dl/ncbi_dataset/data/GCA_964420375.1/GCA_964420375.1_SRP141376_co2_390_genomic.fna	backbone	p__RBG-13-61-14	d__Bacteria;p__RBG-13-61-14;c__RBG-13-61-14;o__RBG-13-61-14;f__DATKZS01;g__CAYQTK01;s__CAYQTK01 sp964420375
GCA_045615885_1	GCA_045615885.1	gtdb_dl/ncbi_dataset/data/GCA_045615885.1/GCA_045615885.1_ASM4561588v1_genomic.fna	backbone	p__Fibrobacterota	d__Bacteria;p__Fibrobacterota;c__Fibrobacteria;o__Fibrobacterales;f__Fibrobacteraceae;g__UBA1765;s__UBA1765 sp045615885
GCA_964548165_1	GCA_964548165.1	gtdb_dl/ncbi_dataset/data/GCA_964548165.1/GCA_964548165.1_SRP329715_co1_394_genomic.fna	backbone	p__UBA8481	d__Bacteria;p__UBA8481;c__UBA8481;o__UBA8481;f__UBA8481;g__CAZJQD01;s__CAZJQD01 sp964548165
GCA_001797465_1	GCA_001797465.1	gtdb_dl/ncbi_dataset/data/GCA_001797465.1/GCA_001797465.1_ASM179746v1_genomic.fna	backbone	p__Desulfobacterota	d__Bacteria;p__Desulfobacterota;c__GWC2-55-46;o__GWC2-55-46;f__GWC2-55-46;g__GWB2-55-19;s__GWB2-55-19 sp001797465
GCA_027491485_1	GCA_027491485.1	gtdb_dl/ncbi_dataset/data/GCA_027491485.1/GCA_027491485.1_ASM2749148v1_genomic.fna	backbone	p__Korarchaeota	d__Archaea;p__Korarchaeota;c__Korarchaeia;o__Korarchaeales;f__Korarchaeaceae;g__Korarchaeum;s__Korarchaeum sp027491485
GCA_020849855_1	GCA_020849855.1	gtdb_dl/ncbi_dataset/data/GCA_020849855.1/GCA_020849855.1_ASM2084985v1_genomic.fna	backbone	p__4484-113	d__Bacteria;p__4484-113;c__4484-113;o__4484-113;f__JAFGCY01;g__JADZFO01;s__JADZFO01 sp020849855
GCA_016202395_1	GCA_016202395.1	gtdb_dl/ncbi_dataset/data/GCA_016202395.1/GCA_016202395.1_ASM1620239v1_genomic.fna	backbone	p__JACQOV01	d__Bacteria;p__JACQOV01;c__JACQOV01;o__JACQOV01;f__JACQOV01;g__JACQOV01;s__JACQOV01 sp016202395
GCA_016934675_1	GCA_016934675.1	gtdb_dl/ncbi_dataset/data/GCA_016934675.1/GCA_016934675.1_ASM1693467v1_genomic.fna	backbone	p__CSSED10-310	d__Bacteria;p__CSSED10-310;c__JAFGSJ01;o__JAFGSJ01;f__JAFGSJ01;g__JAFGSJ01;s__JAFGSJ01 sp016934675
GCA_046760505_1	GCA_046760505.1	gtdb_dl/ncbi_dataset/data/GCA_046760505.1/GCA_046760505.1_ASM4676050v1_genomic.fna	backbone	p__CAYFZR01	d__Archaea;p__CAYFZR01;c__CAYFZR01;o__CAYFZR01;f__CAYFZR01;g__CAYFZR01;s__CAYFZR01 sp046760505
GCA_022545375_1	GCA_022545375.1	gtdb_dl/ncbi_dataset/data/GCA_022545375.1/GCA_022545375.1_ASM2254537v1_genomic.fna	backbone	p__JADFOP01	d__Bacteria;p__JADFOP01;c__JADFOP01;o__JADFOP01;f__JADFOP01;g__JADFOP01;s__JADFOP01 sp022562795
GCA_002084765_1	GCA_002084765.1	gtdb_dl/ncbi_dataset/data/GCA_002084765.1/GCA_002084765.1_ASM208476v1_genomic.fna	backbone	p__4572-55	d__Bacteria;p__4572-55;c__4572-55;o__4572-55;f__4572-55;g__4572-55;s__4572-55 sp002084765
GCA_964513605_1	GCA_964513605.1	gtdb_dl/ncbi_dataset/data/GCA_964513605.1/GCA_964513605.1_SRP315200_co2_424_genomic.fna	backbone	p__Bacillota	d__Bacteria;p__Bacillota;c__Clostridia;o__Oscillospirales;f__Oscillospiraceae;g__Faecousia;s__Faecousia sp964513605
GCA_020061125_1	GCA_020061125.1	gtdb_dl/ncbi_dataset/data/GCA_020061125.1/GCA_020061125.1_ASM2006112v1_genomic.fna	backbone	p__UBP15	d__Bacteria;p__UBP15;c__UBA6099;o__UBA6099;f__DSWB01;g__DSWB01;s__DSWB01 sp020061125
GCA_052033935_1	GCA_052033935.1	gtdb_dl/ncbi_dataset/data/GCA_052033935.1/GCA_052033935.1_ASM5203393v1_genomic.fna	backbone	p__Armatimonadota	d__Bacteria;p__Armatimonadota;c__UBA5829;o__DSUL01;f__DSUL01;g__JAGVUD01;s__JAGVUD01 sp052033935
GCA_026985515_1	GCA_026985515.1	gtdb_dl/ncbi_dataset/data/GCA_026985515.1/GCA_026985515.1_ASM2698551v1_genomic.fna	backbone	p__JALSQH01	d__Bacteria;p__JALSQH01;c__JALSQH01;o__JALSQH01;f__JALSQH01;g__JALSQH01;s__JALSQH01 sp026985515
GCA_020722945_1	GCA_020722945.1	gtdb_dl/ncbi_dataset/data/GCA_020722945.1/GCA_020722945.1_ASM2072294v1_genomic.fna	backbone	p__DYJV01	d__Bacteria;p__DYJV01;c__DYJV01;o__DYJV01;f__DYJV01;g__DYJV01;s__DYJV01 sp020722945
GCA_049967555_1	GCA_049967555.1	gtdb_dl/ncbi_dataset/data/GCA_049967555.1/GCA_049967555.1_ASM4996755v1_genomic.fna	backbone	p__Micrarchaeota	d__Archaea;p__Micrarchaeota;c__Micrarchaeia;o__Micrarchaeales;f__CABMGC01;g__JAGDYD01;s__JAGDYD01 sp049967555
GCA_002441095_1	GCA_002441095.1	gtdb_dl/ncbi_dataset/data/GCA_002441095.1/GCA_002441095.1_ASM244109v1_genomic.fna	backbone	p__CAYTYR01	d__Bacteria;p__CAYTYR01;c__UBA6262;o__UBA6262;f__UBA6262;g__UBA6262;s__UBA6262 sp002441095
GCA_020348925_1	GCA_020348925.1	gtdb_dl/ncbi_dataset/data/GCA_020348925.1/GCA_020348925.1_ASM2034892v1_genomic.fna	backbone	p__JBHIER01	d__Bacteria;p__JBHIER01;c__G020348925;o__G020348925;f__G020348925;g__G020348925;s__G020348925 sp020348925
GCA_015062115_1	GCA_015062115.1	gtdb_dl/ncbi_dataset/data/GCA_015062115.1/GCA_015062115.1_ASM1506211v1_genomic.fna	backbone	p__Elusimicrobiota	d__Bacteria;p__Elusimicrobiota;c__Elusimicrobia;o__Elusimicrobiales;f__Elusimicrobiaceae;g__Avelusimicrobium;s__Avelusimicrobium sp015062115
GCA_016283195_1	GCA_016283195.1	gtdb_dl/ncbi_dataset/data/GCA_016283195.1/GCA_016283195.1_ASM1628319v1_genomic.fna	backbone	p__JAEEML01	d__Bacteria;p__JAEEML01;c__JAEEML01;o__JAEEML01;f__JAEEML01;g__JAEEML01;s__JAEEML01 sp016283195
GCA_947491025_1	GCA_947491025.1	gtdb_dl/ncbi_dataset/data/GCA_947491025.1/GCA_947491025.1_TH-Jun18-32_genomic.fna	backbone	p__Myxococcota_A	d__Bacteria;p__Myxococcota_A;c__UBA9042;o__UBA9042;f__UBA9042;g__SXNM01;s__SXNM01 sp947491025
GCA_027063545_1	GCA_027063545.1	gtdb_dl/ncbi_dataset/data/GCA_027063545.1/GCA_027063545.1_ASM2706354v1_genomic.fna	backbone	p__JAMORN01	d__Bacteria;p__JAMORN01;c__JAMORN01;o__JAMORN01;f__JAMORN01;g__JAMORN01;s__JAMORN01 sp027063545
GCA_037439705_1	GCA_037439705.1	gtdb_dl/ncbi_dataset/data/GCA_037439705.1/GCA_037439705.1_ASM3743970v1_genomic.fna	backbone	p__JBBIVP01	d__Bacteria;p__JBBIVP01;c__JBBIVP01;o__JBBIVP01;f__JBBIVP01;g__JBBIVP01;s__JBBIVP01 sp037439705
GCA_018812925_1	GCA_018812925.1	gtdb_dl/ncbi_dataset/data/GCA_018812925.1/GCA_018812925.1_ASM1881292v1_genomic.fna	backbone	p__CAIJMQ01	d__Bacteria;p__CAIJMQ01;c__CAIJMQ01;o__CAIJMQ01;f__CAIJMQ01;g__CAZNJA01;s__CAZNJA01 sp018812925
GCA_046539725_1	GCA_046539725.1	gtdb_dl/ncbi_dataset/data/GCA_046539725.1/GCA_046539725.1_ASM4653972v1_genomic.fna	backbone	p__Hydrogenedentota	d__Bacteria;p__Hydrogenedentota;c__Hydrogenedentia;o__Hydrogenedentales;f__SLHB01;g__SKRY01;s__SKRY01 sp046540175
GCA_035484035_1	GCA_035484035.1	gtdb_dl/ncbi_dataset/data/GCA_035484035.1/GCA_035484035.1_ASM3548403v1_genomic.fna	backbone	p__Verrucomicrobiota	d__Bacteria;p__Verrucomicrobiota;c__Verrucomicrobiia;o__Chthoniobacterales;f__JAFAMB01;g__JAFAMB01;s__JAFAMB01 sp035484035
GCA_016927185_1	GCA_016927185.1	gtdb_dl/ncbi_dataset/data/GCA_016927185.1/GCA_016927185.1_ASM1692718v1_genomic.fna	backbone	p__JAFGND01	d__Bacteria;p__JAFGND01;c__JAFGND01;o__JAFGND01;f__JAFGND01;g__JAFGND01;s__JAFGND01 sp016927185
GCA_016866785_1	GCA_016866785.1	gtdb_dl/ncbi_dataset/data/GCA_016866785.1/GCA_016866785.1_JGI_2017-08-21_genomic.fna	backbone	p__Poribacteria	d__Bacteria;p__Poribacteria;c__WGA-4E;o__GCA-2687025;f__GCA-2687025;g__VGLH01;s__VGLH01 sp016866785
GCA_030620115_1	GCA_030620115.1	gtdb_dl/ncbi_dataset/data/GCA_030620115.1/GCA_030620115.1_ASM3062011v1_genomic.fna	backbone	p__JAFGKV01	d__Bacteria;p__JAFGKV01;c__JAFGKV01;o__JAFGKV01;f__JAFGKV01;g__JAUXFG01;s__JAUXFG01 sp030620115
GCA_964447955_1	GCA_964447955.1	gtdb_dl/ncbi_dataset/data/GCA_964447955.1/GCA_964447955.1_binchicken_co262_326_genomic.fna	backbone	p__Blakebacterota	d__Bacteria;p__Blakebacterota;c__Blakebacteria;o__Blakebacterales;f__CAYUVJ01;g__CAYUVJ01;s__CAYUVJ01 sp964447955
GCA_030615145_1	GCA_030615145.1	gtdb_dl/ncbi_dataset/data/GCA_030615145.1/GCA_030615145.1_ASM3061514v1_genomic.fna	backbone	p__Asgardarchaeota	d__Archaea;p__Asgardarchaeota;c__Lokiarchaeia;o__Sigyniarchaeales;f__SOKP01;g__SOKP01;s__SOKP01 sp030615145
GCA_017995405_1	GCA_017995405.1	gtdb_dl/ncbi_dataset/data/GCA_017995405.1/GCA_017995405.1_ASM1799540v1_genomic.fna	backbone	p__Cloacimonadota	d__Bacteria;p__Cloacimonadota;c__Cloacimonadia;o__Cloacimonadales;f__Cloacimonadaceae;g__UBA3900;s__UBA3900 sp017995405
GCA_017997825_1	GCA_017997825.1	gtdb_dl/ncbi_dataset/data/GCA_017997825.1/GCA_017997825.1_ASM1799782v1_genomic.fna	backbone	p__JAGOEH01	d__Bacteria;p__JAGOEH01;c__JAGOEH01;o__JAGOEH01;f__JAGOEH01;g__JAGOEH01;s__JAGOEH01 sp017997825
GCA_001790675_1	GCA_001790675.1	gtdb_dl/ncbi_dataset/data/GCA_001790675.1/GCA_001790675.1_ASM179067v1_genomic.fna	backbone	p__Schekmanbacteria	d__Bacteria;p__Schekmanbacteria;c__GWA2-38-11;o__GWA2-38-11;f__GWA2-38-11;g__2-02-FULL-38-14-A;s__2-02-FULL-38-14-A sp001790855
GCA_945889655_1	GCA_945889655.1	gtdb_dl/ncbi_dataset/data/GCA_945889655.1/GCA_945889655.1_MaH-09apr19-82_genomic.fna	backbone	p__Gemmatimonadota	d__Bacteria;p__Gemmatimonadota;c__Gemmatimonadetes;o__Gemmatimonadales;f__GWC2-71-9;g__SHZT01;s__SHZT01 sp945889655
GCA_964524645_1	GCA_964524645.1	gtdb_dl/ncbi_dataset/data/GCA_964524645.1/GCA_964524645.1_binchicken_co150_468_genomic.fna	backbone	p__Krumholzibacteriota	d__Bacteria;p__Krumholzibacteriota;c__Krumholzibacteriia;o__LZORAL124-64-63;f__LZORAL124-64-63;g__CAZGEC01;s__CAZGEC01 sp964524645
GCA_034679345_1	GCA_034679345.1	gtdb_dl/ncbi_dataset/data/GCA_034679345.1/GCA_034679345.1_ASM3467934v1_genomic.fna	backbone	p__Eisenbacteria	d__Bacteria;p__Eisenbacteria;c__RBG-16-71-46;o__CAIMUX01;f__VGJL01;g__JAXDAY01;s__JAXDAY01 sp034679345
GCA_964401205_1	GCA_964401205.1	gtdb_dl/ncbi_dataset/data/GCA_964401205.1/GCA_964401205.1_binchicken_co266_153_genomic.fna	backbone	p__Undinarchaeota	d__Archaea;p__Undinarchaeota;c__Undinarchaeia;o__Undinarchaeales;f__Naiadarchaeaceae;g__CAYNXO01;s__CAYNXO01 sp964401205
GCA_025363775_1	GCA_025363775.1	gtdb_dl/ncbi_dataset/data/GCA_025363775.1/GCA_025363775.1_ASM2536377v1_genomic.fna	backbone	p__Acidobacteriota	d__Bacteria;p__Acidobacteriota;c__Vicinamibacteria;o__Vicinamibacterales;f__Fen-181;g__FEN-299;s__FEN-299 sp025363775
GCA_016929715_1	GCA_016929715.1	gtdb_dl/ncbi_dataset/data/GCA_016929715.1/GCA_016929715.1_ASM1692971v1_genomic.fna	backbone	p__SDB-A	d__Bacteria;p__SDB-A;c__SDB-A;o__SDB-A;f__SDB-A;g__JAFGIG01;s__JAFGIG01 sp016929715
GCA_016934595_1	GCA_016934595.1	gtdb_dl/ncbi_dataset/data/GCA_016934595.1/GCA_016934595.1_ASM1693459v1_genomic.fna	backbone	p__SZUA-182	d__Bacteria;p__SZUA-182;c__SZUA-182;o__DTGQ01;f__JAFGSM01;g__JAFGSM01;s__JAFGSM01 sp016934595
GCA_964582955_1	GCA_964582955.1	gtdb_dl/ncbi_dataset/data/GCA_964582955.1/GCA_964582955.1_SRP092796_co3_293_genomic.fna	backbone	p__Fidelibacterota	d__Bacteria;p__Fidelibacterota;c__Marinisomatia;o__Marinisomatales;f__AB-629-J13;g__AB-629-J13;s__AB-629-J13 sp964582955
GCA_965240465_1	GCA_965240465.1	gtdb_dl/ncbi_dataset/data/GCA_965240465.1/GCA_965240465.1_ohBolCyan1.Bacteria_1.1_genomic.fna	backbone	p__SAR324	d__Bacteria;p__SAR324;c__SAR324;o__SAR324;f__JACQKK01;g__G965240465;s__G965240465 sp965240465
GCA_030691545_1	GCA_030691545.1	gtdb_dl/ncbi_dataset/data/GCA_030691545.1/GCA_030691545.1_ASM3069154v1_genomic.fna	backbone	p__Auribacterota	d__Bacteria;p__Auribacterota;c__JABMQX01;o__JABMQX01;f__JABMQX01;g__JAUYEE01;s__JAUYEE01 sp030691545
GCA_964453435_1	GCA_964453435.1	gtdb_dl/ncbi_dataset/data/GCA_964453435.1/GCA_964453435.1_binchicken_co17_451_genomic.fna	backbone	p__Abyssobacteria	d__Bacteria;p__Abyssobacteria;c__SURF-5;o__SURF-5;f__SURF-5;g__CAYVQZ01;s__CAYVQZ01 sp964453435
GCA_041640455_1	GCA_041640455.1	gtdb_dl/ncbi_dataset/data/GCA_041640455.1/GCA_041640455.1_ASM4164045v1_genomic.fna	backbone	p__CALINM01	d__Bacteria;p__CALINM01;c__CALINM01;o__CALINM01;f__CALINM01;g__JAOAGA01;s__JAOAGA01 sp041640455
GCA_045633865_1	GCA_045633865.1	gtdb_dl/ncbi_dataset/data/GCA_045633865.1/GCA_045633865.1_ASM4563386v1_genomic.fna	backbone	p__Bacteroidota	d__Bacteria;p__Bacteroidota;c__Bacteroidia;o__Bacteroidales;f__Paludibacteraceae;g__Enterocola;s__Enterocola sp045633865
GCA_964429075_1	GCA_964429075.1	gtdb_dl/ncbi_dataset/data/GCA_964429075.1/GCA_964429075.1_SRP162660_co1_279_genomic.fna	backbone	p__CAYSBA01	d__Bacteria;p__CAYSBA01;c__CAYSBA01;o__CAYSBA01;f__CAYSBA01;g__CAYSBA01;s__CAYSBA01 sp964429075
GCA_022615475_1	GCA_022615475.1	gtdb_dl/ncbi_dataset/data/GCA_022615475.1/GCA_022615475.1_ASM2261547v1_genomic.fna	backbone	p__Methylomirabilota	d__Bacteria;p__Methylomirabilota;c__Methylomirabilia;o__Methylomirabilales;f__CSP1-5;g__CSP1-5;s__CSP1-5 sp022615475
GCA_024276995_1	GCA_024276995.1	gtdb_dl/ncbi_dataset/data/GCA_024276995.1/GCA_024276995.1_ASM2427699v1_genomic.fna	backbone	p__Orphanbacterota	d__Bacteria;p__Orphanbacterota;c__Orphanbacteria;o__Orphanbacterales;f__Orphanbacteraceae;g__JAJRWB01;s__JAJRWB01 sp024276995
GCA_018263585_1	GCA_018263585.1	gtdb_dl/ncbi_dataset/data/GCA_018263585.1/GCA_018263585.1_ASM1826358v1_genomic.fna	backbone	p__Electryoneota	d__Bacteria;p__Electryoneota;c__Electryoneia;o__Electryoneales;f__Electryoneaceae;g__JAANWZ01;s__JAANWZ01 sp018263585
GCA_030656095_1	GCA_030656095.1	gtdb_dl/ncbi_dataset/data/GCA_030656095.1/GCA_030656095.1_ASM3065609v1_genomic.fna	backbone	p__Synergistota	d__Bacteria;p__Synergistota;c__Synergistia;o__Synergistales;f__Thermovirgaceae;g__UBA2252;s__UBA2252 sp030656095
GCA_964392195_1	GCA_964392195.1	gtdb_dl/ncbi_dataset/data/GCA_964392195.1/GCA_964392195.1_SRP173033_co1_392_genomic.fna	backbone	p__JADJOY01	d__Bacteria;p__JADJOY01;c__JADJOY01;o__JADJOY01;f__JADJOY01;g__JADJOY01;s__JADJOY01 sp964392195
GCA_964586775_1	GCA_964586775.1	gtdb_dl/ncbi_dataset/data/GCA_964586775.1/GCA_964586775.1_binchicken_co200_86_genomic.fna	backbone	p__Lernaellota	d__Bacteria;p__Lernaellota;c__Lernaellaia;o__JACKCT01;f__JACKCT01;g__JADLEX01;s__JADLEX01 sp964586775
GCA_964480165_1	GCA_964480165.1	gtdb_dl/ncbi_dataset/data/GCA_964480165.1/GCA_964480165.1_binchicken_co36_195_genomic.fna	backbone	p__Iainarchaeota	d__Archaea;p__Iainarchaeota;c__Iainarchaeia;o__JAADDC01;f__JAADDC01;g__SZUA-1452;s__SZUA-1452 sp964480165
GCA_002347965_1	GCA_002347965.1	gtdb_dl/ncbi_dataset/data/GCA_002347965.1/GCA_002347965.1_ASM234796v1_genomic.fna	backbone	p__UBA2233	d__Bacteria;p__UBA2233;c__UBA2233;o__UBA2233;f__UBA2233;g__UBA2233;s__UBA2233 sp002347965
GCA_026705445_1	GCA_026705445.1	gtdb_dl/ncbi_dataset/data/GCA_026705445.1/GCA_026705445.1_ASM2670544v1_genomic.fna	backbone	p__Desulfobacterota_D	d__Bacteria;p__Desulfobacterota_D;c__UBA1144;o__Nemesobacterales;f__Nemesobacteraceae;g__Nemesobacter;s__Nemesobacter sp026705445
GCA_965214925_1	GCA_965214925.1	gtdb_dl/ncbi_dataset/data/GCA_965214925.1/GCA_965214925.1_odCinKuek1.Latescibacteria_1.1_genomic.fna	backbone	p__Latescibacterota	d__Bacteria;p__Latescibacterota;c__UBA2968;o__UBA2968;f__UBA2968;g__VXRD01;s__VXRD01 sp965214925
GCA_001567115_1	GCA_001567115.1	gtdb_dl/ncbi_dataset/data/GCA_001567115.1/GCA_001567115.1_ASM156711v1_genomic.fna	backbone	p__Hinthialibacterota	d__Bacteria;p__Hinthialibacterota;c__Hinthialibacteria;o__OLB16;f__OLB16;g__OLB16;s__OLB16 sp001567115
GCA_041651035_1	GCA_041651035.1	gtdb_dl/ncbi_dataset/data/GCA_041651035.1/GCA_041651035.1_ASM4165103v1_genomic.fna	backbone	p__Omnitrophota	d__Bacteria;p__Omnitrophota;c__Gorgyraeia;o__Gygaellales;f__Profunditerraquicolaceae;g__JBAZKC01;s__JBAZKC01 sp041651035
GCA_021827365_1	GCA_021827365.1	gtdb_dl/ncbi_dataset/data/GCA_021827365.1/GCA_021827365.1_ASM2182736v1_genomic.fna	backbone	p__Nitrospirota	d__Bacteria;p__Nitrospirota;c__Leptospirillia;o__Leptospirillales;f__Leptospirillaceae;g__UBA4572;s__UBA4572 sp021827365
GCA_964471095_1	GCA_964471095.1	gtdb_dl/ncbi_dataset/data/GCA_964471095.1/GCA_964471095.1_binchicken_co125_1081_genomic.fna	backbone	p__UBA10199	d__Bacteria;p__UBA10199;c__UBA10199;o__JACPAL01;f__JACPAL01;g__CAYYFU01;s__CAYYFU01 sp964471095
GCA_001771425_1	GCA_001771425.1	gtdb_dl/ncbi_dataset/data/GCA_001771425.1/GCA_001771425.1_ASM177142v1_genomic.fna	backbone	p__Margulisbacteria	d__Bacteria;p__Margulisbacteria;c__WOR-1;o__O2-12-FULL-45-9;f__XYB2-FULL-48-7;g__XYB2-FULL-45-9;s__XYB2-FULL-45-9 sp001771575
GCA_029553345_1	GCA_029553345.1	gtdb_dl/ncbi_dataset/data/GCA_029553345.1/GCA_029553345.1_ASM2955334v1_genomic.fna	backbone	p__Dictyoglomota	d__Bacteria;p__Dictyoglomota;c__Dictyoglomia;o__Dictyoglomales;f__Dictyoglomaceae;g__JAKOUL01;s__JAKOUL01 sp035378845
GCA_040752395_1	GCA_040752395.1	gtdb_dl/ncbi_dataset/data/GCA_040752395.1/GCA_040752395.1_ASM4075239v1_genomic.fna	backbone	p__JBFMHD01	d__Bacteria;p__JBFMHD01;c__JBFMHD01;o__JBFMHD01;f__JBFMHD01;g__JBFMHD01;s__JBFMHD01 sp040752395
GCF_003336745_1	GCF_003336745.1	gtdb_dl/ncbi_dataset/data/GCF_003336745.1/GCF_003336745.1_ASM333674v1_genomic.fna	backbone	p__Deinococcota	d__Bacteria;p__Deinococcota;c__Deinococci;o__Deinococcales;f__Thermaceae;g__Thermus;s__Thermus caldifontis
GCF_000739065_1	GCF_000739065.1	gtdb_dl/ncbi_dataset/data/GCF_000739065.1/GCF_000739065.1_ASM73906v1_genomic.fna	backbone	p__AGJL01	d__Archaea;p__AGJL01;c__Methanococci;o__Methanococcales;f__Methanocaldococcaceae;g__Methanocaldococcus;s__Methanocaldococcus bathoardescens
GCA_017999075_1	GCA_017999075.1	gtdb_dl/ncbi_dataset/data/GCA_017999075.1/GCA_017999075.1_ASM1799907v1_genomic.fna	backbone	p__JAGOBX01	d__Bacteria;p__JAGOBX01;c__JAGOBX01;o__JAGOBX01;f__JAGOBX01;g__JAGOBX01;s__JAGOBX01 sp017999075
GCA_964617105_1	GCA_964617105.1	gtdb_dl/ncbi_dataset/data/GCA_964617105.1/GCA_964617105.1_SRP200020_co3_330_genomic.fna	backbone	p__CAZTWC01	d__Bacteria;p__CAZTWC01;c__CAZTWC01;o__CAZTWC01;f__CAZTWC01;g__CAZTWC01;s__CAZTWC01 sp964617105
GCA_013178255_1	GCA_013178255.1	gtdb_dl/ncbi_dataset/data/GCA_013178255.1/GCA_013178255.1_ASM1317825v1_genomic.fna	backbone	p__Coprothermobacterota	d__Bacteria;p__Coprothermobacterota;c__Coprothermobacteria;o__Coprothermobacterales;f__Coprothermobacteraceae;g__JABLWY01;s__JABLWY01 sp013178255
GCA_046497165_1	GCA_046497165.1	gtdb_dl/ncbi_dataset/data/GCA_046497165.1/GCA_046497165.1_ASM4649716v1_genomic.fna	backbone	p__UBP6	d__Bacteria;p__UBP6;c__UBA1177;o__UBA1177;f__JAWOGE01;g__JAWOGE01;s__JAWOGE01 sp046497165
GCA_964547905_1	GCA_964547905.1	gtdb_dl/ncbi_dataset/data/GCA_964547905.1/GCA_964547905.1_SRP271791_co1_55_genomic.fna	backbone	p__JAMCPX01	d__Bacteria;p__JAMCPX01;c__JAMCPX01;o__JAMCPX01;f__JAMCPX01;g__JAJYLM01;s__JAJYLM01 sp964547905
GCA_964457585_1	GCA_964457585.1	gtdb_dl/ncbi_dataset/data/GCA_964457585.1/GCA_964457585.1_binchicken_co232_183_genomic.fna	backbone	p__JACRDZ01	d__Bacteria;p__JACRDZ01;c__JACRDZ01;o__JACRDZ01;f__JACRDZ01;g__CAYWFU01;s__CAYWFU01 sp964457585
GCA_002067565_1	GCA_002067565.1	gtdb_dl/ncbi_dataset/data/GCA_002067565.1/GCA_002067565.1_ASM206756v1_genomic.fna	backbone	p__Methanobacteriota	d__Archaea;p__Methanobacteriota;c__Methanobacteria;o__Methanobacteriales;f__Methanobacteriaceae;g__Methanobacterium_A;s__Methanobacterium_A sp002067565
GCF_002201895_1	GCF_002201895.1	gtdb_dl/ncbi_dataset/data/GCF_002201895.1/GCF_002201895.1_ASM220189v1_genomic.fna	backbone	p__JAADCQ01	d__Archaea;p__JAADCQ01;c__Methanopyri;o__Methanopyrales;f__Methanopyraceae;g__Methanopyrus;s__Methanopyrus sp002201895
GCA_036381125_1	GCA_036381125.1	gtdb_dl/ncbi_dataset/data/GCA_036381125.1/GCA_036381125.1_ASM3638112v1_genomic.fna	backbone	p__DASVDK01	d__Bacteria;p__DASVDK01;c__DASVDK01;o__DASVDK01;f__DASVDK01;g__DASVDK01;s__DASVDK01 sp036381125
GCA_043803085_1	GCA_043803085.1	gtdb_dl/ncbi_dataset/data/GCA_043803085.1/GCA_043803085.1_ASM4380308v1_genomic.fna	backbone	p__Planctomycetota	d__Bacteria;p__Planctomycetota;c__Phycisphaerae;o__UBA1845;f__UBA1845;g__JAAEQG01;s__JAAEQG01 sp043803085
GCA_035379745_1	GCA_035379745.1	gtdb_dl/ncbi_dataset/data/GCA_035379745.1/GCA_035379745.1_ASM3537974v1_genomic.fna	backbone	p__Fermentibacterota	d__Bacteria;p__Fermentibacterota;c__Fermentibacteria;o__Fermentibacterales;f__JCC-6;g__Sabulitectum;s__Sabulitectum sp036743055
GCA_964600955_1	GCA_964600955.1	gtdb_dl/ncbi_dataset/data/GCA_964600955.1/GCA_964600955.1_binchicken_co141_92_genomic.fna	backbone	p__Muiribacteriota	d__Bacteria;p__Muiribacteriota;c__UBA6191;o__UBA6191;f__UBA6191;g__CAZRLV01;s__CAZRLV01 sp964600955
GCF_000018605_1	GCF_000018605.1	gtdb_dl/ncbi_dataset/data/GCF_000018605.1/GCF_000018605.1_ASM1860v1_genomic.fna	backbone	p__Thermotogota	d__Bacteria;p__Thermotogota;c__Thermotogae;o__Petrotogales;f__Petrotogaceae;g__Petrotoga;s__Petrotoga mobilis
GCA_013036315_1	GCA_013036315.1	gtdb_dl/ncbi_dataset/data/GCA_013036315.1/GCA_013036315.1_ASM1303631v1_genomic.fna	backbone	p__Vulcanimicrobiota	d__Bacteria;p__Vulcanimicrobiota;c__Vulcanimicrobiia;o__Vulcanimicrobiales;f__Vulcanimicrobiaceae;g__Rubrimentiphilum;s__Rubrimentiphilum sp013036315
GCA_964622465_1	GCA_964622465.1	gtdb_dl/ncbi_dataset/data/GCA_964622465.1/GCA_964622465.1_binchicken_co387_22_genomic.fna	backbone	p__CG03	d__Bacteria;p__CG03;c__CAZUQH01;o__CAZUQH01;f__CAZUQH01;g__CAZUQH01;s__CAZUQH01 sp964622465
GCA_964565925_1	GCA_964565925.1	gtdb_dl/ncbi_dataset/data/GCA_964565925.1/GCA_964565925.1_binchicken_co199_84_genomic.fna	backbone	p__JAGRBM01	d__Bacteria;p__JAGRBM01;c__JAGRBM01;o__JAGRBM01;f__JAHCIT01;g__CAZMGV01;s__CAZMGV01 sp964565925
GCA_964622875_1	GCA_964622875.1	gtdb_dl/ncbi_dataset/data/GCA_964622875.1/GCA_964622875.1_binchicken_co140_94_genomic.fna	backbone	p__NPL-UPA2	d__Bacteria;p__NPL-UPA2;c__NPL-UPA2;o__NPL-UPA2;f__JAADIA01;g__CAZGXS01;s__CAZGXS01 sp964622875
GCA_001872885_1	GCA_001872885.1	gtdb_dl/ncbi_dataset/data/GCA_001872885.1/GCA_001872885.1_ASM187288v1_genomic.fna	backbone	p__Huberarchaeota	d__Archaea;p__Huberarchaeota;c__Huberarchaeia;o__Huberarchaeales;f__Huberarchaeaceae;g__Huberarchaeum;s__Huberarchaeum crystalense
GCA_026418035_1	GCA_026418035.1	gtdb_dl/ncbi_dataset/data/GCA_026418035.1/GCA_026418035.1_ASM2641803v1_genomic.fna	backbone	p__DUMJ01	d__Bacteria;p__DUMJ01;c__DUMJ01;o__DUMJ01;f__DUMJ01;g__DUMJ01;s__DUMJ01 sp026418035
GCA_002898315_1	GCA_002898315.1	gtdb_dl/ncbi_dataset/data/GCA_002898315.1/GCA_002898315.1_ASM289831v1_genomic.fna	backbone	p__Calescibacteriota	d__Bacteria;p__Calescibacteriota;c__Calescibacteriia;o__Calescibacteriales;f__Calescibacteriaceae;g__Calescibacterium;s__Calescibacterium sp002898315
GCA_046759065_1	GCA_046759065.1	gtdb_dl/ncbi_dataset/data/GCA_046759065.1/GCA_046759065.1_ASM4675906v1_genomic.fna	backbone	p__Thermoplasmatota	d__Archaea;p__Thermoplasmatota;c__Thermoplasmata;o__RBG-16-68-12;f__JAGMCJ01;g__JAGMCJ01;s__JAGMCJ01 sp046759065
GCA_020434345_1	GCA_020434345.1	gtdb_dl/ncbi_dataset/data/GCA_020434345.1/GCA_020434345.1_ASM2043434v1_genomic.fna	backbone	p__Bdellovibrionota_G	d__Bacteria;p__Bdellovibrionota_G;c__JALEGL01;o__JALEGL01;f__JAGRMV01;g__JAGRMV01;s__JAGRMV01 sp020434345
GCF_000153625_3	GCF_000153625.3	gtdb_dl/ncbi_dataset/data/GCF_000153625.3/GCF_000153625.3_ASM15362v1_genomic.fna	backbone	p__Fusobacteriota	d__Bacteria;p__Fusobacteriota;c__Fusobacteriia;o__Fusobacteriales;f__Fusobacteriaceae;g__Fusobacterium;s__Fusobacterium polymorphum
GCA_038061795_1	GCA_038061795.1	gtdb_dl/ncbi_dataset/data/GCA_038061795.1/GCA_038061795.1_ASM3806179v1_genomic.fna	backbone	p__Patescibacteriota	d__Bacteria;p__Patescibacteriota;c__Minisyncoccia;o__Phycocordibacterales;f__PALSA-1337;g__CAIOGI01;s__CAIOGI01 sp038061795
GCA_020628165_1	GCA_020628165.1	gtdb_dl/ncbi_dataset/data/GCA_020628165.1/GCA_020628165.1_ASM2062816v1_genomic.fna	backbone	p__Bdellovibrionota	d__Bacteria;p__Bdellovibrionota;c__Bdellovibrionia;o__Bdellovibrionales;f__UBA1609;g__JAHDIR01;s__JAHDIR01 sp020628165
GCA_001302835_1	GCA_001302835.1	gtdb_dl/ncbi_dataset/data/GCA_001302835.1/GCA_001302835.1_ASM130283v1_genomic.fna	backbone	p__LJUI01	d__Bacteria;p__LJUI01;c__LJUI01;o__SM1-40;f__SM1-40;g__SM1-40;s__SM1-40 sp001303705
GCF_000242715_1	GCF_000242715.1	gtdb_dl/ncbi_dataset/data/GCF_000242715.1/GCF_000242715.1_ASM24271v2_genomic.fna	backbone	p__Actinomycetota	d__Bacteria;p__Actinomycetota;c__Actinomycetes;o__Streptomycetales;f__Streptomycetaceae;g__Streptomyces;s__Streptomyces acidiscabies
GCA_003252515_1	GCA_003252515.1	gtdb_dl/ncbi_dataset/data/GCA_003252515.1/GCA_003252515.1_ASM325251v1_genomic.fna	backbone	p__UBA4055	d__Bacteria;p__UBA4055;c__UBA4055;o__UBA4055;f__UBA4055;g__UBA4055;s__UBA4055 sp003252515
GCA_964453935_1	GCA_964453935.1	gtdb_dl/ncbi_dataset/data/GCA_964453935.1/GCA_964453935.1_binchicken_co164_31_genomic.fna	backbone	p__AUK180	d__Bacteria;p__AUK180;c__AUK180;o__AUK180;f__AUK180;g__AUK180;s__AUK180 sp964453935
GCA_020632975_1	GCA_020632975.1	gtdb_dl/ncbi_dataset/data/GCA_020632975.1/GCA_020632975.1_ASM2063297v1_genomic.fna	backbone	p__Myxococcota_C	d__Bacteria;p__Myxococcota_C;c__UBA6777;o__UBA6777;f__UBA6777;g__JAKLKB01;s__JAKLKB01 sp020632975
GCA_023512665_1	GCA_023512665.1	gtdb_dl/ncbi_dataset/data/GCA_023512665.1/GCA_023512665.1_ASM2351266v1_genomic.fna	backbone	p__Bipolaricaulota	d__Bacteria;p__Bipolaricaulota;c__Bipolaricaulia;o__RBG-16-55-9;f__DRXL01;g__JANXCC01;s__JANXCC01 sp023512665
GCA_013360445_1	GCA_013360445.1	gtdb_dl/ncbi_dataset/data/GCA_013360445.1/GCA_013360445.1_ASM1336044v1_genomic.fna	backbone	p__Calditrichota	d__Bacteria;p__Calditrichota;c__Calditrichia;o__RBG-13-44-9;f__J075;g__JABWBP01;s__JABWBP01 sp013360445
GCA_031960865_1	GCA_031960865.1	gtdb_dl/ncbi_dataset/data/GCA_031960865.1/GCA_031960865.1_ASM3196086v1_genomic.fna	backbone	p__Campylobacterota_A	d__Bacteria;p__Campylobacterota_A;c__Desulfurellia;o__Desulfurellales;f__Desulfurellaceae;g__Desulfurella;s__Desulfurella sp031960885
GCA_963775895_1	GCA_963775895.1	gtdb_dl/ncbi_dataset/data/GCA_963775895.1/GCA_963775895.1_MFD04408.bin.2.64_genomic.fna	backbone	p__Thermoproteota	d__Archaea;p__Thermoproteota;c__Bathyarchaeia;o__Bathyarchaeales;f__Bathycorpusculaceae;g__DASPPK01;s__DASPPK01 sp963775895
GCF_049221745_1	GCF_049221745.1	gtdb_dl/ncbi_dataset/data/GCF_049221745.1/GCF_049221745.1_ASM4922174v1_genomic.fna	backbone	p__Campylobacterota	d__Bacteria;p__Campylobacterota;c__Campylobacteria;o__Campylobacterales;f__Campylobacteraceae;g__Campylobacter_D;s__Campylobacter_D jejuni_E
GCA_023129115_1	GCA_023129115.1	gtdb_dl/ncbi_dataset/data/GCA_023129115.1/GCA_023129115.1_ASM2312911v1_genomic.fna	backbone	p__B1Sed10-29	d__Archaea;p__B1Sed10-29;c__B1Sed10-29;o__WALL01;f__WALL01;g__WALL01;s__WALL01 sp023129115
GCF_000485555_1	GCF_000485555.1	gtdb_dl/ncbi_dataset/data/GCF_000485555.1/GCF_000485555.1_ASM48555v1_genomic.fna	backbone	p__Bacillota_I	d__Bacteria;p__Bacillota_I;c__Bacilli_A;o__Mycoplasmatales;f__Metamycoplasmataceae;g__Metamycoplasma;s__Metamycoplasma salivarium
GCA_030590165_1	GCA_030590165.1	gtdb_dl/ncbi_dataset/data/GCA_030590165.1/GCA_030590165.1_ASM3059016v1_genomic.fna	backbone	p__SpSt-1190	d__Archaea;p__SpSt-1190;c__SpSt-1190;o__SpSt-1190;f__SpSt-1190;g__JAUUZA01;s__JAUUZA01 sp030590165
GCA_040755795_1	GCA_040755795.1	gtdb_dl/ncbi_dataset/data/GCA_040755795.1/GCA_040755795.1_ASM4075579v1_genomic.fna	backbone	p__UBA9089	d__Bacteria;p__UBA9089;c__CG2-30-40-21;o__CG2-30-40-21;f__SBAY01;g__JBFLXS01;s__JBFLXS01 sp040755795
GCA_002428525_1	GCA_002428525.1	gtdb_dl/ncbi_dataset/data/GCA_002428525.1/GCA_002428525.1_ASM242852v1_genomic.fna	backbone	p__UBP14	d__Bacteria;p__UBP14;c__UBA6098;o__UBA6098;f__UBA6098;g__UBA6098;s__UBA6098 sp002428525
GCA_937132175_1	GCA_937132175.1	gtdb_dl/ncbi_dataset/data/GCA_937132175.1/GCA_937132175.1_ERR2683643_bin.0_CONCOCT_v1.1_MAG_genomic.fna	backbone	p__Nanohalarchaeota	d__Archaea;p__Nanohalarchaeota;c__Nanosalinia;o__Nanosalinales;f__Nanosalinaceae;g__Nanosalina;s__Nanosalina sp937132175
GCA_011375275_1	GCA_011375275.1	gtdb_dl/ncbi_dataset/data/GCA_011375275.1/GCA_011375275.1_ASM1137527v1_genomic.fna	backbone	p__Zhuqueibacterota	d__Bacteria;p__Zhuqueibacterota;c__Zhuqueibacteria;o__Zhuqueibacterales;f__Geothermadaptataceae;g__Geothermadaptatus;s__Geothermadaptatus sp011375275
GCA_021783475_1	GCA_021783475.1	gtdb_dl/ncbi_dataset/data/GCA_021783475.1/GCA_021783475.1_ASM2178347v1_genomic.fna	backbone	p__Thermodesulfobiota	d__Bacteria;p__Thermodesulfobiota;c__Thermodesulfobiia;o__Thermodesulfobiales;f__Thermodesulfobiaceae;g__Thermodesulfobium;s__Thermodesulfobium sp021783475
GCA_041623475_1	GCA_041623475.1	gtdb_dl/ncbi_dataset/data/GCA_041623475.1/GCA_041623475.1_ASM4162347v1_genomic.fna	backbone	p__J088	d__Bacteria;p__J088;c__J088;o__J088;f__J088;g__JBFJWU01;s__JBFJWU01 sp041623475
GCA_041486365_1	GCA_041486365.1	gtdb_dl/ncbi_dataset/data/GCA_041486365.1/GCA_041486365.1_ASM4148636v1_genomic.fna	backbone	p__JAUYMQ01	d__Bacteria;p__JAUYMQ01;c__JAUYMQ01;o__JAUYMQ01;f__JAUYMQ01;g__JBGPLH01;s__JBGPLH01 sp041486365
GCA_018896935_1	GCA_018896935.1	gtdb_dl/ncbi_dataset/data/GCA_018896935.1/GCA_018896935.1_ASM1889693v1_genomic.fna	backbone	p__UBP18	d__Bacteria;p__UBP18;c__UBA7526;o__UBA7526;f__UBA7526;g__DRGV01;s__DRGV01 sp018903055
GCA_041306075_1	GCA_041306075.1	gtdb_dl/ncbi_dataset/data/GCA_041306075.1/GCA_041306075.1_ASM4130607v1_genomic.fna	backbone	p__Altiarchaeota	d__Archaea;p__Altiarchaeota;c__Altiarchaeia;o__IMC4;f__SCGC-AAA252-I15;g__JAHIYG01;s__JAHIYG01 sp041306075
GCA_963768165_1	GCA_963768165.1	gtdb_dl/ncbi_dataset/data/GCA_963768165.1/GCA_963768165.1_MFD01231.bin.1.77_genomic.fna	backbone	p__UBP4	d__Bacteria;p__UBP4;c__UBA4092;o__UBA4092;f__UBA4092;g__CAVYHJ01;s__CAVYHJ01 sp963768165
GCA_016176845_1	GCA_016176845.1	gtdb_dl/ncbi_dataset/data/GCA_016176845.1/GCA_016176845.1_ASM1617684v1_genomic.fna	backbone	p__2-12-FULL-45-22	d__Bacteria;p__2-12-FULL-45-22;c__2-12-FULL-45-22;o__2-12-FULL-45-22;f__JACOWJ01;g__JACOWJ01;s__JACOWJ01 sp016176845
GCA_036480675_1	GCA_036480675.1	gtdb_dl/ncbi_dataset/data/GCA_036480675.1/GCA_036480675.1_ASM3648067v1_genomic.fna	backbone	p__RBG-13-66-14	d__Bacteria;p__RBG-13-66-14;c__B26-G2;o__WVWN01;f__WVWN01;g__WVWN01;s__WVWN01 sp036480675
GCA_002452335_1	GCA_002452335.1	gtdb_dl/ncbi_dataset/data/GCA_002452335.1/GCA_002452335.1_ASM245233v1_genomic.fna	backbone	p__Chrysiogenota	d__Bacteria;p__Chrysiogenota;c__Deferribacteres;o__Deferribacterales;f__Geovibrionaceae;g__Seleniivibrio;s__Seleniivibrio sp002452335
GCA_964431655_1	GCA_964431655.1	gtdb_dl/ncbi_dataset/data/GCA_964431655.1/GCA_964431655.1_SRP241341_co1_270_genomic.fna	backbone	p__CAYMEV01	d__Bacteria;p__CAYMEV01;c__CAYMEV01;o__CAYMEV01;f__CAYMEV01;g__CAYMEV01;s__CAYMEV01 sp964431655
GCA_964600515_1	GCA_964600515.1	gtdb_dl/ncbi_dataset/data/GCA_964600515.1/GCA_964600515.1_binchicken_co21_456_genomic.fna	backbone	p__Bdellovibrionota_F	d__Bacteria;p__Bdellovibrionota_F;c__JAHFAK01;o__JAHFAK01;f__JAHFAK01;g__JAHFAK01;s__JAHFAK01 sp964600515
GCA_002403115_1	GCA_002403115.1	gtdb_dl/ncbi_dataset/data/GCA_002403115.1/GCA_002403115.1_ASM240311v1_genomic.fna	backbone	p__Edwardsbacteria	d__Bacteria;p__Edwardsbacteria;c__AC1;o__AC1;f__EtOH8;g__UBA8901;s__UBA8901 sp002403115
GCA_905236315_1	GCA_905236315.1	gtdb_dl/ncbi_dataset/data/GCA_905236315.1/GCA_905236315.1_RUG30335_genomic.fna	backbone	p__Spirochaetota	d__Bacteria;p__Spirochaetota;c__Spirochaetia;o__Treponematales;f__Treponemataceae;g__Treponema_D;s__Treponema_D sp905236315
GCA_964534765_1	GCA_964534765.1	gtdb_dl/ncbi_dataset/data/GCA_964534765.1/GCA_964534765.1_binchicken_co21_210_genomic.fna	backbone	p__Lindowbacteria	d__Bacteria;p__Lindowbacteria;c__2-12-FULL-62-27;o__2-12-FULL-62-27;f__2-12-FULL-62-27;g__CAZHRJ01;s__CAZHRJ01 sp964534765
GCA_013151235_1	GCA_013151235.1	gtdb_dl/ncbi_dataset/data/GCA_013151235.1/GCA_013151235.1_ASM1315123v1_genomic.fna	backbone	p__CG2-30-53-67	d__Bacteria;p__CG2-30-53-67;c__CG2-30-53-67;o__CG2-30-53-67;f__CG2-30-53-67;g__JAADIO01;s__JAADIO01 sp013151235
GCA_030619955_1	GCA_030619955.1	gtdb_dl/ncbi_dataset/data/GCA_030619955.1/GCA_030619955.1_ASM3061995v1_genomic.fna	backbone	p__Nanobdellota	d__Archaea;p__Nanobdellota;c__Nanobdellia;o__Pacearchaeales;f__UBA284;g__JAUXAK01;s__JAUXAK01 sp030619955
GCA_022601475_1	GCA_022601475.1	gtdb_dl/ncbi_dataset/data/GCA_022601475.1/GCA_022601475.1_ASM2260147v1_genomic.fna	backbone	p__Chlamydiota	d__Bacteria;p__Chlamydiota;c__Chlamydiia;o__Chlamydiales;f__JAAKFR01;g__JAJACO01;s__JAJACO01 sp022601475
GCA_900321865_1	GCA_900321865.1	gtdb_dl/ncbi_dataset/data/GCA_900321865.1/GCA_900321865.1_Rumen_uncultured_genome_RUG730_genomic.fna	backbone	p__RUG730	d__Bacteria;p__RUG730;c__RUG730;o__RUG730;f__RUG730;g__RUG730;s__RUG730 sp900321865
GCA_964422215_1	GCA_964422215.1	gtdb_dl/ncbi_dataset/data/GCA_964422215.1/GCA_964422215.1_binchicken_co6_534_genomic.fna	backbone	p__Aerophobota	d__Bacteria;p__Aerophobota;c__Aerophobia;o__Aerophobales;f__B3-G15;g__CAYRAK01;s__CAYRAK01 sp964422215
GCA_030595925_1	GCA_030595925.1	gtdb_dl/ncbi_dataset/data/GCA_030595925.1/GCA_030595925.1_ASM3059592v1_genomic.fna	backbone	p__CBDUZB01	d__Bacteria;p__CBDUZB01;c__JAGLHV01;o__JAGLHV01;f__JAGLHV01;g__JAGLHV01;s__JAGLHV01 sp030595925
GCA_026702745_1	GCA_026702745.1	gtdb_dl/ncbi_dataset/data/GCA_026702745.1/GCA_026702745.1_ASM2670274v1_genomic.fna	backbone	p__JAAXHH01	d__Bacteria;p__JAAXHH01;c__JAAXHH01;o__JAAXHH01;f__JAAXHH01;g__JAAXHH01;s__JAAXHH01 sp026702745
GCA_021806125_1	GCA_021806125.1	gtdb_dl/ncbi_dataset/data/GCA_021806125.1/GCA_021806125.1_ASM2180612v1_genomic.fna	backbone	p__SZUA-79	d__Bacteria;p__SZUA-79;c__SZUA-79;o__Acidulodesulfobacterales;f__Acidulodesulfobacteraceae;g__Acidulodesulfobacterium_A;s__Acidulodesulfobacterium_A sp021806125
GCF_012027645_1	GCF_012027645.1	gtdb_dl/ncbi_dataset/data/GCF_012027645.1/GCF_012027645.1_ASM1202764v1_genomic.fna	backbone	p__Methanobacteriota_B	d__Archaea;p__Methanobacteriota_B;c__Thermococci;o__Thermococcales;f__Thermococcaceae;g__Thermococcus;s__Thermococcus sp012027645
GCA_016190245_1	GCA_016190245.1	gtdb_dl/ncbi_dataset/data/GCA_016190245.1/GCA_016190245.1_ASM1619024v1_genomic.fna	backbone	p__JACPQY01	d__Bacteria;p__JACPQY01;c__JACPQY01;o__JACPQY01;f__JACPQY01;g__JACPQY01;s__JACPQY01 sp016190245
GCF_003664005_1	GCF_003664005.1	gtdb_dl/ncbi_dataset/data/GCF_003664005.1/GCF_003664005.1_ASM366400v1_genomic.fna	backbone	p__Aquificota	d__Bacteria;p__Aquificota;c__Aquificia;o__Aquificales;f__Aquificaceae;g__Hydrogenivirga;s__Hydrogenivirga caldilitoris
GCA_030619245_1	GCA_030619245.1	gtdb_dl/ncbi_dataset/data/GCA_030619245.1/GCA_030619245.1_ASM3061924v1_genomic.fna	backbone	p__UBA6262	d__Bacteria;p__UBA6262;c__WVXT01;o__WVXT01;f__JAUXBS01;g__JAUXBS01;s__JAUXBS01 sp030619245
GCA_050123455_1	GCA_050123455.1	gtdb_dl/ncbi_dataset/data/GCA_050123455.1/GCA_050123455.1_ASM5012345v1_genomic.fna	backbone	p__Arandabacterota	d__Bacteria;p__Arandabacterota;c__Arandabacteria;o__Arandabacterales;f__JALGWA01;g__JALGWA01;s__JALGWA01 sp050125095
GCA_030429345_1	GCA_030429345.1	gtdb_dl/ncbi_dataset/data/GCA_030429345.1/GCA_030429345.1_ASM3042934v1_genomic.fna	backbone	p__CAIWAD01	d__Bacteria;p__CAIWAD01;c__CAIWAD01;o__CAIWAD01;f__CAIWAD01;g__JAUIFJ01;s__JAUIFJ01 sp030429345
GCA_902606065_1	GCA_902606065.1	gtdb_dl/ncbi_dataset/data/GCA_902606065.1/GCA_902606065.1_AG-461-M06_genomic.fna	backbone	p__Pseudomonadota	d__Bacteria;p__Pseudomonadota;c__Alphaproteobacteria;o__Pelagibacterales;f__Pelagibacteraceae;g__Pelagibacter;s__Pelagibacter sp902606065
GCA_965603295_1	GCA_965603295.1	gtdb_dl/ncbi_dataset/data/GCA_965603295.1/GCA_965603295.1_SRR26215679_binner23_Refined_72_genomic.fna	backbone	p__BMS3Abin14	d__Bacteria;p__BMS3Abin14;c__BMS3Abin14;o__BMS3Abin14;f__BMS3Abin14;g__JAFGWO01;s__JAFGWO01 sp965603295
GCA_903883855_1	GCA_903883855.1	gtdb_dl/ncbi_dataset/data/GCA_903883855.1/GCA_903883855.1_freshwater_MAG_---_Umea1p3_bin-531_genomic.fna	backbone	p__Bdellovibrionota_B	d__Bacteria;p__Bdellovibrionota_B;c__Oligoflexia;o__Oligoflexales;f__CAIYRB01;g__CAIYRB01;s__CAIYRB01 sp903928445
GCA_011048995_1	GCA_011048995.1	gtdb_dl/ncbi_dataset/data/GCA_011048995.1/GCA_011048995.1_ASM1104899v1_genomic.fna	backbone	p__Macinerneyibacteriota	d__Bacteria;p__Macinerneyibacteriota;c__Macinerneyibacteria;o__Macinerneyibacteriales;f__DSCS01;g__DSCS01;s__DSCS01 sp011048995
GCA_964626665_1	GCA_964626665.1	gtdb_dl/ncbi_dataset/data/GCA_964626665.1/GCA_964626665.1_binchicken_co211_282_genomic.fna	backbone	p__SM23-81	d__Bacteria;p__SM23-81;c__DAOVCL01;o__DAOVCL01;f__DAOVCL01;g__DAOVCL01;s__DAOVCL01 sp964626665
GCA_030041545_1	GCA_030041545.1	gtdb_dl/ncbi_dataset/data/GCA_030041545.1/GCA_030041545.1_ASM3004154v1_genomic.fna	backbone	p__Oederibacteriota	d__Bacteria;p__Oederibacteriota;c__Muellerivitia;o__Muellerivitales;f__Muellerivitaceae;g__JAJPJW01;s__JAJPJW01 sp030041545
GCA_000739515_1	GCA_000739515.1	gtdb_dl/ncbi_dataset/data/GCA_000739515.1/GCA_000739515.1_ASM73951v1_genomic.fna	backbone	p__Moduliflexota	d__Bacteria;p__Moduliflexota;c__Moduliflexia;o__Moduliflexales;f__Moduliflexaceae;g__Moduliflexus;s__Moduliflexus flocculans
GCA_030666935_1	GCA_030666935.1	gtdb_dl/ncbi_dataset/data/GCA_030666935.1/GCA_030666935.1_ASM3066693v1_genomic.fna	backbone	p__Atribacterota	d__Bacteria;p__Atribacterota;c__Phoenicimicrobiia;o__Phoenicimicrobiales;f__Phoenicimicrobiaceae;g__Sediminicultor;s__Sediminicultor sp030666935
GCA_031406795_1	GCA_031406795.1	gtdb_dl/ncbi_dataset/data/GCA_031406795.1/GCA_031406795.1_ASM3140679v1_genomic.fna	backbone	p__JAUVQV01	d__Bacteria;p__JAUVQV01;c__JAUVQV01;o__JAUVQV01;f__DATDCY01;g__DATDCY01;s__DATDCY01 sp031406795
GCA_043805675_1	GCA_043805675.1	gtdb_dl/ncbi_dataset/data/GCA_043805675.1/GCA_043805675.1_ASM4380567v1_genomic.fna	backbone	p__EX4484-52	d__Archaea;p__EX4484-52;c__EX4484-52;o__EX4484-52;f__B79-G9;g__B79-G9;s__B79-G9 sp043813875
GCA_964343345_1	GCA_964343345.1	gtdb_dl/ncbi_dataset/data/GCA_964343345.1/GCA_964343345.1_ERP001736_co2_67_genomic.fna	backbone	p__UBP7	d__Bacteria;p__UBP7;c__UBA6624;o__UBA6624;f__UBA6624;g__UBA6624;s__UBA6624 sp964343345
GCA_964506785_1	GCA_964506785.1	gtdb_dl/ncbi_dataset/data/GCA_964506785.1/GCA_964506785.1_binchicken_co334_202_genomic.fna	backbone	p__CAZDME01	d__Bacteria;p__CAZDME01;c__JAYEMH01;o__JAYEMH01;f__JAYEMH01;g__CAZDME01;s__CAZDME01 sp964506785
GCA_052390515_1	GCA_052390515.1	gtdb_dl/ncbi_dataset/data/GCA_052390515.1/GCA_052390515.1_ASM5239051v1_genomic.fna	backbone	p__ARS69	d__Bacteria;p__ARS69;c__ARS69;o__ARS69;f__ARS69;g__JBQTGV01;s__JBQTGV01 sp052390515
GCA_001871015_1	GCA_001871015.1	gtdb_dl/ncbi_dataset/data/GCA_001871015.1/GCA_001871015.1_ASM187101v1_genomic.fna	backbone	p__Desantisbacteria	d__Bacteria;p__Desantisbacteria;c__UBA1551;o__UBA1551;f__UBA1559;g__UBA1559;s__UBA1559 sp001871015
GCA_039683515_1	GCA_039683515.1	gtdb_dl/ncbi_dataset/data/GCA_039683515.1/GCA_039683515.1_ASM3968351v1_genomic.fna	backbone	p__Sumerlaeota	d__Bacteria;p__Sumerlaeota;c__Sumerlaeia;o__MVZB01;f__MVZB01;g__JAJFUE01;s__JAJFUE01 sp039683515
GCA_964421645_1	GCA_964421645.1	gtdb_dl/ncbi_dataset/data/GCA_964421645.1/GCA_964421645.1_SRP098346_co1_419_genomic.fna	backbone	p__Ratteibacteria	d__Bacteria;p__Ratteibacteria;c__UBA8468;o__B48-G9;f__JAFGKM01;g__JAFGKM01;s__JAFGKM01 sp964421645
GCA_030652805_1	GCA_030652805.1	gtdb_dl/ncbi_dataset/data/GCA_030652805.1/GCA_030652805.1_ASM3065280v1_genomic.fna	backbone	p__JAHJDO01	d__Bacteria;p__JAHJDO01;c__JAHJDO01;o__JAHJDO01;f__JAHJDO01;g__JAHJDO01;s__JAHJDO01 sp030652805
GCA_964597845_1	GCA_964597845.1	gtdb_dl/ncbi_dataset/data/GCA_964597845.1/GCA_964597845.1_SRP178699_co1_414_genomic.fna	backbone	p__Hydrothermota	d__Bacteria;p__Hydrothermota;c__Tepidihabitantia;o__Tepidihabitantales;f__Tepidihabitantaceae;g__UBA2258;s__UBA2258 sp964597845
GCA_049968275_1	GCA_049968275.1	gtdb_dl/ncbi_dataset/data/GCA_049968275.1/GCA_049968275.1_ASM4996827v1_genomic.fna	backbone	p__DRYD01	d__Bacteria;p__DRYD01;c__DRYD01;o__DRYD01;f__DRYD01;g__CAKZQG01;s__CAKZQG01 sp049969455
GCF_042408735_1	GCF_042408735.1	gtdb_dl/ncbi_dataset/data/GCF_042408735.1/GCF_042408735.1_ASM4240873v1_genomic.fna	backbone	p__Chloroflexota	d__Bacteria;p__Chloroflexota;c__Ktedonobacteria;o__Ktedonobacterales;f__Ktedonobacteraceae;g__Thermogemmatispora;s__Thermogemmatispora sp042408735
GCA_029259175_1	GCA_029259175.1	gtdb_dl/ncbi_dataset/data/GCA_029259175.1/GCA_029259175.1_ASM2925917v1_genomic.fna	backbone	p__Hadarchaeota	d__Archaea;p__Hadarchaeota;c__Hadarchaeia;o__Hadarchaeales;f__Hadarchaeaceae;g__JAVZGN01;s__JAVZGN01 sp029259175
GCA_014728125_1	GCA_014728125.1	gtdb_dl/ncbi_dataset/data/GCA_014728125.1/GCA_014728125.1_ASM1472812v1_genomic.fna	backbone	p__Joyebacterota	d__Bacteria;p__Joyebacterota;c__Joyebacteria;o__Joyebacterales;f__Joyebacteraceae;g__WJMD01;s__WJMD01 sp014728125
GCA_001180325_1	GCA_001180325.1	gtdb_dl/ncbi_dataset/data/GCA_001180325.1/GCA_001180325.1_CLC_assembled_contigs_genomic.fna	backbone	p__Cyanobacteriota	d__Bacteria;p__Cyanobacteriota;c__Cyanobacteriia;o__PCC-6307;f__Cyanobiaceae;g__Prochlorococcus_A;s__Prochlorococcus_A marinus_R
GCA_965371155_1	GCA_965371155.1	gtdb_dl/ncbi_dataset/data/GCA_965371155.1/GCA_965371155.1_SRR22302370_binner13_Refined_2_genomic.fna	backbone	p__JAJVIF01	d__Bacteria;p__JAJVIF01;c__JAJVIF01;o__JAPKYR01;f__JAPKYR01;g__CBDUXL01;s__CBDUXL01 sp965371155
GCA_042570605_1	GCA_042570605.1	gtdb_dl/ncbi_dataset/data/GCA_042570605.1/GCA_042570605.1_ASM4257060v1_genomic.fna	backbone	p__SM23-31	d__Bacteria;p__SM23-31;c__SM23-31;o__JBHPGK01;f__JBHPGK01;g__JBHPGK01;s__JBHPGK01 sp042570605
GCA_964427915_1	GCA_964427915.1	gtdb_dl/ncbi_dataset/data/GCA_964427915.1/GCA_964427915.1_SRP067234_co1_319_genomic.fna	backbone	p__Caldisericota	d__Bacteria;p__Caldisericota;c__Caldisericia;o__UBA6126;f__UBA6126;g__JAGLCW01;s__JAGLCW01 sp964427915
GCA_003647755_1	GCA_003647755.1	gtdb_dl/ncbi_dataset/data/GCA_003647755.1/GCA_003647755.1_ASM364775v1_genomic.fna	backbone	p__B130-G9	d__Bacteria;p__B130-G9;c__B130-G9;o__B130-G9;f__B130-G9;g__B130-G9;s__B130-G9 sp003647755
GCA_964593115_1	GCA_964593115.1	gtdb_dl/ncbi_dataset/data/GCA_964593115.1/GCA_964593115.1_SRP163575_co1_413_genomic.fna	backbone	p__Thermosulfidibacterota	d__Bacteria;p__Thermosulfidibacterota;c__Thermosulfidibacteria;o__Thermosulfidibacterales;f__JALWSI01;g__JALWSI01;s__JALWSI01 sp964593115
GCA_964654595_1	GCA_964654595.1	gtdb_dl/ncbi_dataset/data/GCA_964654595.1/GCA_964654595.1_binchicken_co25_133_genomic.fna	backbone	p__Halobacteriota	d__Archaea;p__Halobacteriota;c__Archaeoglobi;o__Archaeoglobales;f__Archaeoglobaceae;g__Archaeoglobus;s__Archaeoglobus sp964654595
GCA_963773125_1	GCA_963773125.1	gtdb_dl/ncbi_dataset/data/GCA_963773125.1/GCA_963773125.1_MFD02360.bin.2.207_genomic.fna	backbone	p__Tectomicrobia	d__Bacteria;p__Tectomicrobia;c__Entotheonellia;o__Entotheonellales;f__Entotheonellaceae;g__CAVZBC01;s__CAVZBC01 sp963773125
GCA_964393905_1	GCA_964393905.1	gtdb_dl/ncbi_dataset/data/GCA_964393905.1/GCA_964393905.1_SRP173033_co1_12_genomic.fna	backbone	p__Bdellovibrionota_C	d__Bacteria;p__Bdellovibrionota_C;c__UBA2361;o__SZUA-149;f__CAYMWO01;g__CAYMWO01;s__CAYMWO01 sp964393905
GCA_965613365_1	GCA_965613365.1	gtdb_dl/ncbi_dataset/data/GCA_965613365.1/GCA_965613365.1_SRR6823440_concoct_69_genomic.fna	backbone	p__Hydrothermarchaeota	d__Archaea;p__Hydrothermarchaeota;c__Hydrothermarchaeia;o__Hydrothermarchaeales;f__CAZSVW01;g__CBFDVL01;s__CBFDVL01 sp965613365
GCA_964415445_1	GCA_964415445.1	gtdb_dl/ncbi_dataset/data/GCA_964415445.1/GCA_964415445.1_SRP141376_co1_232_genomic.fna	backbone	p__CAYQAE01	d__Archaea;p__CAYQAE01;c__CAYQAE01;o__CAYQAE01;f__CAYQAE01;g__CAYQAE01;s__CAYQAE01 sp964415445
GCA_965372795_1	GCA_965372795.1	gtdb_dl/ncbi_dataset/data/GCA_965372795.1/GCA_965372795.1_SRR21487745_metabat2_10_genomic.fna	backbone	p__Zixibacteria	d__Bacteria;p__Zixibacteria;c__MSB-5A5;o__GN15;f__FEB-12;g__QNAD01;s__QNAD01 sp965372795
GCF_001263175_1	GCF_001263175.1	gtdb_dl/ncbi_dataset/data/GCF_001263175.1/GCF_001263175.1_ASM126317v1_genomic.fna	backbone	p__Myxococcota	d__Bacteria;p__Myxococcota;c__Myxococcia;o__Myxococcales;f__Vulgatibacteraceae;g__Vulgatibacter;s__Vulgatibacter incomptus
GCA_964452105_1	GCA_964452105.1	gtdb_dl/ncbi_dataset/data/GCA_964452105.1/GCA_964452105.1_binchicken_co172_105_genomic.fna	backbone	p__JAUXIQ01	d__Bacteria;p__JAUXIQ01;c__JAUXIQ01;o__JAUXIQ01;f__JAUXIQ01;g__CAYVLI01;s__CAYVLI01 sp964452105
GCA_020850775_1	GCA_020850775.1	gtdb_dl/ncbi_dataset/data/GCA_020850775.1/GCA_020850775.1_ASM2085077v1_genomic.fna	backbone	p__CLD3	d__Bacteria;p__CLD3;c__CLD3;o__CLD3;f__CLD3;g__JADZEA01;s__JADZEA01 sp020850775
GCA_965213625_1	GCA_965213625.1	gtdb_dl/ncbi_dataset/data/GCA_965213625.1/GCA_965213625.1_odSarFasc1.Bacteria_1.1_genomic.fna	backbone	p__UBA8248	d__Bacteria;p__UBA8248;c__UBA8248;o__UBA8248;f__UBA8248;g__Bin107;s__Bin107 sp965213625
GCA_964565945_1	GCA_964565945.1	gtdb_dl/ncbi_dataset/data/GCA_964565945.1/GCA_964565945.1_binchicken_co143_2_genomic.fna	backbone	p__GCA-001730085	d__Bacteria;p__GCA-001730085;c__GCA-001730085;o__GCA-001730085;f__GCA-001730085;g__CAZMGY01;s__CAZMGY01 sp964565945
GCA_026991065_1	GCA_026991065.1	gtdb_dl/ncbi_dataset/data/GCA_026991065.1/GCA_026991065.1_ASM2699106v1_genomic.fna	backbone	p__GCA-2686955	d__Bacteria;p__GCA-2686955;c__GCA-2686955;o__GCA-2686955;f__GCA-2686955;g__JALXCG01;s__JALXCG01 sp026991065
GCA_964411245_1	GCA_964411245.1	gtdb_dl/ncbi_dataset/data/GCA_964411245.1/GCA_964411245.1_binchicken_co61_41_genomic.fna	backbone	p__Nitrospinota	d__Bacteria;p__Nitrospinota;c__Nitrospinia;o__Nitrospinales;f__Nitrospinaceae;g__SZUA-226;s__SZUA-226 sp964411245
GCA_964414965_1	GCA_964414965.1	gtdb_dl/ncbi_dataset/data/GCA_964414965.1/GCA_964414965.1_SRP178699_co1_193_genomic.fna	backbone	p__Babelota	d__Bacteria;p__Babelota;c__Babeliae;o__Babelales;f__UBA12409;g__UBA12409;s__UBA12409 sp964414965
GCA_964510695_1	GCA_964510695.1	gtdb_dl/ncbi_dataset/data/GCA_964510695.1/GCA_964510695.1_binchicken_co207_53_genomic.fna	backbone	p__T1Sed10-126	d__Bacteria;p__T1Sed10-126;c__T1Sed10-126;o__T1Sed10-126;f__CAZEBV01;g__CAZEBV01;s__CAZEBV01 sp964510695
GCA_028685295_1	GCA_028685295.1	gtdb_dl/ncbi_dataset/data/GCA_028685295.1/GCA_028685295.1_ASM2868529v1_genomic.fna	backbone	p__UBP13	d__Bacteria;p__UBP13;c__UBA5359;o__UBA5359;f__UBA5359;g__UBA5359;s__UBA5359 sp028685295
GCA_016193065_1	GCA_016193065.1	gtdb_dl/ncbi_dataset/data/GCA_016193065.1/GCA_016193065.1_ASM1619306v1_genomic.fna	backbone	p__JACPSX01	d__Bacteria;p__JACPSX01;c__JACPSX01;o__JACPSX01;f__JACPSX01;g__JACPSX01;s__JACPSX01 sp016193065
GCA_964637655_1	GCA_964637655.1	gtdb_dl/ncbi_dataset/data/GCA_964637655.1/GCA_964637655.1_binchicken_co154_39_genomic.fna	backbone	p__DAOPZR01	d__Bacteria;p__DAOPZR01;c__DAOPZR01;o__DAOPZR01;f__DAOPZR01;g__CAZWUZ01;s__CAZWUZ01 sp964637655
GCA_024275775_1	GCA_024275775.1	gtdb_dl/ncbi_dataset/data/GCA_024275775.1/GCA_024275775.1_ASM2427577v1_genomic.fna	backbone	p__Nitrospinota_A	d__Bacteria;p__Nitrospinota_A;c__UBA7883;o__JACRGQ01;f__JACRGQ01;g__JAJRYM01;s__JAJRYM01 sp024275775
GCA_038999215_1	GCA_038999215.1	gtdb_dl/ncbi_dataset/data/GCA_038999215.1/GCA_038999215.1_ASM3899921v1_genomic.fna	backbone	p__Aenigmatarchaeota	d__Archaea;p__Aenigmatarchaeota;c__Aenigmatarchaeia;o__Aenigmatarchaeales;f__JACQIB01;g__JAWABM01;s__JAWABM01 sp038999215
GCA_937967935_1	GCA_937967935.1	gtdb_dl/ncbi_dataset/data/GCA_937967935.1/GCA_937967935.1_H1_Bin_METABAT_124_1_1_genomic.fna	backbone	p__Sysuimicrobiota	d__Bacteria;p__Sysuimicrobiota;c__Sysuimicrobiia;o__Sysuimicrobiales;f__Sysuimicrobiaceae;g__Tepidifontimicrobium;s__Tepidifontimicrobium sp938028835
GCA_903930515_1	GCA_903930515.1	gtdb_dl/ncbi_dataset/data/GCA_903930515.1/GCA_903930515.1_freshwater_MAG_---_AlinenSediments_bin-1115_genomic.fna	backbone	p__RBG-13-61-14	d__Bacteria;p__RBG-13-61-14;c__RBG-13-61-14;o__RBG-13-61-14;f__DRUE01;g__CAIYYW01;s__CAIYYW01 sp903930515
GCA_041483475_1	GCA_041483475.1	gtdb_dl/ncbi_dataset/data/GCA_041483475.1/GCA_041483475.1_ASM4148347v1_genomic.fna	backbone	p__Fibrobacterota	d__Bacteria;p__Fibrobacterota;c__Fibrobacteria;o__UBA11236;f__UBA11236;g__UBA11236;s__UBA11236 sp041483475
GCA_964637705_1	GCA_964637705.1	gtdb_dl/ncbi_dataset/data/GCA_964637705.1/GCA_964637705.1_binchicken_co22_231_genomic.fna	backbone	p__UBA8481	d__Bacteria;p__UBA8481;c__UBA8481;o__UBA8481;f__UBA8481;g__CAZWVM01;s__CAZWVM01 sp964637705
GCA_945787325_1	GCA_945787325.1	gtdb_dl/ncbi_dataset/data/GCA_945787325.1/GCA_945787325.1_FO.M.Desulfobacterota.09_genomic.fna	backbone	p__Desulfobacterota	d__Bacteria;p__Desulfobacterota;c__Desulfobulbia;o__Desulfobulbales;f__BM004;g__CALZHP01;s__CALZHP01 sp945787325
GCA_027491785_1	GCA_027491785.1	gtdb_dl/ncbi_dataset/data/GCA_027491785.1/GCA_027491785.1_ASM2749178v1_genomic.fna	backbone	p__Korarchaeota	d__Archaea;p__Korarchaeota;c__Korarchaeia;o__Korarchaeales;f__Korarchaeaceae;g__Korarchaeum;s__Korarchaeum sp027491785
GCA_964643155_1	GCA_964643155.1	gtdb_dl/ncbi_dataset/data/GCA_964643155.1/GCA_964643155.1_binchicken_co355_82_genomic.fna	backbone	p__4484-113	d__Bacteria;p__4484-113;c__4484-113;o__4484-113;f__4484-113;g__CAZKNJ01;s__CAZKNJ01 sp964643155
GCA_003558985_1	GCA_003558985.1	gtdb_dl/ncbi_dataset/data/GCA_003558985.1/GCA_003558985.1_ASM355898v1_genomic.fna	backbone	p__CSSED10-310	d__Bacteria;p__CSSED10-310;c__CSSED10-310;o__CSSED10-310;f__CSSED10-310;g__CSSED10-310;s__CSSED10-310 sp003558985
GCA_964347835_1	GCA_964347835.1	gtdb_dl/ncbi_dataset/data/GCA_964347835.1/GCA_964347835.1_ERP108616_co1_421_genomic.fna	backbone	p__CAYFZR01	d__Archaea;p__CAYFZR01;c__CAYFZR01;o__CAYFZR01;f__CAYFZR01;g__CAYFZR01;s__CAYFZR01 sp964347835
GCA_027717595_1	GCA_027717595.1	gtdb_dl/ncbi_dataset/data/GCA_027717595.1/GCA_027717595.1_ASM2771759v1_genomic.fna	backbone	p__JADFOP01	d__Bacteria;p__JADFOP01;c__JADFOP01;o__JADFOP01;f__JADFOP01;g__JADFOP01;s__JADFOP01 sp027717595
GCA_964404765_1	GCA_964404765.1	gtdb_dl/ncbi_dataset/data/GCA_964404765.1/GCA_964404765.1_binchicken_co186_292_genomic.fna	backbone	p__4572-55	d__Bacteria;p__4572-55;c__4572-55;o__4572-55;f__4572-55;g__CAYOLL01;s__CAYOLL01 sp964404765
GCF_002797325_1	GCF_002797325.1	gtdb_dl/ncbi_dataset/data/GCF_002797325.1/GCF_002797325.1_ASM279732v1_genomic.fna	backbone	p__Bacillota	d__Bacteria;p__Bacillota;c__Bacilli;o__Bacillales;f__Bacillaceae_D;g__Alkalihalophilus;s__Alkalihalophilus sp002797325
GCA_035380865_1	GCA_035380865.1	gtdb_dl/ncbi_dataset/data/GCA_035380865.1/GCA_035380865.1_ASM3538086v1_genomic.fna	backbone	p__UBP15	d__Bacteria;p__UBP15;c__UBA6099;o__UBA6099;f__UBA6099;g__DAOSYA01;s__DAOSYA01 sp035380865
GCA_025060205_1	GCA_025060205.1	gtdb_dl/ncbi_dataset/data/GCA_025060205.1/GCA_025060205.1_ASM2506020v1_genomic.fna	backbone	p__Armatimonadota	d__Bacteria;p__Armatimonadota;c__Fervidibacteria;o__Fervidibacterales;f__Fervidibacteraceae;g__Fervidibacter;s__Fervidibacter sp025060205
GCA_027004335_1	GCA_027004335.1	gtdb_dl/ncbi_dataset/data/GCA_027004335.1/GCA_027004335.1_ASM2700433v1_genomic.fna	backbone	p__JALSQH01	d__Bacteria;p__JALSQH01;c__JALSQH01;o__JALSQH01;f__JALSQH01;g__JALTID01;s__JALTID01 sp027004335
GCA_964593895_1	GCA_964593895.1	gtdb_dl/ncbi_dataset/data/GCA_964593895.1/GCA_964593895.1_SRP163575_co3_283_genomic.fna	backbone	p__DYJV01	d__Bacteria;p__DYJV01;c__DYJV01;o__DYJV01;f__JALVYZ01;g__CAZQKL01;s__CAZQKL01 sp964593895
GCA_021163225_1	GCA_021163225.1	gtdb_dl/ncbi_dataset/data/GCA_021163225.1/GCA_021163225.1_ASM2116322v1_genomic.fna	backbone	p__Micrarchaeota	d__Archaea;p__Micrarchaeota;c__Micrarchaeia;o__Anstonellales;f__JAGGXE01;g__JAGGXE01;s__JAGGXE01 sp021163225
GCA_030673425_1	GCA_030673425.1	gtdb_dl/ncbi_dataset/data/GCA_030673425.1/GCA_030673425.1_ASM3067342v1_genomic.fna	backbone	p__CAYTYR01	d__Bacteria;p__CAYTYR01;c__UBA6262;o__DAOVJB01;f__DAOVJB01;g__DAOVJB01;s__DAOVJB01 sp030673425
GCA_046760705_1	GCA_046760705.1	gtdb_dl/ncbi_dataset/data/GCA_046760705.1/GCA_046760705.1_ASM4676070v1_genomic.fna	backbone	p__JBHIER01	d__Bacteria;p__JBHIER01;c__G020348925;o__G020348925;f__G020348925;g__JBHIER01;s__JBHIER01 sp046760705
GCA_016234365_1	GCA_016234365.1	gtdb_dl/ncbi_dataset/data/GCA_016234365.1/GCA_016234365.1_ASM1623436v1_genomic.fna	backbone	p__Elusimicrobiota	d__Bacteria;p__Elusimicrobiota;c__Elusimicrobia;o__Elusimicrobiales;f__UBA9959;g__UBA9959;s__UBA9959 sp016234365
GCA_035489015_1	GCA_035489015.1	gtdb_dl/ncbi_dataset/data/GCA_035489015.1/GCA_035489015.1_ASM3548901v1_genomic.fna	backbone	p__Myxococcota_A	d__Bacteria;p__Myxococcota_A;c__Polyangia;o__Haliangiales;f__Haliangiaceae;g__DATFRY01;s__DATFRY01 sp035489015
GCA_028715665_1	GCA_028715665.1	gtdb_dl/ncbi_dataset/data/GCA_028715665.1/GCA_028715665.1_ASM2871566v1_genomic.fna	backbone	p__CAIJMQ01	d__Bacteria;p__CAIJMQ01;c__CAIJMQ01;o__CAIJMQ01;f__CAIJMQ01;g__CAZNJA01;s__CAZNJA01 sp028715665
GCA_964493915_1	GCA_964493915.1	gtdb_dl/ncbi_dataset/data/GCA_964493915.1/GCA_964493915.1_SRP067234_co1_57_genomic.fna	backbone	p__Hydrogenedentota	d__Bacteria;p__Hydrogenedentota;c__Hydrogenedentia;o__Hydrogenedentales;f__SLHB01;g__CAZBQH01;s__CAZBQH01 sp964493915
GCA_046095205_1	GCA_046095205.1	gtdb_dl/ncbi_dataset/data/GCA_046095205.1/GCA_046095205.1_ASM4609520v1_genomic.fna	backbone	p__Verrucomicrobiota	d__Bacteria;p__Verrucomicrobiota;c__Verrucomicrobiia;o__Opitutales;f__UBA953;g__UBA953;s__UBA953 sp046095205
GCA_024278235_1	GCA_024278235.1	gtdb_dl/ncbi_dataset/data/GCA_024278235.1/GCA_024278235.1_ASM2427823v1_genomic.fna	backbone	p__Poribacteria	d__Bacteria;p__Poribacteria;c__WGA-4E;o__JAJRTO01;f__JAJRTO01;g__JAJRTO01;s__JAJRTO01 sp024278235
GCA_025453925_1	GCA_025453925.1	gtdb_dl/ncbi_dataset/data/GCA_025453925.1/GCA_025453925.1_ASM2545392v1_genomic.fna	backbone	p__JAFGKV01	d__Bacteria;p__JAFGKV01;c__JAFGKV01;o__JAFGKV01;f__JAFGKV01;g__JAFGKV01;s__JAFGKV01 sp025453925
GCA_964576115_1	GCA_964576115.1	gtdb_dl/ncbi_dataset/data/GCA_964576115.1/GCA_964576115.1_binchicken_co334_323_genomic.fna	backbone	p__Blakebacterota	d__Bacteria;p__Blakebacterota;c__Blakebacteria;o__Blakebacterales;f__Blakebacteraceae;g__CAYSYY01;s__CAYSYY01 sp964576115
GCA_040225955_1	GCA_040225955.1	gtdb_dl/ncbi_dataset/data/GCA_040225955.1/GCA_040225955.1_ASM4022595v1_genomic.fna	backbone	p__Asgardarchaeota	d__Archaea;p__Asgardarchaeota;c__Asgardarchaeia;o__Asgardarchaeales;f__Asgardarchaeaceae;g__Asgardarchaeum;s__Asgardarchaeum abyssi
GCA_030611765_1	GCA_030611765.1	gtdb_dl/ncbi_dataset/data/GCA_030611765.1/GCA_030611765.1_ASM3061176v1_genomic.fna	backbone	p__Cloacimonadota	d__Bacteria;p__Cloacimonadota;c__Cloacimonadia;o__JGIOTU-2;f__JGIOTU-2;g__Celaenobacter;s__Celaenobacter sp030611765
GCA_964632485_1	GCA_964632485.1	gtdb_dl/ncbi_dataset/data/GCA_964632485.1/GCA_964632485.1_binchicken_co113_61_genomic.fna	backbone	p__JAGOEH01	d__Bacteria;p__JAGOEH01;c__JAGOEH01;o__JAGOEH01;f__JAGOEH01;g__CAZWDO01;s__CAZWDO01 sp964632485
GCA_003695725_1	GCA_003695725.1	gtdb_dl/ncbi_dataset/data/GCA_003695725.1/GCA_003695725.1_ASM369572v1_genomic.fna	backbone	p__Schekmanbacteria	d__Bacteria;p__Schekmanbacteria;c__GWA2-38-11;o__GWA2-38-11;f__J061;g__J061;s__J061 sp003695725
GCA_035249825_1	GCA_035249825.1	gtdb_dl/ncbi_dataset/data/GCA_035249825.1/GCA_035249825.1_ASM3524982v1_genomic.fna	backbone	p__Gemmatimonadota	d__Bacteria;p__Gemmatimonadota;c__Gemmatimonadetes;o__Gemmatimonadales;f__GWC2-71-9;g__CAVVWJ01;s__CAVVWJ01 sp035249825
GCA_046484865_1	GCA_046484865.1	gtdb_dl/ncbi_dataset/data/GCA_046484865.1/GCA_046484865.1_ASM4648486v1_genomic.fna	backbone	p__Krumholzibacteriota	d__Bacteria;p__Krumholzibacteriota;c__Krumholzibacteriia;o__LZORAL124-64-63;f__LZORAL124-64-63;g__JAWOID01;s__JAWOID01 sp046484865
GCA_035542955_1	GCA_035542955.1	gtdb_dl/ncbi_dataset/data/GCA_035542955.1/GCA_035542955.1_ASM3554295v1_genomic.fna	backbone	p__Eisenbacteria	d__Bacteria;p__Eisenbacteria;c__RBG-16-71-46;o__RBG-16-71-46;f__RBG-16-71-46;g__JANXPZ01;s__JANXPZ01 sp035542955
GCA_014189675_1	GCA_014189675.1	gtdb_dl/ncbi_dataset/data/GCA_014189675.1/GCA_014189675.1_ASM1418967v1_genomic.fna	backbone	p__Undinarchaeota	d__Archaea;p__Undinarchaeota;c__Undinarchaeia;o__Undinarchaeales;f__Undinarchaeaceae;g__Undinarchaeum;s__Undinarchaeum sp014189675
GCA_026393905_1	GCA_026393905.1	gtdb_dl/ncbi_dataset/data/GCA_026393905.1/GCA_026393905.1_ASM2639390v1_genomic.fna	backbone	p__Acidobacteriota	d__Bacteria;p__Acidobacteriota;c__Aminicenantia;o__Aminicenantales;f__UBA4085;g__JAPKZH01;s__JAPKZH01 sp026393905
GCA_016934535_1	GCA_016934535.1	gtdb_dl/ncbi_dataset/data/GCA_016934535.1/GCA_016934535.1_ASM1693453v1_genomic.fna	backbone	p__SDB-A	d__Bacteria;p__SDB-A;c__SDB-A;o__SDB-A;f__SDB-A;g__JAFGIG01;s__JAFGIG01 sp016934535
GCA_030625085_1	GCA_030625085.1	gtdb_dl/ncbi_dataset/data/GCA_030625085.1/GCA_030625085.1_ASM3062508v1_genomic.fna	backbone	p__SZUA-182	d__Bacteria;p__SZUA-182;c__SZUA-182;o__DTGQ01;f__DTGQ01;g__DAOURK01;s__DAOURK01 sp030625085
GCA_000405805_1	GCA_000405805.1	gtdb_dl/ncbi_dataset/data/GCA_000405805.1/GCA_000405805.1_ASM40580v1_genomic.fna	backbone	p__Fidelibacterota	d__Bacteria;p__Fidelibacterota;c__Marinisomatia;o__SCGC-AAA003-L08;f__D37C17;g__SCGC-AAA003-L08;s__SCGC-AAA003-L08 sp000405805
GCA_015231535_1	GCA_015231535.1	gtdb_dl/ncbi_dataset/data/GCA_015231535.1/GCA_015231535.1_ASM1523153v1_genomic.fna	backbone	p__SAR324	d__Bacteria;p__SAR324;c__SAR324;o__SAR324;f__NAC60-12;g__JADFZZ01;s__JADFZZ01 sp015232315
GCA_965369835_1	GCA_965369835.1	gtdb_dl/ncbi_dataset/data/GCA_965369835.1/GCA_965369835.1_SRR22302358_metabat2_11_genomic.fna	backbone	p__Auribacterota	d__Bacteria;p__Auribacterota;c__JABMQX01;o__JAFGEW01;f__JAFGEW01;g__CBDUSE01;s__CBDUSE01 sp965369835
GCA_003598085_1	GCA_003598085.1	gtdb_dl/ncbi_dataset/data/GCA_003598085.1/GCA_003598085.1_ASM359808v1_genomic.fna	backbone	p__Abyssobacteria	d__Bacteria;p__Abyssobacteria;c__SURF-5;o__SURF-5;f__SURF-5;g__SURF-5;s__SURF-5 sp003598085
GCA_026415985_1	GCA_026415985.1	gtdb_dl/ncbi_dataset/data/GCA_026415985.1/GCA_026415985.1_ASM2641598v1_genomic.fna	backbone	p__CALINM01	d__Bacteria;p__CALINM01;c__CALINM01;o__CALINM01;f__CALINM01;g__JAOAGA01;s__JAOAGA01 sp026415985
GCA_944321895_1	GCA_944321895.1	gtdb_dl/ncbi_dataset/data/GCA_944321895.1/GCA_944321895.1_BRZ_RB_bin65_genomic.fna	backbone	p__Bacteroidota	d__Bacteria;p__Bacteroidota;c__Bacteroidia;o__Bacteroidales;f__Paludibacteraceae;g__CALUNA01;s__CALUNA01 sp944321895
GCA_964463175_1	GCA_964463175.1	gtdb_dl/ncbi_dataset/data/GCA_964463175.1/GCA_964463175.1_binchicken_co279_6_genomic.fna	backbone	p__Methylomirabilota	d__Bacteria;p__Methylomirabilota;c__Methylomirabilia;o__Rokubacteriales;f__DASRDR01;g__DASRDR01;s__DASRDR01 sp964463175
GCA_043818685_1	GCA_043818685.1	gtdb_dl/ncbi_dataset/data/GCA_043818685.1/GCA_043818685.1_ASM4381868v1_genomic.fna	backbone	p__Orphanbacterota	d__Bacteria;p__Orphanbacterota;c__Orphanbacteria;o__Orphanbacterales;f__Orphanbacteraceae;g__VGIW01;s__VGIW01 sp043818685
GCA_025774555_1	GCA_025774555.1	gtdb_dl/ncbi_dataset/data/GCA_025774555.1/GCA_025774555.1_ASM2577455v1_genomic.fna	backbone	p__Electryoneota	d__Bacteria;p__Electryoneota;c__B3-LCP;o__B3-LCP;f__B3-LCP;g__JALGVT01;s__JALGVT01 sp025774555
GCA_028709985_1	GCA_028709985.1	gtdb_dl/ncbi_dataset/data/GCA_028709985.1/GCA_028709985.1_ASM2870998v1_genomic.fna	backbone	p__Synergistota	d__Bacteria;p__Synergistota;c__Synergistia;o__Synergistales;f__Dethiosulfovibrionaceae;g__Dethiosulfovibrio;s__Dethiosulfovibrio sp028709985
GCA_964450125_1	GCA_964450125.1	gtdb_dl/ncbi_dataset/data/GCA_964450125.1/GCA_964450125.1_binchicken_co245_204_genomic.fna	backbone	p__JADJOY01	d__Bacteria;p__JADJOY01;c__JADJOY01;o__JADJOY01;f__JADJOY01;g__JADJOY01;s__JADJOY01 sp964450125
GCA_019912885_1	GCA_019912885.1	gtdb_dl/ncbi_dataset/data/GCA_019912885.1/GCA_019912885.1_ASM1991288v1_genomic.fna	backbone	p__Lernaellota	d__Bacteria;p__Lernaellota;c__Lernaellaia;o__JACKCT01;f__JACKCT01;g__JAIOHV01;s__JAIOHV01 sp019912885
GCA_021161405_1	GCA_021161405.1	gtdb_dl/ncbi_dataset/data/GCA_021161405.1/GCA_021161405.1_ASM2116140v1_genomic.fna	backbone	p__Iainarchaeota	d__Archaea;p__Iainarchaeota;c__Iainarchaeia;o__Iainarchaeales;f__JAGHAR01;g__JAGHAR01;s__JAGHAR01 sp021161405
GCA_011620345_1	GCA_011620345.1	gtdb_dl/ncbi_dataset/data/GCA_011620345.1/GCA_011620345.1_ASM1162034v1_genomic.fna	backbone	p__UBA2233	d__Bacteria;p__UBA2233;c__UBA2233;o__UBA2233;f__UBA2233;g__UBA2233;s__UBA2233 sp011620345
GCA_001443445_1	GCA_001443445.1	gtdb_dl/ncbi_dataset/data/GCA_001443445.1/GCA_001443445.1_ASM144344v1_genomic.fna	backbone	p__Desulfobacterota_D	d__Bacteria;p__Desulfobacterota_D;c__UBA1144;o__Nemesobacterales;f__CSP1-2;g__CSP1-2;s__CSP1-2 sp001443445
GCA_963422735_1	GCA_963422735.1	gtdb_dl/ncbi_dataset/data/GCA_963422735.1/GCA_963422735.1_ooCorCand1.Candidatus_Latescibacteria_1.1_genomic.fna	backbone	p__Latescibacterota	d__Bacteria;p__Latescibacterota;c__UBA2968;o__UBA8231;f__UBA8231;g__GCA-2724215;s__GCA-2724215 sp963422735
GCA_040755155_1	GCA_040755155.1	gtdb_dl/ncbi_dataset/data/GCA_040755155.1/GCA_040755155.1_ASM4075515v1_genomic.fna	backbone	p__Hinthialibacterota	d__Bacteria;p__Hinthialibacterota;c__Hinthialibacteria;o__Hinthialibacterales;f__Hinthialibacteraceae;g__JBFMBP01;s__JBFMBP01 sp040755155
GCA_964622605_1	GCA_964622605.1	gtdb_dl/ncbi_dataset/data/GCA_964622605.1/GCA_964622605.1_binchicken_co34_570_genomic.fna	backbone	p__Omnitrophota	d__Bacteria;p__Omnitrophota;c__Gorgyraeia;o__Velamenicoccales;f__Velamenicoccaceae;g__CAZCSY01;s__CAZCSY01 sp964622605
GCA_002083355_1	GCA_002083355.1	gtdb_dl/ncbi_dataset/data/GCA_002083355.1/GCA_002083355.1_ASM208335v1_genomic.fna	backbone	p__Nitrospirota	d__Bacteria;p__Nitrospirota;c__Nitrospiria;o__Nitrospirales;f__Nitrospiraceae;g__Nitrospira_D;s__Nitrospira_D sp900696515
GCA_030648035_1	GCA_030648035.1	gtdb_dl/ncbi_dataset/data/GCA_030648035.1/GCA_030648035.1_ASM3064803v1_genomic.fna	backbone	p__UBA10199	d__Bacteria;p__UBA10199;c__UBA10199;o__SPLOWO2-01-44-7;f__SPLOWO2-01-44-7;g__JAUSII01;s__JAUSII01 sp030648035
GCA_041665245_1	GCA_041665245.1	gtdb_dl/ncbi_dataset/data/GCA_041665245.1/GCA_041665245.1_ASM4166524v1_genomic.fna	backbone	p__Margulisbacteria	d__Bacteria;p__Margulisbacteria;c__WOR-1;o__O2-12-FULL-45-9;f__XYB2-FULL-48-7;g__JBAYJF01;s__JBAYJF01 sp041665245
GCA_049718665_1	GCA_049718665.1	gtdb_dl/ncbi_dataset/data/GCA_049718665.1/GCA_049718665.1_ASM4971866v1_genomic.fna	backbone	p__Dictyoglomota	d__Bacteria;p__Dictyoglomota;c__Dictyoglomia;o__Dictyoglomales;f__Dictyoglomaceae;g__NZ13-RE01;s__NZ13-RE01 sp049718665
GCF_014647655_1	GCF_014647655.1	gtdb_dl/ncbi_dataset/data/GCF_014647655.1/GCF_014647655.1_ASM1464765v1_genomic.fna	backbone	p__Deinococcota	d__Bacteria;p__Deinococcota;c__Deinococci;o__Deinococcales;f__Deinococcaceae;g__Deinococcus;s__Deinococcus malanensis
GCF_000024625_1	GCF_000024625.1	gtdb_dl/ncbi_dataset/data/GCF_000024625.1/GCF_000024625.1_ASM2462v1_genomic.fna	backbone	p__AGJL01	d__Archaea;p__AGJL01;c__Methanococci;o__Methanococcales;f__Methanocaldococcaceae;g__Methanocaldococcus;s__Methanocaldococcus vulcanius
GCA_035359435_1	GCA_035359435.1	gtdb_dl/ncbi_dataset/data/GCA_035359435.1/GCA_035359435.1_ASM3535943v1_genomic.fna	backbone	p__JAGOBX01	d__Bacteria;p__JAGOBX01;c__JAGOBX01;o__DAONJL01;f__DAONJL01;g__DAONJL01;s__DAONJL01 sp035405645
GCF_000020945_1	GCF_000020945.1	gtdb_dl/ncbi_dataset/data/GCF_000020945.1/GCF_000020945.1_ASM2094v1_genomic.fna	backbone	p__Coprothermobacterota	d__Bacteria;p__Coprothermobacterota;c__Coprothermobacteria;o__Coprothermobacterales;f__Coprothermobacteraceae;g__Coprothermobacter;s__Coprothermobacter proteolyticus
GCA_964398245_1	GCA_964398245.1	gtdb_dl/ncbi_dataset/data/GCA_964398245.1/GCA_964398245.1_SRP167436_co1_156_genomic.fna	backbone	p__UBP6	d__Bacteria;p__UBP6;c__UBA1177;o__UBA1177;f__JAKLFG01;g__CALITV01;s__CALITV01 sp964398245
GCA_021787655_1	GCA_021787655.1	gtdb_dl/ncbi_dataset/data/GCA_021787655.1/GCA_021787655.1_ASM2178765v1_genomic.fna	backbone	p__JAMCPX01	d__Bacteria;p__JAMCPX01;c__JAMCPX01;o__JAMCPX01;f__JAMCPX01;g__JAJYLM01;s__JAJYLM01 sp021787655
GCA_024276815_1	GCA_024276815.1	gtdb_dl/ncbi_dataset/data/GCA_024276815.1/GCA_024276815.1_ASM2427681v1_genomic.fna	backbone	p__JACRDZ01	d__Bacteria;p__JACRDZ01;c__JAJRWM01;o__JAJRWM01;f__JAJRWM01;g__JAJRWM01;s__JAJRWM01 sp024276815
GCA_015062825_1	GCA_015062825.1	gtdb_dl/ncbi_dataset/data/GCA_015062825.1/GCA_015062825.1_ASM1506282v1_genomic.fna	backbone	p__Methanobacteriota	d__Archaea;p__Methanobacteriota;c__Methanobacteria;o__Methanobacteriales;f__Methanobacteriaceae;g__Methanosphaera;s__Methanosphaera stadtmanae_A
GCF_000007185_1	GCF_000007185.1	gtdb_dl/ncbi_dataset/data/GCF_000007185.1/GCF_000007185.1_ASM718v1_genomic.fna	backbone	p__JAADCQ01	d__Archaea;p__JAADCQ01;c__Methanopyri;o__Methanopyrales;f__Methanopyraceae;g__Methanopyrus;s__Methanopyrus kandleri
GCA_036562265_1	GCA_036562265.1	gtdb_dl/ncbi_dataset/data/GCA_036562265.1/GCA_036562265.1_ASM3656226v1_genomic.fna	backbone	p__DASVDK01	d__Bacteria;p__DASVDK01;c__DASVDK01;o__DASVDK01;f__DASVDK01;g__DASVDK01;s__DASVDK01 sp036562265
GCA_964470215_1	GCA_964470215.1	gtdb_dl/ncbi_dataset/data/GCA_964470215.1/GCA_964470215.1_binchicken_co256_285_genomic.fna	backbone	p__Planctomycetota	d__Bacteria;p__Planctomycetota;c__PUPC01;o__DSUN01;f__DSUN01;g__CAYYCI01;s__CAYYCI01 sp964470215
GCA_016936235_1	GCA_016936235.1	gtdb_dl/ncbi_dataset/data/GCA_016936235.1/GCA_016936235.1_ASM1693623v1_genomic.fna	backbone	p__Fermentibacterota	d__Bacteria;p__Fermentibacterota;c__Fermentibacteria;o__Fermentibacterales;f__JCC-6;g__Aegiribacteria;s__Aegiribacteria sp016936235
GCA_003327425_1	GCA_003327425.1	gtdb_dl/ncbi_dataset/data/GCA_003327425.1/GCA_003327425.1_ASM332742v1_genomic.fna	backbone	p__Muiribacteriota	d__Bacteria;p__Muiribacteriota;c__Ozemobacteria;o__Ozemobacterales;f__Ozemobacteraceae;g__Ozemobacter;s__Ozemobacter sibiricus
GCA_011045915_1	GCA_011045915.1	gtdb_dl/ncbi_dataset/data/GCA_011045915.1/GCA_011045915.1_ASM1104591v1_genomic.fna	backbone	p__Thermotogota	d__Bacteria;p__Thermotogota;c__Thermotogae;o__Petrotogales;f__Kosmotogaceae;g__Mesotoga;s__Mesotoga infera_D
GCA_030947645_1	GCA_030947645.1	gtdb_dl/ncbi_dataset/data/GCA_030947645.1/GCA_030947645.1_ASM3094764v1_genomic.fna	backbone	p__Vulcanimicrobiota	d__Bacteria;p__Vulcanimicrobiota;c__Vulcanimicrobiia;o__Vulcanimicrobiales;f__Vulcanimicrobiaceae;g__JALZBG01;s__JALZBG01 sp030947645
GCA_051745145_1	GCA_051745145.1	gtdb_dl/ncbi_dataset/data/GCA_051745145.1/GCA_051745145.1_ASM5174514v1_genomic.fna	backbone	p__CG03	d__Bacteria;p__CG03;c__SLGR01;o__SLGR01;f__JAGXOG01;g__CAYZAK01;s__CAYZAK01 sp051745145
GCA_020434085_1	GCA_020434085.1	gtdb_dl/ncbi_dataset/data/GCA_020434085.1/GCA_020434085.1_ASM2043408v1_genomic.fna	backbone	p__JAGRBM01	d__Bacteria;p__JAGRBM01;c__JAGRBM01;o__JAGRBM01;f__JAGRBM01;g__JAGRBM01;s__JAGRBM01 sp020434085
GCA_964625285_1	GCA_964625285.1	gtdb_dl/ncbi_dataset/data/GCA_964625285.1/GCA_964625285.1_binchicken_co247_8_genomic.fna	backbone	p__NPL-UPA2	d__Bacteria;p__NPL-UPA2;c__NPL-UPA2;o__NPL-UPA2;f__NPL-UPA2;g__NPL-UPA2;s__NPL-UPA2 sp964625285
GCA_937958695_1	GCA_937958695.1	gtdb_dl/ncbi_dataset/data/GCA_937958695.1/GCA_937958695.1_L1_Bin_METABAT_224_1_genomic.fna	backbone	p__DUMJ01	d__Bacteria;p__DUMJ01;c__DUMJ01;o__DUMJ01;f__DUMJ01;g__DUMJ01;s__DUMJ01 sp937958695
GCA_000403075_1	GCA_000403075.1	gtdb_dl/ncbi_dataset/data/GCA_000403075.1/GCA_000403075.1_ASM40307v1_genomic.fna	backbone	p__Calescibacteriota	d__Bacteria;p__Calescibacteriota;c__Calescibacteriia;o__Calescibacteriales;f__Calescibacteriaceae;g__Calescibacterium;s__Calescibacterium nevadense
GCA_011620765_1	GCA_011620765.1	gtdb_dl/ncbi_dataset/data/GCA_011620765.1/GCA_011620765.1_ASM1162076v1_genomic.fna	backbone	p__Thermoplasmatota	d__Archaea;p__Thermoplasmatota;c__UBA186;o__UBA287;f__UBA287;g__UBA287;s__UBA287 sp011620765
GCA_020434365_1	GCA_020434365.1	gtdb_dl/ncbi_dataset/data/GCA_020434365.1/GCA_020434365.1_ASM2043436v1_genomic.fna	backbone	p__Bdellovibrionota_G	d__Bacteria;p__Bdellovibrionota_G;c__JALEGL01;o__JALEGL01;f__JAGRMV01;g__JAGRAX01;s__JAGRAX01 sp020434365
GCF_001902575_1	GCF_001902575.1	gtdb_dl/ncbi_dataset/data/GCF_001902575.1/GCF_001902575.1_ASM190257v1_genomic.fna	backbone	p__Fusobacteriota	d__Bacteria;p__Fusobacteriota;c__Fusobacteriia;o__Fusobacteriales;f__Leptotrichiaceae;g__Streptobacillus;s__Streptobacillus notomytis
GCA_003505155_1	GCA_003505155.1	gtdb_dl/ncbi_dataset/data/GCA_003505155.1/GCA_003505155.1_ASM350515v1_genomic.fna	backbone	p__Patescibacteriota	d__Bacteria;p__Patescibacteriota;c__Patescibacteriia;o__UBA9934;f__UBA10169;g__UBA10169;s__UBA10169 sp003505155
GCA_040386775_1	GCA_040386775.1	gtdb_dl/ncbi_dataset/data/GCA_040386775.1/GCA_040386775.1_ASM4038677v1_genomic.fna	backbone	p__Bdellovibrionota	d__Bacteria;p__Bdellovibrionota;c__Bdellovibrionia;o__Bdellovibrionales;f__JAEYZS01;g__JAEYZS01;s__JAEYZS01 sp040386775
GCA_963701105_1	GCA_963701105.1	gtdb_dl/ncbi_dataset/data/GCA_963701105.1/GCA_963701105.1_MFD05684.bin.3.60_genomic.fna	backbone	p__Actinomycetota	d__Bacteria;p__Actinomycetota;c__Thermoleophilia;o__RBG-16-64-13;f__RBG-16-64-13;g__JAHJSA01;s__JAHJSA01 sp963701105
GCA_002382735_1	GCA_002382735.1	gtdb_dl/ncbi_dataset/data/GCA_002382735.1/GCA_002382735.1_ASM238273v1_genomic.fna	backbone	p__UBA4055	d__Bacteria;p__UBA4055;c__UBA4055;o__UBA4055;f__UBA4055;g__UBA4055;s__UBA4055 sp002382735
GCA_023144005_1	GCA_023144005.1	gtdb_dl/ncbi_dataset/data/GCA_023144005.1/GCA_023144005.1_ASM2314400v1_genomic.fna	backbone	p__AUK180	d__Bacteria;p__AUK180;c__AUK180;o__AUK180;f__AUK180;g__JAGLWT01;s__JAGLWT01 sp023144005
GCA_002320695_1	GCA_002320695.1	gtdb_dl/ncbi_dataset/data/GCA_002320695.1/GCA_002320695.1_ASM232069v1_genomic.fna	backbone	p__Myxococcota_C	d__Bacteria;p__Myxococcota_C;c__UBA6777;o__UBA6777;f__UBA6777;g__UBA6777;s__UBA6777 sp002731275
GCA_903857865_1	GCA_903857865.1	gtdb_dl/ncbi_dataset/data/GCA_903857865.1/GCA_903857865.1_freshwater_MAG_---_A14_bin-2913_genomic.fna	backbone	p__Bipolaricaulota	d__Bacteria;p__Bipolaricaulota;c__Bipolaricaulia;o__UBA7950;f__UBA9294;g__CAIOGO01;s__CAIOGO01 sp903857865
GCA_014730185_1	GCA_014730185.1	gtdb_dl/ncbi_dataset/data/GCA_014730185.1/GCA_014730185.1_ASM1473018v1_genomic.fna	backbone	p__Calditrichota	d__Bacteria;p__Calditrichota;c__Calditrichia;o__Calditrichales;f__Calditrichaceae;g__WJIP01;s__WJIP01 sp014730185
GCA_050253135_1	GCA_050253135.1	gtdb_dl/ncbi_dataset/data/GCA_050253135.1/GCA_050253135.1_ASM5025313v1_genomic.fna	backbone	p__Campylobacterota_A	d__Bacteria;p__Campylobacterota_A;c__Desulfurellia;o__Desulfurellales;f__Desulfurellaceae;g__Desulfurella;s__Desulfurella sp050253135
GCA_015660995_1	GCA_015660995.1	gtdb_dl/ncbi_dataset/data/GCA_015660995.1/GCA_015660995.1_ASM1566099v1_genomic.fna	backbone	p__Thermoproteota	d__Archaea;p__Thermoproteota;c__Methanomethylicia;o__Methanomethylicales;f__Methanomethylicaceae;g__JACTUC01;s__JACTUC01 sp015660995
GCA_028715055_1	GCA_028715055.1	gtdb_dl/ncbi_dataset/data/GCA_028715055.1/GCA_028715055.1_ASM2871505v1_genomic.fna	backbone	p__Campylobacterota	d__Bacteria;p__Campylobacterota;c__Campylobacteria;o__Campylobacterales;f__Sulfurovaceae;g__BN30871;s__BN30871 sp028715055
