genome	ko
A1_Brocadia_reactor	K00003
A1_Brocadia_reactor	K00012
A1_Brocadia_reactor	K00013
A1_Brocadia_reactor	K00014
A1_Brocadia_reactor	K00015
A1_Brocadia_reactor	K00024
A1_Brocadia_reactor	K00027
A1_Brocadia_reactor	K00031
A1_Brocadia_reactor	K00033
A1_Brocadia_reactor	K00036
A1_Brocadia_reactor	K00052
A1_Brocadia_reactor	K00053
A1_Brocadia_reactor	K00057
A1_Brocadia_reactor	K00058
A1_Brocadia_reactor	K00059
A1_Brocadia_reactor	K00060
A1_Brocadia_reactor	K00067
A1_Brocadia_reactor	K00075
A1_Brocadia_reactor	K00088
A1_Brocadia_reactor	K00097
A1_Brocadia_reactor	K00099
A1_Brocadia_reactor	K00104
A1_Brocadia_reactor	K00123
A1_Brocadia_reactor	K00133
A1_Brocadia_reactor	K00134
A1_Brocadia_reactor	K00138
A1_Brocadia_reactor	K00145
A1_Brocadia_reactor	K00147
A1_Brocadia_reactor	K00174
A1_Brocadia_reactor	K00175
A1_Brocadia_reactor	K00176
A1_Brocadia_reactor	K00177
A1_Brocadia_reactor	K00194
A1_Brocadia_reactor	K00197
A1_Brocadia_reactor	K00198
A1_Brocadia_reactor	K00215
A1_Brocadia_reactor	K00219
A1_Brocadia_reactor	K00226
A1_Brocadia_reactor	K00239
A1_Brocadia_reactor	K00240
A1_Brocadia_reactor	K00241
A1_Brocadia_reactor	K00259
A1_Brocadia_reactor	K00261
A1_Brocadia_reactor	K00266
A1_Brocadia_reactor	K00278
A1_Brocadia_reactor	K00282
A1_Brocadia_reactor	K00283
A1_Brocadia_reactor	K00286
A1_Brocadia_reactor	K00287
A1_Brocadia_reactor	K00297
A1_Brocadia_reactor	K00316
A1_Brocadia_reactor	K00330
A1_Brocadia_reactor	K00331
A1_Brocadia_reactor	K00332
A1_Brocadia_reactor	K00333
A1_Brocadia_reactor	K00334
A1_Brocadia_reactor	K00335
A1_Brocadia_reactor	K00337
A1_Brocadia_reactor	K00338
A1_Brocadia_reactor	K00339
A1_Brocadia_reactor	K00340
A1_Brocadia_reactor	K00341
A1_Brocadia_reactor	K00342
A1_Brocadia_reactor	K00343
A1_Brocadia_reactor	K00344
A1_Brocadia_reactor	K00347
A1_Brocadia_reactor	K00348
A1_Brocadia_reactor	K00349
A1_Brocadia_reactor	K00350
A1_Brocadia_reactor	K00351
A1_Brocadia_reactor	K00370
A1_Brocadia_reactor	K00371
A1_Brocadia_reactor	K00378
A1_Brocadia_reactor	K00382
A1_Brocadia_reactor	K00384
A1_Brocadia_reactor	K00386
A1_Brocadia_reactor	K00390
A1_Brocadia_reactor	K00406
A1_Brocadia_reactor	K00412
A1_Brocadia_reactor	K00425
A1_Brocadia_reactor	K00428
A1_Brocadia_reactor	K00456
A1_Brocadia_reactor	K00527
A1_Brocadia_reactor	K00549
A1_Brocadia_reactor	K00554
A1_Brocadia_reactor	K00558
A1_Brocadia_reactor	K00564
A1_Brocadia_reactor	K00566
A1_Brocadia_reactor	K00570
A1_Brocadia_reactor	K00571
A1_Brocadia_reactor	K00573
A1_Brocadia_reactor	K00575
A1_Brocadia_reactor	K00600
A1_Brocadia_reactor	K00602
A1_Brocadia_reactor	K00604
A1_Brocadia_reactor	K00605
A1_Brocadia_reactor	K00609
A1_Brocadia_reactor	K00610
A1_Brocadia_reactor	K00611
A1_Brocadia_reactor	K00612
A1_Brocadia_reactor	K00615
A1_Brocadia_reactor	K00616
A1_Brocadia_reactor	K00619
A1_Brocadia_reactor	K00620
A1_Brocadia_reactor	K00639
A1_Brocadia_reactor	K00640
A1_Brocadia_reactor	K00645
A1_Brocadia_reactor	K00647
A1_Brocadia_reactor	K00648
A1_Brocadia_reactor	K00652
A1_Brocadia_reactor	K00655
A1_Brocadia_reactor	K00677
A1_Brocadia_reactor	K00688
A1_Brocadia_reactor	K00697
A1_Brocadia_reactor	K00700
A1_Brocadia_reactor	K00703
A1_Brocadia_reactor	K00705
A1_Brocadia_reactor	K00721
A1_Brocadia_reactor	K00729
A1_Brocadia_reactor	K00748
A1_Brocadia_reactor	K00757
A1_Brocadia_reactor	K00759
A1_Brocadia_reactor	K00760
A1_Brocadia_reactor	K00762
A1_Brocadia_reactor	K00763
A1_Brocadia_reactor	K00764
A1_Brocadia_reactor	K00765
A1_Brocadia_reactor	K00766
A1_Brocadia_reactor	K00767
A1_Brocadia_reactor	K00768
A1_Brocadia_reactor	K00772
A1_Brocadia_reactor	K00773
A1_Brocadia_reactor	K00784
A1_Brocadia_reactor	K00788
A1_Brocadia_reactor	K00789
A1_Brocadia_reactor	K00790
A1_Brocadia_reactor	K00791
A1_Brocadia_reactor	K00793
A1_Brocadia_reactor	K00794
A1_Brocadia_reactor	K00796
A1_Brocadia_reactor	K00797
A1_Brocadia_reactor	K00800
A1_Brocadia_reactor	K00806
A1_Brocadia_reactor	K00809
A1_Brocadia_reactor	K00812
A1_Brocadia_reactor	K00817
A1_Brocadia_reactor	K00819
A1_Brocadia_reactor	K00820
A1_Brocadia_reactor	K00821
A1_Brocadia_reactor	K00826
A1_Brocadia_reactor	K00833
A1_Brocadia_reactor	K00858
A1_Brocadia_reactor	K00859
A1_Brocadia_reactor	K00860
A1_Brocadia_reactor	K00873
A1_Brocadia_reactor	K00891
A1_Brocadia_reactor	K00912
A1_Brocadia_reactor	K00919
A1_Brocadia_reactor	K00925
A1_Brocadia_reactor	K00926
A1_Brocadia_reactor	K00927
A1_Brocadia_reactor	K00928
A1_Brocadia_reactor	K00930
A1_Brocadia_reactor	K00931
A1_Brocadia_reactor	K00939
A1_Brocadia_reactor	K00940
A1_Brocadia_reactor	K00941
A1_Brocadia_reactor	K00942
A1_Brocadia_reactor	K00943
A1_Brocadia_reactor	K00945
A1_Brocadia_reactor	K00946
A1_Brocadia_reactor	K00948
A1_Brocadia_reactor	K00950
A1_Brocadia_reactor	K00954
A1_Brocadia_reactor	K00958
A1_Brocadia_reactor	K00962
A1_Brocadia_reactor	K00965
A1_Brocadia_reactor	K00969
A1_Brocadia_reactor	K00970
A1_Brocadia_reactor	K00971
A1_Brocadia_reactor	K00972
A1_Brocadia_reactor	K00973
A1_Brocadia_reactor	K00974
A1_Brocadia_reactor	K00975
A1_Brocadia_reactor	K00978
A1_Brocadia_reactor	K00979
A1_Brocadia_reactor	K00981
A1_Brocadia_reactor	K00986
A1_Brocadia_reactor	K00989
A1_Brocadia_reactor	K00991
A1_Brocadia_reactor	K00995
A1_Brocadia_reactor	K00997
A1_Brocadia_reactor	K01000
A1_Brocadia_reactor	K01006
A1_Brocadia_reactor	K01008
A1_Brocadia_reactor	K01011
A1_Brocadia_reactor	K01012
A1_Brocadia_reactor	K01021
A1_Brocadia_reactor	K01042
A1_Brocadia_reactor	K01056
A1_Brocadia_reactor	K01057
A1_Brocadia_reactor	K01069
A1_Brocadia_reactor	K01077
A1_Brocadia_reactor	K01082
A1_Brocadia_reactor	K01087
A1_Brocadia_reactor	K01091
A1_Brocadia_reactor	K01092
A1_Brocadia_reactor	K01126
A1_Brocadia_reactor	K01129
A1_Brocadia_reactor	K01142
A1_Brocadia_reactor	K01151
A1_Brocadia_reactor	K01153
A1_Brocadia_reactor	K01154
A1_Brocadia_reactor	K01156
A1_Brocadia_reactor	K01159
A1_Brocadia_reactor	K01163
A1_Brocadia_reactor	K01178
A1_Brocadia_reactor	K01214
A1_Brocadia_reactor	K01236
A1_Brocadia_reactor	K01243
A1_Brocadia_reactor	K01251
A1_Brocadia_reactor	K01255
A1_Brocadia_reactor	K01265
A1_Brocadia_reactor	K01299
A1_Brocadia_reactor	K01318
A1_Brocadia_reactor	K01338
A1_Brocadia_reactor	K01356
A1_Brocadia_reactor	K01358
A1_Brocadia_reactor	K01419
A1_Brocadia_reactor	K01426
A1_Brocadia_reactor	K01439
A1_Brocadia_reactor	K01462
A1_Brocadia_reactor	K01463
A1_Brocadia_reactor	K01465
A1_Brocadia_reactor	K01491
A1_Brocadia_reactor	K01493
A1_Brocadia_reactor	K01495
A1_Brocadia_reactor	K01497
A1_Brocadia_reactor	K01512
A1_Brocadia_reactor	K01515
A1_Brocadia_reactor	K01519
A1_Brocadia_reactor	K01520
A1_Brocadia_reactor	K01537
A1_Brocadia_reactor	K01546
A1_Brocadia_reactor	K01547
A1_Brocadia_reactor	K01548
A1_Brocadia_reactor	K01579
A1_Brocadia_reactor	K01586
A1_Brocadia_reactor	K01588
A1_Brocadia_reactor	K01591
A1_Brocadia_reactor	K01595
A1_Brocadia_reactor	K01599
A1_Brocadia_reactor	K01607
A1_Brocadia_reactor	K01609
A1_Brocadia_reactor	K01610
A1_Brocadia_reactor	K01611
A1_Brocadia_reactor	K01613
A1_Brocadia_reactor	K01621
A1_Brocadia_reactor	K01624
A1_Brocadia_reactor	K01627
A1_Brocadia_reactor	K01649
A1_Brocadia_reactor	K01652
A1_Brocadia_reactor	K01653
A1_Brocadia_reactor	K01657
A1_Brocadia_reactor	K01658
A1_Brocadia_reactor	K01662
A1_Brocadia_reactor	K01664
A1_Brocadia_reactor	K01665
A1_Brocadia_reactor	K01673
A1_Brocadia_reactor	K01674
A1_Brocadia_reactor	K01677
A1_Brocadia_reactor	K01678
A1_Brocadia_reactor	K01679
A1_Brocadia_reactor	K01687
A1_Brocadia_reactor	K01689
A1_Brocadia_reactor	K01693
A1_Brocadia_reactor	K01695
A1_Brocadia_reactor	K01696
A1_Brocadia_reactor	K01698
A1_Brocadia_reactor	K01703
A1_Brocadia_reactor	K01704
A1_Brocadia_reactor	K01711
A1_Brocadia_reactor	K01712
A1_Brocadia_reactor	K01714
A1_Brocadia_reactor	K01719
A1_Brocadia_reactor	K01720
A1_Brocadia_reactor	K01724
A1_Brocadia_reactor	K01725
A1_Brocadia_reactor	K01733
A1_Brocadia_reactor	K01735
A1_Brocadia_reactor	K01736
A1_Brocadia_reactor	K01737
A1_Brocadia_reactor	K01738
A1_Brocadia_reactor	K01744
A1_Brocadia_reactor	K01749
A1_Brocadia_reactor	K01755
A1_Brocadia_reactor	K01756
A1_Brocadia_reactor	K01768
A1_Brocadia_reactor	K01775
A1_Brocadia_reactor	K01776
A1_Brocadia_reactor	K01778
A1_Brocadia_reactor	K01783
A1_Brocadia_reactor	K01784
A1_Brocadia_reactor	K01790
A1_Brocadia_reactor	K01791
A1_Brocadia_reactor	K01803
A1_Brocadia_reactor	K01808
A1_Brocadia_reactor	K01810
A1_Brocadia_reactor	K01814
A1_Brocadia_reactor	K01817
A1_Brocadia_reactor	K01834
A1_Brocadia_reactor	K01840
A1_Brocadia_reactor	K01845
A1_Brocadia_reactor	K01854
A1_Brocadia_reactor	K01866
A1_Brocadia_reactor	K01867
A1_Brocadia_reactor	K01868
A1_Brocadia_reactor	K01869
A1_Brocadia_reactor	K01870
A1_Brocadia_reactor	K01872
A1_Brocadia_reactor	K01873
A1_Brocadia_reactor	K01874
A1_Brocadia_reactor	K01875
A1_Brocadia_reactor	K01876
A1_Brocadia_reactor	K01878
A1_Brocadia_reactor	K01879
A1_Brocadia_reactor	K01881
A1_Brocadia_reactor	K01883
A1_Brocadia_reactor	K01885
A1_Brocadia_reactor	K01887
A1_Brocadia_reactor	K01889
A1_Brocadia_reactor	K01890
A1_Brocadia_reactor	K01892
A1_Brocadia_reactor	K01902
A1_Brocadia_reactor	K01903
A1_Brocadia_reactor	K01905
A1_Brocadia_reactor	K01915
A1_Brocadia_reactor	K01918
A1_Brocadia_reactor	K01921
A1_Brocadia_reactor	K01923
A1_Brocadia_reactor	K01924
A1_Brocadia_reactor	K01925
A1_Brocadia_reactor	K01928
A1_Brocadia_reactor	K01929
A1_Brocadia_reactor	K01933
A1_Brocadia_reactor	K01935
A1_Brocadia_reactor	K01937
A1_Brocadia_reactor	K01939
A1_Brocadia_reactor	K01940
A1_Brocadia_reactor	K01945
A1_Brocadia_reactor	K01951
A1_Brocadia_reactor	K01955
A1_Brocadia_reactor	K01956
A1_Brocadia_reactor	K01958
A1_Brocadia_reactor	K01961
A1_Brocadia_reactor	K01962
A1_Brocadia_reactor	K01963
A1_Brocadia_reactor	K01972
A1_Brocadia_reactor	K01974
A1_Brocadia_reactor	K01975
A1_Brocadia_reactor	K01989
A1_Brocadia_reactor	K01990
A1_Brocadia_reactor	K01991
A1_Brocadia_reactor	K01992
A1_Brocadia_reactor	K01993
A1_Brocadia_reactor	K02003
A1_Brocadia_reactor	K02004
A1_Brocadia_reactor	K02005
A1_Brocadia_reactor	K02006
A1_Brocadia_reactor	K02007
A1_Brocadia_reactor	K02008
A1_Brocadia_reactor	K02011
A1_Brocadia_reactor	K02012
A1_Brocadia_reactor	K02014
A1_Brocadia_reactor	K02018
A1_Brocadia_reactor	K02019
A1_Brocadia_reactor	K02020
A1_Brocadia_reactor	K02025
A1_Brocadia_reactor	K02027
A1_Brocadia_reactor	K02029
A1_Brocadia_reactor	K02030
A1_Brocadia_reactor	K02036
A1_Brocadia_reactor	K02037
A1_Brocadia_reactor	K02038
A1_Brocadia_reactor	K02039
A1_Brocadia_reactor	K02040
A1_Brocadia_reactor	K02049
A1_Brocadia_reactor	K02050
A1_Brocadia_reactor	K02065
A1_Brocadia_reactor	K02066
A1_Brocadia_reactor	K02067
A1_Brocadia_reactor	K02078
A1_Brocadia_reactor	K02108
A1_Brocadia_reactor	K02109
A1_Brocadia_reactor	K02110
A1_Brocadia_reactor	K02111
A1_Brocadia_reactor	K02112
A1_Brocadia_reactor	K02113
A1_Brocadia_reactor	K02114
A1_Brocadia_reactor	K02115
A1_Brocadia_reactor	K02160
A1_Brocadia_reactor	K02171
A1_Brocadia_reactor	K02172
A1_Brocadia_reactor	K02188
A1_Brocadia_reactor	K02189
A1_Brocadia_reactor	K02192
A1_Brocadia_reactor	K02221
A1_Brocadia_reactor	K02224
A1_Brocadia_reactor	K02227
A1_Brocadia_reactor	K02230
A1_Brocadia_reactor	K02231
A1_Brocadia_reactor	K02232
A1_Brocadia_reactor	K02233
A1_Brocadia_reactor	K02237
A1_Brocadia_reactor	K02238
A1_Brocadia_reactor	K02242
A1_Brocadia_reactor	K02303
A1_Brocadia_reactor	K02305
A1_Brocadia_reactor	K02313
A1_Brocadia_reactor	K02314
A1_Brocadia_reactor	K02316
A1_Brocadia_reactor	K02335
A1_Brocadia_reactor	K02337
A1_Brocadia_reactor	K02338
A1_Brocadia_reactor	K02340
A1_Brocadia_reactor	K02341
A1_Brocadia_reactor	K02343
A1_Brocadia_reactor	K02346
A1_Brocadia_reactor	K02347
A1_Brocadia_reactor	K02355
A1_Brocadia_reactor	K02356
A1_Brocadia_reactor	K02357
A1_Brocadia_reactor	K02358
A1_Brocadia_reactor	K02372
A1_Brocadia_reactor	K02377
A1_Brocadia_reactor	K02386
A1_Brocadia_reactor	K02387
A1_Brocadia_reactor	K02388
A1_Brocadia_reactor	K02389
A1_Brocadia_reactor	K02390
A1_Brocadia_reactor	K02391
A1_Brocadia_reactor	K02392
A1_Brocadia_reactor	K02393
A1_Brocadia_reactor	K02394
A1_Brocadia_reactor	K02395
A1_Brocadia_reactor	K02396
A1_Brocadia_reactor	K02397
A1_Brocadia_reactor	K02398
A1_Brocadia_reactor	K02400
A1_Brocadia_reactor	K02401
A1_Brocadia_reactor	K02405
A1_Brocadia_reactor	K02406
A1_Brocadia_reactor	K02407
A1_Brocadia_reactor	K02408
A1_Brocadia_reactor	K02409
A1_Brocadia_reactor	K02410
A1_Brocadia_reactor	K02411
A1_Brocadia_reactor	K02412
A1_Brocadia_reactor	K02413
A1_Brocadia_reactor	K02414
A1_Brocadia_reactor	K02415
A1_Brocadia_reactor	K02416
A1_Brocadia_reactor	K02417
A1_Brocadia_reactor	K02418
A1_Brocadia_reactor	K02419
A1_Brocadia_reactor	K02420
A1_Brocadia_reactor	K02421
A1_Brocadia_reactor	K02422
A1_Brocadia_reactor	K02424
A1_Brocadia_reactor	K02433
A1_Brocadia_reactor	K02434
A1_Brocadia_reactor	K02435
A1_Brocadia_reactor	K02437
A1_Brocadia_reactor	K02453
A1_Brocadia_reactor	K02454
A1_Brocadia_reactor	K02456
A1_Brocadia_reactor	K02460
A1_Brocadia_reactor	K02461
A1_Brocadia_reactor	K02462
A1_Brocadia_reactor	K02469
A1_Brocadia_reactor	K02470
A1_Brocadia_reactor	K02481
A1_Brocadia_reactor	K02482
A1_Brocadia_reactor	K02483
A1_Brocadia_reactor	K02492
A1_Brocadia_reactor	K02493
A1_Brocadia_reactor	K02495
A1_Brocadia_reactor	K02497
A1_Brocadia_reactor	K02500
A1_Brocadia_reactor	K02501
A1_Brocadia_reactor	K02518
A1_Brocadia_reactor	K02519
A1_Brocadia_reactor	K02520
A1_Brocadia_reactor	K02523
A1_Brocadia_reactor	K02527
A1_Brocadia_reactor	K02528
A1_Brocadia_reactor	K02536
A1_Brocadia_reactor	K02556
A1_Brocadia_reactor	K02557
A1_Brocadia_reactor	K02563
A1_Brocadia_reactor	K02568
A1_Brocadia_reactor	K02573
A1_Brocadia_reactor	K02575
A1_Brocadia_reactor	K02598
A1_Brocadia_reactor	K02600
A1_Brocadia_reactor	K02601
A1_Brocadia_reactor	K02619
A1_Brocadia_reactor	K02626
A1_Brocadia_reactor	K02636
A1_Brocadia_reactor	K02652
A1_Brocadia_reactor	K02653
A1_Brocadia_reactor	K02654
A1_Brocadia_reactor	K02662
A1_Brocadia_reactor	K02669
A1_Brocadia_reactor	K02670
A1_Brocadia_reactor	K02672
A1_Brocadia_reactor	K02673
A1_Brocadia_reactor	K02784
A1_Brocadia_reactor	K02834
A1_Brocadia_reactor	K02835
A1_Brocadia_reactor	K02836
A1_Brocadia_reactor	K02838
A1_Brocadia_reactor	K02841
A1_Brocadia_reactor	K02843
A1_Brocadia_reactor	K02844
A1_Brocadia_reactor	K02847
A1_Brocadia_reactor	K02863
A1_Brocadia_reactor	K02864
A1_Brocadia_reactor	K02867
A1_Brocadia_reactor	K02871
A1_Brocadia_reactor	K02874
A1_Brocadia_reactor	K02876
A1_Brocadia_reactor	K02878
A1_Brocadia_reactor	K02879
A1_Brocadia_reactor	K02881
A1_Brocadia_reactor	K02884
A1_Brocadia_reactor	K02886
A1_Brocadia_reactor	K02887
A1_Brocadia_reactor	K02888
A1_Brocadia_reactor	K02890
A1_Brocadia_reactor	K02892
A1_Brocadia_reactor	K02895
A1_Brocadia_reactor	K02897
A1_Brocadia_reactor	K02899
A1_Brocadia_reactor	K02902
A1_Brocadia_reactor	K02904
A1_Brocadia_reactor	K02906
A1_Brocadia_reactor	K02909
A1_Brocadia_reactor	K02914
A1_Brocadia_reactor	K02916
A1_Brocadia_reactor	K02926
A1_Brocadia_reactor	K02931
A1_Brocadia_reactor	K02933
A1_Brocadia_reactor	K02935
A1_Brocadia_reactor	K02939
A1_Brocadia_reactor	K02945
A1_Brocadia_reactor	K02946
A1_Brocadia_reactor	K02948
A1_Brocadia_reactor	K02950
A1_Brocadia_reactor	K02952
A1_Brocadia_reactor	K02954
A1_Brocadia_reactor	K02956
A1_Brocadia_reactor	K02959
A1_Brocadia_reactor	K02961
A1_Brocadia_reactor	K02965
A1_Brocadia_reactor	K02967
A1_Brocadia_reactor	K02968
A1_Brocadia_reactor	K02970
A1_Brocadia_reactor	K02982
A1_Brocadia_reactor	K02986
A1_Brocadia_reactor	K02988
A1_Brocadia_reactor	K02990
A1_Brocadia_reactor	K02992
A1_Brocadia_reactor	K02994
A1_Brocadia_reactor	K02996
A1_Brocadia_reactor	K03040
A1_Brocadia_reactor	K03043
A1_Brocadia_reactor	K03046
A1_Brocadia_reactor	K03060
A1_Brocadia_reactor	K03070
A1_Brocadia_reactor	K03073
A1_Brocadia_reactor	K03075
A1_Brocadia_reactor	K03076
A1_Brocadia_reactor	K03086
A1_Brocadia_reactor	K03088
A1_Brocadia_reactor	K03092
A1_Brocadia_reactor	K03100
A1_Brocadia_reactor	K03101
A1_Brocadia_reactor	K03106
A1_Brocadia_reactor	K03110
A1_Brocadia_reactor	K03111
A1_Brocadia_reactor	K03116
A1_Brocadia_reactor	K03118
A1_Brocadia_reactor	K03147
A1_Brocadia_reactor	K03148
A1_Brocadia_reactor	K03149
A1_Brocadia_reactor	K03154
A1_Brocadia_reactor	K03168
A1_Brocadia_reactor	K03179
A1_Brocadia_reactor	K03182
A1_Brocadia_reactor	K03183
A1_Brocadia_reactor	K03186
A1_Brocadia_reactor	K03210
A1_Brocadia_reactor	K03217
A1_Brocadia_reactor	K03270
A1_Brocadia_reactor	K03271
A1_Brocadia_reactor	K03272
A1_Brocadia_reactor	K03273
A1_Brocadia_reactor	K03281
A1_Brocadia_reactor	K03282
A1_Brocadia_reactor	K03284
A1_Brocadia_reactor	K03286
A1_Brocadia_reactor	K03294
A1_Brocadia_reactor	K03297
A1_Brocadia_reactor	K03320
A1_Brocadia_reactor	K03385
A1_Brocadia_reactor	K03386
A1_Brocadia_reactor	K03394
A1_Brocadia_reactor	K03399
A1_Brocadia_reactor	K03406
A1_Brocadia_reactor	K03407
A1_Brocadia_reactor	K03408
A1_Brocadia_reactor	K03409
A1_Brocadia_reactor	K03410
A1_Brocadia_reactor	K03411
A1_Brocadia_reactor	K03412
A1_Brocadia_reactor	K03413
A1_Brocadia_reactor	K03424
A1_Brocadia_reactor	K03427
A1_Brocadia_reactor	K03431
A1_Brocadia_reactor	K03438
A1_Brocadia_reactor	K03464
A1_Brocadia_reactor	K03465
A1_Brocadia_reactor	K03466
A1_Brocadia_reactor	K03474
A1_Brocadia_reactor	K03478
A1_Brocadia_reactor	K03495
A1_Brocadia_reactor	K03496
A1_Brocadia_reactor	K03497
A1_Brocadia_reactor	K03498
A1_Brocadia_reactor	K03499
A1_Brocadia_reactor	K03500
A1_Brocadia_reactor	K03517
A1_Brocadia_reactor	K03524
A1_Brocadia_reactor	K03525
A1_Brocadia_reactor	K03526
A1_Brocadia_reactor	K03527
A1_Brocadia_reactor	K03529
A1_Brocadia_reactor	K03530
A1_Brocadia_reactor	K03536
A1_Brocadia_reactor	K03544
A1_Brocadia_reactor	K03545
A1_Brocadia_reactor	K03550
A1_Brocadia_reactor	K03551
A1_Brocadia_reactor	K03553
A1_Brocadia_reactor	K03555
A1_Brocadia_reactor	K03558
A1_Brocadia_reactor	K03559
A1_Brocadia_reactor	K03561
A1_Brocadia_reactor	K03563
A1_Brocadia_reactor	K03564
A1_Brocadia_reactor	K03568
A1_Brocadia_reactor	K03569
A1_Brocadia_reactor	K03570
A1_Brocadia_reactor	K03571
A1_Brocadia_reactor	K03572
A1_Brocadia_reactor	K03575
A1_Brocadia_reactor	K03580
A1_Brocadia_reactor	K03581
A1_Brocadia_reactor	K03584
A1_Brocadia_reactor	K03585
A1_Brocadia_reactor	K03587
A1_Brocadia_reactor	K03588
A1_Brocadia_reactor	K03589
A1_Brocadia_reactor	K03592
A1_Brocadia_reactor	K03593
A1_Brocadia_reactor	K03594
A1_Brocadia_reactor	K03595
A1_Brocadia_reactor	K03596
A1_Brocadia_reactor	K03601
A1_Brocadia_reactor	K03602
A1_Brocadia_reactor	K03612
A1_Brocadia_reactor	K03613
A1_Brocadia_reactor	K03614
A1_Brocadia_reactor	K03615
A1_Brocadia_reactor	K03616
A1_Brocadia_reactor	K03617
A1_Brocadia_reactor	K03621
A1_Brocadia_reactor	K03625
A1_Brocadia_reactor	K03628
A1_Brocadia_reactor	K03630
A1_Brocadia_reactor	K03631
A1_Brocadia_reactor	K03634
A1_Brocadia_reactor	K03636
A1_Brocadia_reactor	K03637
A1_Brocadia_reactor	K03639
A1_Brocadia_reactor	K03641
A1_Brocadia_reactor	K03642
A1_Brocadia_reactor	K03644
A1_Brocadia_reactor	K03650
A1_Brocadia_reactor	K03654
A1_Brocadia_reactor	K03655
A1_Brocadia_reactor	K03657
A1_Brocadia_reactor	K03660
A1_Brocadia_reactor	K03664
A1_Brocadia_reactor	K03665
A1_Brocadia_reactor	K03667
A1_Brocadia_reactor	K03671
A1_Brocadia_reactor	K03685
A1_Brocadia_reactor	K03686
A1_Brocadia_reactor	K03687
A1_Brocadia_reactor	K03688
A1_Brocadia_reactor	K03695
A1_Brocadia_reactor	K03696
A1_Brocadia_reactor	K03698
A1_Brocadia_reactor	K03701
A1_Brocadia_reactor	K03702
A1_Brocadia_reactor	K03703
A1_Brocadia_reactor	K03704
A1_Brocadia_reactor	K03711
A1_Brocadia_reactor	K03722
A1_Brocadia_reactor	K03723
A1_Brocadia_reactor	K03724
A1_Brocadia_reactor	K03733
A1_Brocadia_reactor	K03734
A1_Brocadia_reactor	K03737
A1_Brocadia_reactor	K03743
A1_Brocadia_reactor	K03744
A1_Brocadia_reactor	K03750
A1_Brocadia_reactor	K03752
A1_Brocadia_reactor	K03753
A1_Brocadia_reactor	K03769
A1_Brocadia_reactor	K03770
A1_Brocadia_reactor	K03781
A1_Brocadia_reactor	K03787
A1_Brocadia_reactor	K03789
A1_Brocadia_reactor	K03797
A1_Brocadia_reactor	K03798
A1_Brocadia_reactor	K03799
A1_Brocadia_reactor	K03803
A1_Brocadia_reactor	K03809
A1_Brocadia_reactor	K03820
A1_Brocadia_reactor	K03831
A1_Brocadia_reactor	K03832
A1_Brocadia_reactor	K03833
A1_Brocadia_reactor	K03841
A1_Brocadia_reactor	K03856
A1_Brocadia_reactor	K03885
A1_Brocadia_reactor	K03886
A1_Brocadia_reactor	K03924
A1_Brocadia_reactor	K03925
A1_Brocadia_reactor	K03926
A1_Brocadia_reactor	K03928
A1_Brocadia_reactor	K03972
A1_Brocadia_reactor	K03975
A1_Brocadia_reactor	K03977
A1_Brocadia_reactor	K03979
A1_Brocadia_reactor	K03980
A1_Brocadia_reactor	K04043
A1_Brocadia_reactor	K04066
A1_Brocadia_reactor	K04069
A1_Brocadia_reactor	K04070
A1_Brocadia_reactor	K04075
A1_Brocadia_reactor	K04077
A1_Brocadia_reactor	K04078
A1_Brocadia_reactor	K04079
A1_Brocadia_reactor	K04084
A1_Brocadia_reactor	K04085
A1_Brocadia_reactor	K04087
A1_Brocadia_reactor	K04088
A1_Brocadia_reactor	K04095
A1_Brocadia_reactor	K04096
A1_Brocadia_reactor	K04485
A1_Brocadia_reactor	K04487
A1_Brocadia_reactor	K04488
A1_Brocadia_reactor	K04517
A1_Brocadia_reactor	K04518
A1_Brocadia_reactor	K04562
A1_Brocadia_reactor	K04564
A1_Brocadia_reactor	K04567
A1_Brocadia_reactor	K04655
A1_Brocadia_reactor	K04720
A1_Brocadia_reactor	K04744
A1_Brocadia_reactor	K04751
A1_Brocadia_reactor	K04754
A1_Brocadia_reactor	K04757
A1_Brocadia_reactor	K04758
A1_Brocadia_reactor	K04759
A1_Brocadia_reactor	K04763
A1_Brocadia_reactor	K04765
A1_Brocadia_reactor	K04767
A1_Brocadia_reactor	K04771
A1_Brocadia_reactor	K04773
A1_Brocadia_reactor	K05299
A1_Brocadia_reactor	K05301
A1_Brocadia_reactor	K05303
A1_Brocadia_reactor	K05337
A1_Brocadia_reactor	K05343
A1_Brocadia_reactor	K05394
A1_Brocadia_reactor	K05515
A1_Brocadia_reactor	K05520
A1_Brocadia_reactor	K05540
A1_Brocadia_reactor	K05592
A1_Brocadia_reactor	K05595
A1_Brocadia_reactor	K05788
A1_Brocadia_reactor	K05807
A1_Brocadia_reactor	K05808
A1_Brocadia_reactor	K05810
A1_Brocadia_reactor	K05837
A1_Brocadia_reactor	K05881
A1_Brocadia_reactor	K05895
A1_Brocadia_reactor	K05896
A1_Brocadia_reactor	K05919
A1_Brocadia_reactor	K05934
A1_Brocadia_reactor	K05936
A1_Brocadia_reactor	K05939
A1_Brocadia_reactor	K05942
A1_Brocadia_reactor	K05982
A1_Brocadia_reactor	K06013
A1_Brocadia_reactor	K06015
A1_Brocadia_reactor	K06020
A1_Brocadia_reactor	K06024
A1_Brocadia_reactor	K06041
A1_Brocadia_reactor	K06042
A1_Brocadia_reactor	K06044
A1_Brocadia_reactor	K06045
A1_Brocadia_reactor	K06076
A1_Brocadia_reactor	K06140
A1_Brocadia_reactor	K06142
A1_Brocadia_reactor	K06147
A1_Brocadia_reactor	K06153
A1_Brocadia_reactor	K06158
A1_Brocadia_reactor	K06167
A1_Brocadia_reactor	K06168
A1_Brocadia_reactor	K06173
A1_Brocadia_reactor	K06176
A1_Brocadia_reactor	K06178
A1_Brocadia_reactor	K06180
A1_Brocadia_reactor	K06187
A1_Brocadia_reactor	K06200
A1_Brocadia_reactor	K06204
A1_Brocadia_reactor	K06207
A1_Brocadia_reactor	K06212
A1_Brocadia_reactor	K06213
A1_Brocadia_reactor	K06217
A1_Brocadia_reactor	K06218
A1_Brocadia_reactor	K06287
A1_Brocadia_reactor	K06320
A1_Brocadia_reactor	K06381
A1_Brocadia_reactor	K06402
A1_Brocadia_reactor	K06412
A1_Brocadia_reactor	K06603
A1_Brocadia_reactor	K06861
A1_Brocadia_reactor	K06864
A1_Brocadia_reactor	K06872
A1_Brocadia_reactor	K06873
A1_Brocadia_reactor	K06881
A1_Brocadia_reactor	K06888
A1_Brocadia_reactor	K06898
A1_Brocadia_reactor	K06911
A1_Brocadia_reactor	K06915
A1_Brocadia_reactor	K06920
A1_Brocadia_reactor	K06925
A1_Brocadia_reactor	K06934
A1_Brocadia_reactor	K06940
A1_Brocadia_reactor	K06941
A1_Brocadia_reactor	K06942
A1_Brocadia_reactor	K06959
A1_Brocadia_reactor	K06962
A1_Brocadia_reactor	K06969
A1_Brocadia_reactor	K06990
A1_Brocadia_reactor	K06997
A1_Brocadia_reactor	K07003
A1_Brocadia_reactor	K07005
A1_Brocadia_reactor	K07007
A1_Brocadia_reactor	K07010
A1_Brocadia_reactor	K07012
A1_Brocadia_reactor	K07016
A1_Brocadia_reactor	K07018
A1_Brocadia_reactor	K07027
A1_Brocadia_reactor	K07031
A1_Brocadia_reactor	K07042
A1_Brocadia_reactor	K07052
A1_Brocadia_reactor	K07053
A1_Brocadia_reactor	K07058
A1_Brocadia_reactor	K07059
A1_Brocadia_reactor	K07063
A1_Brocadia_reactor	K07065
A1_Brocadia_reactor	K07066
A1_Brocadia_reactor	K07074
A1_Brocadia_reactor	K07075
A1_Brocadia_reactor	K07086
A1_Brocadia_reactor	K07090
A1_Brocadia_reactor	K07091
A1_Brocadia_reactor	K07092
A1_Brocadia_reactor	K07095
A1_Brocadia_reactor	K07096
A1_Brocadia_reactor	K07098
A1_Brocadia_reactor	K07106
A1_Brocadia_reactor	K07107
A1_Brocadia_reactor	K07114
A1_Brocadia_reactor	K07126
A1_Brocadia_reactor	K07130
A1_Brocadia_reactor	K07138
A1_Brocadia_reactor	K07139
A1_Brocadia_reactor	K07147
A1_Brocadia_reactor	K07164
A1_Brocadia_reactor	K07168
A1_Brocadia_reactor	K07171
A1_Brocadia_reactor	K07172
A1_Brocadia_reactor	K07216
A1_Brocadia_reactor	K07221
A1_Brocadia_reactor	K07228
A1_Brocadia_reactor	K07234
A1_Brocadia_reactor	K07257
A1_Brocadia_reactor	K07259
A1_Brocadia_reactor	K07263
A1_Brocadia_reactor	K07277
A1_Brocadia_reactor	K07283
A1_Brocadia_reactor	K07285
A1_Brocadia_reactor	K07300
A1_Brocadia_reactor	K07301
A1_Brocadia_reactor	K07304
A1_Brocadia_reactor	K07305
A1_Brocadia_reactor	K07316
A1_Brocadia_reactor	K07317
A1_Brocadia_reactor	K07321
A1_Brocadia_reactor	K07323
A1_Brocadia_reactor	K07334
A1_Brocadia_reactor	K07337
A1_Brocadia_reactor	K07341
A1_Brocadia_reactor	K07391
A1_Brocadia_reactor	K07399
A1_Brocadia_reactor	K07451
A1_Brocadia_reactor	K07454
A1_Brocadia_reactor	K07457
A1_Brocadia_reactor	K07458
A1_Brocadia_reactor	K07459
A1_Brocadia_reactor	K07460
A1_Brocadia_reactor	K07461
A1_Brocadia_reactor	K07462
A1_Brocadia_reactor	K07464
A1_Brocadia_reactor	K07468
A1_Brocadia_reactor	K07478
A1_Brocadia_reactor	K07485
A1_Brocadia_reactor	K07486
A1_Brocadia_reactor	K07487
A1_Brocadia_reactor	K07491
A1_Brocadia_reactor	K07493
A1_Brocadia_reactor	K07497
A1_Brocadia_reactor	K07507
A1_Brocadia_reactor	K07533
A1_Brocadia_reactor	K07566
A1_Brocadia_reactor	K07568
A1_Brocadia_reactor	K07576
A1_Brocadia_reactor	K07636
A1_Brocadia_reactor	K07646
A1_Brocadia_reactor	K07667
A1_Brocadia_reactor	K07710
A1_Brocadia_reactor	K07711
A1_Brocadia_reactor	K07713
A1_Brocadia_reactor	K07714
A1_Brocadia_reactor	K07722
A1_Brocadia_reactor	K07723
A1_Brocadia_reactor	K07733
A1_Brocadia_reactor	K07738
A1_Brocadia_reactor	K07787
A1_Brocadia_reactor	K07788
A1_Brocadia_reactor	K07796
A1_Brocadia_reactor	K07798
A1_Brocadia_reactor	K07799
A1_Brocadia_reactor	K07806
A1_Brocadia_reactor	K08084
A1_Brocadia_reactor	K08093
A1_Brocadia_reactor	K08094
A1_Brocadia_reactor	K08097
A1_Brocadia_reactor	K08218
A1_Brocadia_reactor	K08223
A1_Brocadia_reactor	K08300
A1_Brocadia_reactor	K08301
A1_Brocadia_reactor	K08303
A1_Brocadia_reactor	K08304
A1_Brocadia_reactor	K08311
A1_Brocadia_reactor	K08316
A1_Brocadia_reactor	K08321
A1_Brocadia_reactor	K08483
A1_Brocadia_reactor	K08590
A1_Brocadia_reactor	K08591
A1_Brocadia_reactor	K08602
A1_Brocadia_reactor	K08603
A1_Brocadia_reactor	K08679
A1_Brocadia_reactor	K08687
A1_Brocadia_reactor	K08717
A1_Brocadia_reactor	K08869
A1_Brocadia_reactor	K08906
A1_Brocadia_reactor	K08963
A1_Brocadia_reactor	K08978
A1_Brocadia_reactor	K08998
A1_Brocadia_reactor	K08999
A1_Brocadia_reactor	K09001
A1_Brocadia_reactor	K09002
A1_Brocadia_reactor	K09003
A1_Brocadia_reactor	K09005
A1_Brocadia_reactor	K09006
A1_Brocadia_reactor	K09022
A1_Brocadia_reactor	K09117
A1_Brocadia_reactor	K09121
A1_Brocadia_reactor	K09122
A1_Brocadia_reactor	K09129
A1_Brocadia_reactor	K09131
A1_Brocadia_reactor	K09132
A1_Brocadia_reactor	K09141
A1_Brocadia_reactor	K09163
A1_Brocadia_reactor	K09165
A1_Brocadia_reactor	K09458
A1_Brocadia_reactor	K09690
A1_Brocadia_reactor	K09691
A1_Brocadia_reactor	K09710
A1_Brocadia_reactor	K09729
A1_Brocadia_reactor	K09747
A1_Brocadia_reactor	K09760
A1_Brocadia_reactor	K09761
A1_Brocadia_reactor	K09764
A1_Brocadia_reactor	K09765
A1_Brocadia_reactor	K09767
A1_Brocadia_reactor	K09769
A1_Brocadia_reactor	K09771
A1_Brocadia_reactor	K09774
A1_Brocadia_reactor	K09791
A1_Brocadia_reactor	K09793
A1_Brocadia_reactor	K09794
A1_Brocadia_reactor	K09803
A1_Brocadia_reactor	K09808
A1_Brocadia_reactor	K09810
A1_Brocadia_reactor	K09822
A1_Brocadia_reactor	K09825
A1_Brocadia_reactor	K09835
A1_Brocadia_reactor	K09857
A1_Brocadia_reactor	K09859
A1_Brocadia_reactor	K09862
A1_Brocadia_reactor	K09903
A1_Brocadia_reactor	K09931
A1_Brocadia_reactor	K09933
A1_Brocadia_reactor	K09942
A1_Brocadia_reactor	K09949
A1_Brocadia_reactor	K09951
A1_Brocadia_reactor	K09954
A1_Brocadia_reactor	K09978
A1_Brocadia_reactor	K10009
A1_Brocadia_reactor	K10011
A1_Brocadia_reactor	K10012
A1_Brocadia_reactor	K10026
A1_Brocadia_reactor	K10218
A1_Brocadia_reactor	K10236
A1_Brocadia_reactor	K10535
A1_Brocadia_reactor	K10700
A1_Brocadia_reactor	K10716
A1_Brocadia_reactor	K10773
A1_Brocadia_reactor	K10797
A1_Brocadia_reactor	K10848
A1_Brocadia_reactor	K10914
A1_Brocadia_reactor	K10961
A1_Brocadia_reactor	K10966
A1_Brocadia_reactor	K11021
A1_Brocadia_reactor	K11085
A1_Brocadia_reactor	K11105
A1_Brocadia_reactor	K11175
A1_Brocadia_reactor	K11211
A1_Brocadia_reactor	K11355
A1_Brocadia_reactor	K11443
A1_Brocadia_reactor	K11473
A1_Brocadia_reactor	K11527
A1_Brocadia_reactor	K11719
A1_Brocadia_reactor	K11720
A1_Brocadia_reactor	K11741
A1_Brocadia_reactor	K11749
A1_Brocadia_reactor	K11752
A1_Brocadia_reactor	K11753
A1_Brocadia_reactor	K11754
A1_Brocadia_reactor	K11782
A1_Brocadia_reactor	K11783
A1_Brocadia_reactor	K11784
A1_Brocadia_reactor	K11785
A1_Brocadia_reactor	K11890
A1_Brocadia_reactor	K11891
A1_Brocadia_reactor	K11892
A1_Brocadia_reactor	K11893
A1_Brocadia_reactor	K11895
A1_Brocadia_reactor	K11896
A1_Brocadia_reactor	K11897
A1_Brocadia_reactor	K11898
A1_Brocadia_reactor	K11900
A1_Brocadia_reactor	K11901
A1_Brocadia_reactor	K11902
A1_Brocadia_reactor	K11903
A1_Brocadia_reactor	K11904
A1_Brocadia_reactor	K11907
A1_Brocadia_reactor	K11927
A1_Brocadia_reactor	K11991
A1_Brocadia_reactor	K12132
A1_Brocadia_reactor	K12257
A1_Brocadia_reactor	K12264
A1_Brocadia_reactor	K12339
A1_Brocadia_reactor	K12340
A1_Brocadia_reactor	K12410
A1_Brocadia_reactor	K12573
A1_Brocadia_reactor	K12630
A1_Brocadia_reactor	K12634
A1_Brocadia_reactor	K13014
A1_Brocadia_reactor	K13015
A1_Brocadia_reactor	K13017
A1_Brocadia_reactor	K13018
A1_Brocadia_reactor	K13057
A1_Brocadia_reactor	K13075
A1_Brocadia_reactor	K13290
A1_Brocadia_reactor	K13292
A1_Brocadia_reactor	K13378
A1_Brocadia_reactor	K13533
A1_Brocadia_reactor	K13542
A1_Brocadia_reactor	K13598
A1_Brocadia_reactor	K13626
A1_Brocadia_reactor	K13810
A1_Brocadia_reactor	K13819
A1_Brocadia_reactor	K13831
A1_Brocadia_reactor	K13832
A1_Brocadia_reactor	K13926
A1_Brocadia_reactor	K13993
A1_Brocadia_reactor	K14059
A1_Brocadia_reactor	K14136
A1_Brocadia_reactor	K14138
A1_Brocadia_reactor	K14170
A1_Brocadia_reactor	K14205
A1_Brocadia_reactor	K14261
A1_Brocadia_reactor	K14371
A1_Brocadia_reactor	K14373
A1_Brocadia_reactor	K14415
A1_Brocadia_reactor	K14441
A1_Brocadia_reactor	K14623
A1_Brocadia_reactor	K14652
A1_Brocadia_reactor	K14742
A1_Brocadia_reactor	K14746
A1_Brocadia_reactor	K15023
A1_Brocadia_reactor	K15024
A1_Brocadia_reactor	K15034
A1_Brocadia_reactor	K15256
A1_Brocadia_reactor	K15342
A1_Brocadia_reactor	K15383
A1_Brocadia_reactor	K15553
A1_Brocadia_reactor	K15554
A1_Brocadia_reactor	K15555
A1_Brocadia_reactor	K15557
A1_Brocadia_reactor	K15558
A1_Brocadia_reactor	K15635
A1_Brocadia_reactor	K15669
A1_Brocadia_reactor	K15725
A1_Brocadia_reactor	K15726
A1_Brocadia_reactor	K15727
A1_Brocadia_reactor	K15738
A1_Brocadia_reactor	K15753
A1_Brocadia_reactor	K15778
A1_Brocadia_reactor	K15836
A1_Brocadia_reactor	K15865
A1_Brocadia_reactor	K15876
A1_Brocadia_reactor	K15954
A1_Brocadia_reactor	K15970
A1_Brocadia_reactor	K15987
A1_Brocadia_reactor	K16011
A1_Brocadia_reactor	K16030
A1_Brocadia_reactor	K16032
A1_Brocadia_reactor	K16092
A1_Brocadia_reactor	K16106
A1_Brocadia_reactor	K16108
A1_Brocadia_reactor	K16109
A1_Brocadia_reactor	K16110
A1_Brocadia_reactor	K16111
A1_Brocadia_reactor	K16112
A1_Brocadia_reactor	K16114
A1_Brocadia_reactor	K16116
A1_Brocadia_reactor	K16117
A1_Brocadia_reactor	K16149
A1_Brocadia_reactor	K16179
A1_Brocadia_reactor	K16239
A1_Brocadia_reactor	K16264
A1_Brocadia_reactor	K16399
A1_Brocadia_reactor	K16418
A1_Brocadia_reactor	K16419
A1_Brocadia_reactor	K16450
A1_Brocadia_reactor	K16557
A1_Brocadia_reactor	K16566
A1_Brocadia_reactor	K16649
A1_Brocadia_reactor	K16868
A1_Brocadia_reactor	K16870
A1_Brocadia_reactor	K16898
A1_Brocadia_reactor	K16899
A1_Brocadia_reactor	K17048
A1_Brocadia_reactor	K17049
A1_Brocadia_reactor	K17051
A1_Brocadia_reactor	K17068
A1_Brocadia_reactor	K17103
A1_Brocadia_reactor	K17223
A1_Brocadia_reactor	K17686
A1_Brocadia_reactor	K17713
A1_Brocadia_reactor	K17725
A1_Brocadia_reactor	K17758
A1_Brocadia_reactor	K17828
A1_Brocadia_reactor	K17832
A1_Brocadia_reactor	K18138
A1_Brocadia_reactor	K18139
A1_Brocadia_reactor	K18285
A1_Brocadia_reactor	K18367
A1_Brocadia_reactor	K18535
A1_Brocadia_reactor	K18672
A1_Brocadia_reactor	K18678
A1_Brocadia_reactor	K18682
A1_Brocadia_reactor	K18814
A1_Brocadia_reactor	K18825
A1_Brocadia_reactor	K18828
A1_Brocadia_reactor	K18829
A1_Brocadia_reactor	K18843
A1_Brocadia_reactor	K18889
A1_Brocadia_reactor	K18890
A1_Brocadia_reactor	K18904
A1_Brocadia_reactor	K19091
A1_Brocadia_reactor	K19092
A1_Brocadia_reactor	K19115
A1_Brocadia_reactor	K19116
A1_Brocadia_reactor	K19117
A1_Brocadia_reactor	K19118
A1_Brocadia_reactor	K19119
A1_Brocadia_reactor	K19138
A1_Brocadia_reactor	K19139
A1_Brocadia_reactor	K19140
A1_Brocadia_reactor	K19157
A1_Brocadia_reactor	K19158
A1_Brocadia_reactor	K19159
A1_Brocadia_reactor	K19191
A1_Brocadia_reactor	K19221
A1_Brocadia_reactor	K19405
A1_Brocadia_reactor	K19411
A1_Brocadia_reactor	K19430
A1_Brocadia_reactor	K19653
A1_Brocadia_reactor	K19710
A1_Brocadia_reactor	K19802
A1_Brocadia_reactor	K19960
A1_Brocadia_reactor	K19961
A1_Brocadia_reactor	K19962
A1_Brocadia_reactor	K20074
A1_Brocadia_reactor	K20386
A1_Brocadia_reactor	K20429
A1_Brocadia_reactor	K20534
A1_Brocadia_reactor	K20542
A1_Brocadia_reactor	K20567
A1_Brocadia_reactor	K20572
A1_Brocadia_reactor	K20615
A1_Brocadia_reactor	K20707
A1_Brocadia_reactor	K20810
A1_Brocadia_reactor	K20920
A1_Brocadia_reactor	K20932
A1_Brocadia_reactor	K20933
A1_Brocadia_reactor	K20934
A1_Brocadia_reactor	K20935
A1_Brocadia_reactor	K20950
A1_Brocadia_reactor	K21023
A1_Brocadia_reactor	K21029
A1_Brocadia_reactor	K21071
A1_Brocadia_reactor	K21084
A1_Brocadia_reactor	K21153
A1_Brocadia_reactor	K21254
A1_Brocadia_reactor	K21320
A1_Brocadia_reactor	K21326
A1_Brocadia_reactor	K21365
A1_Brocadia_reactor	K21498
A1_Brocadia_reactor	K21586
A1_Brocadia_reactor	K21636
A1_Brocadia_reactor	K21836
A1_Brocadia_reactor	K21929
A1_Brocadia_reactor	K21977
A1_Brocadia_reactor	K21993
A1_Brocadia_reactor	K22205
A1_Brocadia_reactor	K22224
A1_Brocadia_reactor	K22225
A1_Brocadia_reactor	K22226
A1_Brocadia_reactor	K22227
A1_Brocadia_reactor	K22362
A1_Brocadia_reactor	K22405
A1_Brocadia_reactor	K22522
A1_Brocadia_reactor	K22844
A1_Brocadia_reactor	K22900
A1_Brocadia_reactor	K23101
A1_Brocadia_reactor	K23102
A1_Brocadia_reactor	K23103
A1_Brocadia_reactor	K23105
A1_Brocadia_reactor	K23130
A1_Brocadia_reactor	K23131
A1_Brocadia_reactor	K23144
A1_Brocadia_reactor	K23199
A1_Brocadia_reactor	K23202
A1_Brocadia_reactor	K23229
A1_Brocadia_reactor	K23230
A1_Brocadia_reactor	K23251
A1_Brocadia_reactor	K23265
A1_Brocadia_reactor	K23270
A1_Brocadia_reactor	K23349
A1_Brocadia_reactor	K23365
A1_Brocadia_reactor	K23367
A1_Brocadia_reactor	K23397
A1_Brocadia_reactor	K23424
A1_Brocadia_reactor	K23518
A1_Brocadia_reactor	K23541
A1_Brocadia_reactor	K23683
A1_Brocadia_reactor	K23738
A1_Brocadia_reactor	K23744
A1_Brocadia_reactor	K23876
A1_Brocadia_reactor	K24012
A1_Brocadia_reactor	K24122
A1_Brocadia_reactor	K24245
A1_Brocadia_reactor	K24288
A1_Brocadia_reactor	K24528
A1_Brocadia_reactor	K24557
A1_Brocadia_reactor	K24558
A1_Brocadia_reactor	K24559
A1_Brocadia_reactor	K24567
A1_Brocadia_reactor	K24568
A1_Brocadia_reactor	K24569
A1_Brocadia_reactor	K24649
A1_Brocadia_reactor	K24698
A1_Brocadia_reactor	K24866
A1_Brocadia_reactor	K24956
A1_Brocadia_reactor	K25026
A1_Brocadia_reactor	K25135
A1_Brocadia_reactor	K25151
A1_Brocadia_reactor	K25152
A1_Brocadia_reactor	K25153
A1_Brocadia_reactor	K25197
A1_Brocadia_reactor	K25499
A1_Brocadia_reactor	K25706
A1_Brocadia_reactor	K26073
A1_Brocadia_reactor	K26217
A1_Brocadia_reactor	K26272
A1_Brocadia_reactor	K26569
A1_Brocadia_reactor	K26576
A1_Brocadia_reactor	K26730
A1_Brocadia_reactor	K26732
A1_Brocadia_reactor	K26937
A1_Brocadia_reactor	K26939
A1_Brocadia_reactor	K26986
A1_Brocadia_reactor	K27305
A1_Brocadia_reactor	K27683
A1_Brocadia_reactor	K28014
A1_Brocadia_reactor	K28152
A1_Brocadia_reactor	K28186
A1_Brocadia_reactor	K28187
A1_Brocadia_reactor	K28214
A1_Brocadia_reactor	K28267
A1_Brocadia_reactor	K28279
A1_Brocadia_reactor	K28280
A1_Brocadia_reactor	K28568
A1_Brocadia_reactor	K28569
A1_Brocadia_reactor	K28570
A1_Brocadia_reactor	K28571
A1_Brocadia_reactor	K28572
A1_Brocadia_reactor	K28588
A1_Brocadia_reactor	K28589
A1_Brocadia_reactor	K28640
A1_Brocadia_reactor	K28641
D1_Paracoccus_soil	K00003
D1_Paracoccus_soil	K00004
D1_Paracoccus_soil	K00010
D1_Paracoccus_soil	K00013
D1_Paracoccus_soil	K00014
D1_Paracoccus_soil	K00015
D1_Paracoccus_soil	K00019
D1_Paracoccus_soil	K00020
D1_Paracoccus_soil	K00023
D1_Paracoccus_soil	K00024
D1_Paracoccus_soil	K00029
D1_Paracoccus_soil	K00031
D1_Paracoccus_soil	K00033
D1_Paracoccus_soil	K00035
D1_Paracoccus_soil	K00036
D1_Paracoccus_soil	K00039
D1_Paracoccus_soil	K00040
D1_Paracoccus_soil	K00045
D1_Paracoccus_soil	K00052
D1_Paracoccus_soil	K00053
D1_Paracoccus_soil	K00057
D1_Paracoccus_soil	K00058
D1_Paracoccus_soil	K00059
D1_Paracoccus_soil	K00067
D1_Paracoccus_soil	K00074
D1_Paracoccus_soil	K00075
D1_Paracoccus_soil	K00076
D1_Paracoccus_soil	K00077
D1_Paracoccus_soil	K00088
D1_Paracoccus_soil	K00097
D1_Paracoccus_soil	K00098
D1_Paracoccus_soil	K00099
D1_Paracoccus_soil	K00101
D1_Paracoccus_soil	K00102
D1_Paracoccus_soil	K00104
D1_Paracoccus_soil	K00108
D1_Paracoccus_soil	K00111
D1_Paracoccus_soil	K00121
D1_Paracoccus_soil	K00122
D1_Paracoccus_soil	K00123
D1_Paracoccus_soil	K00124
D1_Paracoccus_soil	K00126
D1_Paracoccus_soil	K00127
D1_Paracoccus_soil	K00128
D1_Paracoccus_soil	K00133
D1_Paracoccus_soil	K00134
D1_Paracoccus_soil	K00135
D1_Paracoccus_soil	K00138
D1_Paracoccus_soil	K00140
D1_Paracoccus_soil	K00145
D1_Paracoccus_soil	K00147
D1_Paracoccus_soil	K00148
D1_Paracoccus_soil	K00154
D1_Paracoccus_soil	K00161
D1_Paracoccus_soil	K00162
D1_Paracoccus_soil	K00164
D1_Paracoccus_soil	K00166
D1_Paracoccus_soil	K00167
D1_Paracoccus_soil	K00208
D1_Paracoccus_soil	K00215
D1_Paracoccus_soil	K00216
D1_Paracoccus_soil	K00220
D1_Paracoccus_soil	K00228
D1_Paracoccus_soil	K00239
D1_Paracoccus_soil	K00240
D1_Paracoccus_soil	K00242
D1_Paracoccus_soil	K00248
D1_Paracoccus_soil	K00249
D1_Paracoccus_soil	K00252
D1_Paracoccus_soil	K00253
D1_Paracoccus_soil	K00254
D1_Paracoccus_soil	K00259
D1_Paracoccus_soil	K00262
D1_Paracoccus_soil	K00263
D1_Paracoccus_soil	K00265
D1_Paracoccus_soil	K00266
D1_Paracoccus_soil	K00275
D1_Paracoccus_soil	K00278
D1_Paracoccus_soil	K00281
D1_Paracoccus_soil	K00285
D1_Paracoccus_soil	K00286
D1_Paracoccus_soil	K00290
D1_Paracoccus_soil	K00297
D1_Paracoccus_soil	K00299
D1_Paracoccus_soil	K00302
D1_Paracoccus_soil	K00303
D1_Paracoccus_soil	K00304
D1_Paracoccus_soil	K00311
D1_Paracoccus_soil	K00315
D1_Paracoccus_soil	K00324
D1_Paracoccus_soil	K00325
D1_Paracoccus_soil	K00330
D1_Paracoccus_soil	K00331
D1_Paracoccus_soil	K00333
D1_Paracoccus_soil	K00334
D1_Paracoccus_soil	K00335
D1_Paracoccus_soil	K00337
D1_Paracoccus_soil	K00338
D1_Paracoccus_soil	K00339
D1_Paracoccus_soil	K00340
D1_Paracoccus_soil	K00341
D1_Paracoccus_soil	K00342
D1_Paracoccus_soil	K00343
D1_Paracoccus_soil	K00344
D1_Paracoccus_soil	K00362
D1_Paracoccus_soil	K00363
D1_Paracoccus_soil	K00372
D1_Paracoccus_soil	K00373
D1_Paracoccus_soil	K00374
D1_Paracoccus_soil	K00375
D1_Paracoccus_soil	K00376
D1_Paracoccus_soil	K00382
D1_Paracoccus_soil	K00383
D1_Paracoccus_soil	K00384
D1_Paracoccus_soil	K00390
D1_Paracoccus_soil	K00404
D1_Paracoccus_soil	K00405
D1_Paracoccus_soil	K00406
D1_Paracoccus_soil	K00407
D1_Paracoccus_soil	K00411
D1_Paracoccus_soil	K00412
D1_Paracoccus_soil	K00413
D1_Paracoccus_soil	K00425
D1_Paracoccus_soil	K00426
D1_Paracoccus_soil	K00428
D1_Paracoccus_soil	K00448
D1_Paracoccus_soil	K00449
D1_Paracoccus_soil	K00450
D1_Paracoccus_soil	K00451
D1_Paracoccus_soil	K00457
D1_Paracoccus_soil	K00459
D1_Paracoccus_soil	K00479
D1_Paracoccus_soil	K00481
D1_Paracoccus_soil	K00496
D1_Paracoccus_soil	K00525
D1_Paracoccus_soil	K00526
D1_Paracoccus_soil	K00529
D1_Paracoccus_soil	K00537
D1_Paracoccus_soil	K00548
D1_Paracoccus_soil	K00549
D1_Paracoccus_soil	K00554
D1_Paracoccus_soil	K00558
D1_Paracoccus_soil	K00564
D1_Paracoccus_soil	K00566
D1_Paracoccus_soil	K00567
D1_Paracoccus_soil	K00568
D1_Paracoccus_soil	K00570
D1_Paracoccus_soil	K00571
D1_Paracoccus_soil	K00573
D1_Paracoccus_soil	K00574
D1_Paracoccus_soil	K00595
D1_Paracoccus_soil	K00600
D1_Paracoccus_soil	K00602
D1_Paracoccus_soil	K00604
D1_Paracoccus_soil	K00605
D1_Paracoccus_soil	K00606
D1_Paracoccus_soil	K00609
D1_Paracoccus_soil	K00611
D1_Paracoccus_soil	K00615
D1_Paracoccus_soil	K00616
D1_Paracoccus_soil	K00620
D1_Paracoccus_soil	K00625
D1_Paracoccus_soil	K00626
D1_Paracoccus_soil	K00627
D1_Paracoccus_soil	K00632
D1_Paracoccus_soil	K00638
D1_Paracoccus_soil	K00640
D1_Paracoccus_soil	K00643
D1_Paracoccus_soil	K00645
D1_Paracoccus_soil	K00647
D1_Paracoccus_soil	K00648
D1_Paracoccus_soil	K00651
D1_Paracoccus_soil	K00655
D1_Paracoccus_soil	K00658
D1_Paracoccus_soil	K00661
D1_Paracoccus_soil	K00662
D1_Paracoccus_soil	K00663
D1_Paracoccus_soil	K00674
D1_Paracoccus_soil	K00677
D1_Paracoccus_soil	K00681
D1_Paracoccus_soil	K00684
D1_Paracoccus_soil	K00688
D1_Paracoccus_soil	K00700
D1_Paracoccus_soil	K00703
D1_Paracoccus_soil	K00705
D1_Paracoccus_soil	K00748
D1_Paracoccus_soil	K00759
D1_Paracoccus_soil	K00761
D1_Paracoccus_soil	K00762
D1_Paracoccus_soil	K00763
D1_Paracoccus_soil	K00764
D1_Paracoccus_soil	K00765
D1_Paracoccus_soil	K00766
D1_Paracoccus_soil	K00767
D1_Paracoccus_soil	K00768
D1_Paracoccus_soil	K00769
D1_Paracoccus_soil	K00773
D1_Paracoccus_soil	K00782
D1_Paracoccus_soil	K00783
D1_Paracoccus_soil	K00784
D1_Paracoccus_soil	K00788
D1_Paracoccus_soil	K00789
D1_Paracoccus_soil	K00790
D1_Paracoccus_soil	K00791
D1_Paracoccus_soil	K00793
D1_Paracoccus_soil	K00794
D1_Paracoccus_soil	K00796
D1_Paracoccus_soil	K00798
D1_Paracoccus_soil	K00799
D1_Paracoccus_soil	K00800
D1_Paracoccus_soil	K00806
D1_Paracoccus_soil	K00812
D1_Paracoccus_soil	K00813
D1_Paracoccus_soil	K00817
D1_Paracoccus_soil	K00820
D1_Paracoccus_soil	K00821
D1_Paracoccus_soil	K00823
D1_Paracoccus_soil	K00824
D1_Paracoccus_soil	K00826
D1_Paracoccus_soil	K00831
D1_Paracoccus_soil	K00833
D1_Paracoccus_soil	K00845
D1_Paracoccus_soil	K00847
D1_Paracoccus_soil	K00851
D1_Paracoccus_soil	K00852
D1_Paracoccus_soil	K00854
D1_Paracoccus_soil	K00857
D1_Paracoccus_soil	K00858
D1_Paracoccus_soil	K00859
D1_Paracoccus_soil	K00860
D1_Paracoccus_soil	K00864
D1_Paracoccus_soil	K00865
D1_Paracoccus_soil	K00868
D1_Paracoccus_soil	K00873
D1_Paracoccus_soil	K00874
D1_Paracoccus_soil	K00875
D1_Paracoccus_soil	K00883
D1_Paracoccus_soil	K00891
D1_Paracoccus_soil	K00912
D1_Paracoccus_soil	K00919
D1_Paracoccus_soil	K00925
D1_Paracoccus_soil	K00927
D1_Paracoccus_soil	K00928
D1_Paracoccus_soil	K00930
D1_Paracoccus_soil	K00931
D1_Paracoccus_soil	K00937
D1_Paracoccus_soil	K00939
D1_Paracoccus_soil	K00940
D1_Paracoccus_soil	K00941
D1_Paracoccus_soil	K00942
D1_Paracoccus_soil	K00943
D1_Paracoccus_soil	K00945
D1_Paracoccus_soil	K00948
D1_Paracoccus_soil	K00949
D1_Paracoccus_soil	K00950
D1_Paracoccus_soil	K00954
D1_Paracoccus_soil	K00955
D1_Paracoccus_soil	K00956
D1_Paracoccus_soil	K00957
D1_Paracoccus_soil	K00962
D1_Paracoccus_soil	K00969
D1_Paracoccus_soil	K00971
D1_Paracoccus_soil	K00973
D1_Paracoccus_soil	K00975
D1_Paracoccus_soil	K00979
D1_Paracoccus_soil	K00980
D1_Paracoccus_soil	K00981
D1_Paracoccus_soil	K00982
D1_Paracoccus_soil	K00984
D1_Paracoccus_soil	K00986
D1_Paracoccus_soil	K00989
D1_Paracoccus_soil	K00990
D1_Paracoccus_soil	K00992
D1_Paracoccus_soil	K00995
D1_Paracoccus_soil	K00997
D1_Paracoccus_soil	K01000
D1_Paracoccus_soil	K01004
D1_Paracoccus_soil	K01006
D1_Paracoccus_soil	K01008
D1_Paracoccus_soil	K01011
D1_Paracoccus_soil	K01012
D1_Paracoccus_soil	K01028
D1_Paracoccus_soil	K01029
D1_Paracoccus_soil	K01031
D1_Paracoccus_soil	K01032
D1_Paracoccus_soil	K01039
D1_Paracoccus_soil	K01040
D1_Paracoccus_soil	K01042
D1_Paracoccus_soil	K01048
D1_Paracoccus_soil	K01055
D1_Paracoccus_soil	K01056
D1_Paracoccus_soil	K01057
D1_Paracoccus_soil	K01061
D1_Paracoccus_soil	K01069
D1_Paracoccus_soil	K01070
D1_Paracoccus_soil	K01075
D1_Paracoccus_soil	K01079
D1_Paracoccus_soil	K01081
D1_Paracoccus_soil	K01082
D1_Paracoccus_soil	K01091
D1_Paracoccus_soil	K01092
D1_Paracoccus_soil	K01095
D1_Paracoccus_soil	K01115
D1_Paracoccus_soil	K01118
D1_Paracoccus_soil	K01119
D1_Paracoccus_soil	K01129
D1_Paracoccus_soil	K01133
D1_Paracoccus_soil	K01139
D1_Paracoccus_soil	K01142
D1_Paracoccus_soil	K01159
D1_Paracoccus_soil	K01160
D1_Paracoccus_soil	K01166
D1_Paracoccus_soil	K01173
D1_Paracoccus_soil	K01175
D1_Paracoccus_soil	K01207
D1_Paracoccus_soil	K01214
D1_Paracoccus_soil	K01241
D1_Paracoccus_soil	K01243
D1_Paracoccus_soil	K01246
D1_Paracoccus_soil	K01247
D1_Paracoccus_soil	K01251
D1_Paracoccus_soil	K01255
D1_Paracoccus_soil	K01256
D1_Paracoccus_soil	K01259
D1_Paracoccus_soil	K01262
D1_Paracoccus_soil	K01265
D1_Paracoccus_soil	K01273
D1_Paracoccus_soil	K01284
D1_Paracoccus_soil	K01286
D1_Paracoccus_soil	K01299
D1_Paracoccus_soil	K01338
D1_Paracoccus_soil	K01356
D1_Paracoccus_soil	K01358
D1_Paracoccus_soil	K01406
D1_Paracoccus_soil	K01419
D1_Paracoccus_soil	K01424
D1_Paracoccus_soil	K01426
D1_Paracoccus_soil	K01428
D1_Paracoccus_soil	K01429
D1_Paracoccus_soil	K01430
D1_Paracoccus_soil	K01432
D1_Paracoccus_soil	K01433
D1_Paracoccus_soil	K01434
D1_Paracoccus_soil	K01438
D1_Paracoccus_soil	K01439
D1_Paracoccus_soil	K01443
D1_Paracoccus_soil	K01448
D1_Paracoccus_soil	K01449
D1_Paracoccus_soil	K01451
D1_Paracoccus_soil	K01455
D1_Paracoccus_soil	K01458
D1_Paracoccus_soil	K01462
D1_Paracoccus_soil	K01464
D1_Paracoccus_soil	K01465
D1_Paracoccus_soil	K01467
D1_Paracoccus_soil	K01468
D1_Paracoccus_soil	K01470
D1_Paracoccus_soil	K01473
D1_Paracoccus_soil	K01474
D1_Paracoccus_soil	K01476
D1_Paracoccus_soil	K01480
D1_Paracoccus_soil	K01483
D1_Paracoccus_soil	K01485
D1_Paracoccus_soil	K01486
D1_Paracoccus_soil	K01487
D1_Paracoccus_soil	K01489
D1_Paracoccus_soil	K01491
D1_Paracoccus_soil	K01494
D1_Paracoccus_soil	K01496
D1_Paracoccus_soil	K01497
D1_Paracoccus_soil	K01519
D1_Paracoccus_soil	K01520
D1_Paracoccus_soil	K01523
D1_Paracoccus_soil	K01524
D1_Paracoccus_soil	K01534
D1_Paracoccus_soil	K01555
D1_Paracoccus_soil	K01556
D1_Paracoccus_soil	K01560
D1_Paracoccus_soil	K01578
D1_Paracoccus_soil	K01581
D1_Paracoccus_soil	K01586
D1_Paracoccus_soil	K01588
D1_Paracoccus_soil	K01589
D1_Paracoccus_soil	K01591
D1_Paracoccus_soil	K01599
D1_Paracoccus_soil	K01602
D1_Paracoccus_soil	K01607
D1_Paracoccus_soil	K01609
D1_Paracoccus_soil	K01610
D1_Paracoccus_soil	K01613
D1_Paracoccus_soil	K01619
D1_Paracoccus_soil	K01620
D1_Paracoccus_soil	K01624
D1_Paracoccus_soil	K01625
D1_Paracoccus_soil	K01626
D1_Paracoccus_soil	K01627
D1_Paracoccus_soil	K01628
D1_Paracoccus_soil	K01631
D1_Paracoccus_soil	K01633
D1_Paracoccus_soil	K01637
D1_Paracoccus_soil	K01638
D1_Paracoccus_soil	K01640
D1_Paracoccus_soil	K01644
D1_Paracoccus_soil	K01647
D1_Paracoccus_soil	K01649
D1_Paracoccus_soil	K01652
D1_Paracoccus_soil	K01653
D1_Paracoccus_soil	K01657
D1_Paracoccus_soil	K01658
D1_Paracoccus_soil	K01659
D1_Paracoccus_soil	K01662
D1_Paracoccus_soil	K01664
D1_Paracoccus_soil	K01673
D1_Paracoccus_soil	K01676
D1_Paracoccus_soil	K01679
D1_Paracoccus_soil	K01682
D1_Paracoccus_soil	K01686
D1_Paracoccus_soil	K01687
D1_Paracoccus_soil	K01689
D1_Paracoccus_soil	K01690
D1_Paracoccus_soil	K01692
D1_Paracoccus_soil	K01693
D1_Paracoccus_soil	K01695
D1_Paracoccus_soil	K01696
D1_Paracoccus_soil	K01698
D1_Paracoccus_soil	K01703
D1_Paracoccus_soil	K01704
D1_Paracoccus_soil	K01710
D1_Paracoccus_soil	K01711
D1_Paracoccus_soil	K01712
D1_Paracoccus_soil	K01714
D1_Paracoccus_soil	K01715
D1_Paracoccus_soil	K01716
D1_Paracoccus_soil	K01719
D1_Paracoccus_soil	K01720
D1_Paracoccus_soil	K01724
D1_Paracoccus_soil	K01726
D1_Paracoccus_soil	K01733
D1_Paracoccus_soil	K01735
D1_Paracoccus_soil	K01736
D1_Paracoccus_soil	K01737
D1_Paracoccus_soil	K01740
D1_Paracoccus_soil	K01744
D1_Paracoccus_soil	K01745
D1_Paracoccus_soil	K01749
D1_Paracoccus_soil	K01750
D1_Paracoccus_soil	K01752
D1_Paracoccus_soil	K01754
D1_Paracoccus_soil	K01755
D1_Paracoccus_soil	K01756
D1_Paracoccus_soil	K01759
D1_Paracoccus_soil	K01772
D1_Paracoccus_soil	K01775
D1_Paracoccus_soil	K01776
D1_Paracoccus_soil	K01777
D1_Paracoccus_soil	K01778
D1_Paracoccus_soil	K01782
D1_Paracoccus_soil	K01783
D1_Paracoccus_soil	K01784
D1_Paracoccus_soil	K01785
D1_Paracoccus_soil	K01790
D1_Paracoccus_soil	K01796
D1_Paracoccus_soil	K01799
D1_Paracoccus_soil	K01800
D1_Paracoccus_soil	K01803
D1_Paracoccus_soil	K01805
D1_Paracoccus_soil	K01807
D1_Paracoccus_soil	K01810
D1_Paracoccus_soil	K01814
D1_Paracoccus_soil	K01816
D1_Paracoccus_soil	K01817
D1_Paracoccus_soil	K01821
D1_Paracoccus_soil	K01835
D1_Paracoccus_soil	K01839
D1_Paracoccus_soil	K01843
D1_Paracoccus_soil	K01847
D1_Paracoccus_soil	K01854
D1_Paracoccus_soil	K01856
D1_Paracoccus_soil	K01857
D1_Paracoccus_soil	K01866
D1_Paracoccus_soil	K01867
D1_Paracoccus_soil	K01868
D1_Paracoccus_soil	K01869
D1_Paracoccus_soil	K01870
D1_Paracoccus_soil	K01872
D1_Paracoccus_soil	K01873
D1_Paracoccus_soil	K01874
D1_Paracoccus_soil	K01875
D1_Paracoccus_soil	K01876
D1_Paracoccus_soil	K01878
D1_Paracoccus_soil	K01879
D1_Paracoccus_soil	K01881
D1_Paracoccus_soil	K01883
D1_Paracoccus_soil	K01885
D1_Paracoccus_soil	K01887
D1_Paracoccus_soil	K01889
D1_Paracoccus_soil	K01890
D1_Paracoccus_soil	K01892
D1_Paracoccus_soil	K01894
D1_Paracoccus_soil	K01895
D1_Paracoccus_soil	K01897
D1_Paracoccus_soil	K01902
D1_Paracoccus_soil	K01903
D1_Paracoccus_soil	K01908
D1_Paracoccus_soil	K01912
D1_Paracoccus_soil	K01915
D1_Paracoccus_soil	K01916
D1_Paracoccus_soil	K01918
D1_Paracoccus_soil	K01919
D1_Paracoccus_soil	K01920
D1_Paracoccus_soil	K01921
D1_Paracoccus_soil	K01923
D1_Paracoccus_soil	K01924
D1_Paracoccus_soil	K01925
D1_Paracoccus_soil	K01928
D1_Paracoccus_soil	K01929
D1_Paracoccus_soil	K01933
D1_Paracoccus_soil	K01934
D1_Paracoccus_soil	K01935
D1_Paracoccus_soil	K01937
D1_Paracoccus_soil	K01938
D1_Paracoccus_soil	K01939
D1_Paracoccus_soil	K01940
D1_Paracoccus_soil	K01945
D1_Paracoccus_soil	K01951
D1_Paracoccus_soil	K01955
D1_Paracoccus_soil	K01956
D1_Paracoccus_soil	K01958
D1_Paracoccus_soil	K01961
D1_Paracoccus_soil	K01962
D1_Paracoccus_soil	K01963
D1_Paracoccus_soil	K01965
D1_Paracoccus_soil	K01966
D1_Paracoccus_soil	K01968
D1_Paracoccus_soil	K01969
D1_Paracoccus_soil	K01972
D1_Paracoccus_soil	K01975
D1_Paracoccus_soil	K01990
D1_Paracoccus_soil	K01991
D1_Paracoccus_soil	K01992
D1_Paracoccus_soil	K01993
D1_Paracoccus_soil	K01995
D1_Paracoccus_soil	K01996
D1_Paracoccus_soil	K01997
D1_Paracoccus_soil	K01998
D1_Paracoccus_soil	K01999
D1_Paracoccus_soil	K02000
D1_Paracoccus_soil	K02001
D1_Paracoccus_soil	K02002
D1_Paracoccus_soil	K02003
D1_Paracoccus_soil	K02004
D1_Paracoccus_soil	K02005
D1_Paracoccus_soil	K02010
D1_Paracoccus_soil	K02011
D1_Paracoccus_soil	K02012
D1_Paracoccus_soil	K02013
D1_Paracoccus_soil	K02014
D1_Paracoccus_soil	K02015
D1_Paracoccus_soil	K02016
D1_Paracoccus_soil	K02017
D1_Paracoccus_soil	K02018
D1_Paracoccus_soil	K02019
D1_Paracoccus_soil	K02020
D1_Paracoccus_soil	K02025
D1_Paracoccus_soil	K02026
D1_Paracoccus_soil	K02027
D1_Paracoccus_soil	K02028
D1_Paracoccus_soil	K02029
D1_Paracoccus_soil	K02030
D1_Paracoccus_soil	K02031
D1_Paracoccus_soil	K02032
D1_Paracoccus_soil	K02033
D1_Paracoccus_soil	K02034
D1_Paracoccus_soil	K02035
D1_Paracoccus_soil	K02036
D1_Paracoccus_soil	K02037
D1_Paracoccus_soil	K02038
D1_Paracoccus_soil	K02039
D1_Paracoccus_soil	K02040
D1_Paracoccus_soil	K02041
D1_Paracoccus_soil	K02042
D1_Paracoccus_soil	K02043
D1_Paracoccus_soil	K02044
D1_Paracoccus_soil	K02045
D1_Paracoccus_soil	K02046
D1_Paracoccus_soil	K02047
D1_Paracoccus_soil	K02049
D1_Paracoccus_soil	K02050
D1_Paracoccus_soil	K02051
D1_Paracoccus_soil	K02052
D1_Paracoccus_soil	K02053
D1_Paracoccus_soil	K02054
D1_Paracoccus_soil	K02055
D1_Paracoccus_soil	K02056
D1_Paracoccus_soil	K02065
D1_Paracoccus_soil	K02066
D1_Paracoccus_soil	K02067
D1_Paracoccus_soil	K02071
D1_Paracoccus_soil	K02072
D1_Paracoccus_soil	K02073
D1_Paracoccus_soil	K02074
D1_Paracoccus_soil	K02075
D1_Paracoccus_soil	K02077
D1_Paracoccus_soil	K02078
D1_Paracoccus_soil	K02108
D1_Paracoccus_soil	K02109
D1_Paracoccus_soil	K02110
D1_Paracoccus_soil	K02111
D1_Paracoccus_soil	K02112
D1_Paracoccus_soil	K02113
D1_Paracoccus_soil	K02114
D1_Paracoccus_soil	K02115
D1_Paracoccus_soil	K02116
D1_Paracoccus_soil	K02133
D1_Paracoccus_soil	K02160
D1_Paracoccus_soil	K02164
D1_Paracoccus_soil	K02167
D1_Paracoccus_soil	K02169
D1_Paracoccus_soil	K02189
D1_Paracoccus_soil	K02193
D1_Paracoccus_soil	K02194
D1_Paracoccus_soil	K02195
D1_Paracoccus_soil	K02196
D1_Paracoccus_soil	K02197
D1_Paracoccus_soil	K02198
D1_Paracoccus_soil	K02199
D1_Paracoccus_soil	K02200
D1_Paracoccus_soil	K02221
D1_Paracoccus_soil	K02224
D1_Paracoccus_soil	K02225
D1_Paracoccus_soil	K02227
D1_Paracoccus_soil	K02228
D1_Paracoccus_soil	K02229
D1_Paracoccus_soil	K02230
D1_Paracoccus_soil	K02231
D1_Paracoccus_soil	K02232
D1_Paracoccus_soil	K02233
D1_Paracoccus_soil	K02234
D1_Paracoccus_soil	K02238
D1_Paracoccus_soil	K02242
D1_Paracoccus_soil	K02257
D1_Paracoccus_soil	K02258
D1_Paracoccus_soil	K02259
D1_Paracoccus_soil	K02274
D1_Paracoccus_soil	K02275
D1_Paracoccus_soil	K02276
D1_Paracoccus_soil	K02297
D1_Paracoccus_soil	K02298
D1_Paracoccus_soil	K02299
D1_Paracoccus_soil	K02300
D1_Paracoccus_soil	K02303
D1_Paracoccus_soil	K02305
D1_Paracoccus_soil	K02313
D1_Paracoccus_soil	K02314
D1_Paracoccus_soil	K02316
D1_Paracoccus_soil	K02335
D1_Paracoccus_soil	K02337
D1_Paracoccus_soil	K02338
D1_Paracoccus_soil	K02339
D1_Paracoccus_soil	K02340
D1_Paracoccus_soil	K02341
D1_Paracoccus_soil	K02342
D1_Paracoccus_soil	K02343
D1_Paracoccus_soil	K02346
D1_Paracoccus_soil	K02348
D1_Paracoccus_soil	K02355
D1_Paracoccus_soil	K02356
D1_Paracoccus_soil	K02357
D1_Paracoccus_soil	K02358
D1_Paracoccus_soil	K02361
D1_Paracoccus_soil	K02362
D1_Paracoccus_soil	K02363
D1_Paracoccus_soil	K02364
D1_Paracoccus_soil	K02372
D1_Paracoccus_soil	K02377
D1_Paracoccus_soil	K02379
D1_Paracoccus_soil	K02380
D1_Paracoccus_soil	K02386
D1_Paracoccus_soil	K02387
D1_Paracoccus_soil	K02388
D1_Paracoccus_soil	K02389
D1_Paracoccus_soil	K02390
D1_Paracoccus_soil	K02391
D1_Paracoccus_soil	K02392
D1_Paracoccus_soil	K02393
D1_Paracoccus_soil	K02394
D1_Paracoccus_soil	K02396
D1_Paracoccus_soil	K02406
D1_Paracoccus_soil	K02408
D1_Paracoccus_soil	K02409
D1_Paracoccus_soil	K02410
D1_Paracoccus_soil	K02415
D1_Paracoccus_soil	K02416
D1_Paracoccus_soil	K02419
D1_Paracoccus_soil	K02420
D1_Paracoccus_soil	K02426
D1_Paracoccus_soil	K02427
D1_Paracoccus_soil	K02433
D1_Paracoccus_soil	K02434
D1_Paracoccus_soil	K02435
D1_Paracoccus_soil	K02437
D1_Paracoccus_soil	K02438
D1_Paracoccus_soil	K02444
D1_Paracoccus_soil	K02448
D1_Paracoccus_soil	K02469
D1_Paracoccus_soil	K02470
D1_Paracoccus_soil	K02483
D1_Paracoccus_soil	K02488
D1_Paracoccus_soil	K02493
D1_Paracoccus_soil	K02495
D1_Paracoccus_soil	K02498
D1_Paracoccus_soil	K02500
D1_Paracoccus_soil	K02501
D1_Paracoccus_soil	K02503
D1_Paracoccus_soil	K02510
D1_Paracoccus_soil	K02517
D1_Paracoccus_soil	K02518
D1_Paracoccus_soil	K02519
D1_Paracoccus_soil	K02520
D1_Paracoccus_soil	K02523
D1_Paracoccus_soil	K02527
D1_Paracoccus_soil	K02528
D1_Paracoccus_soil	K02529
D1_Paracoccus_soil	K02533
D1_Paracoccus_soil	K02535
D1_Paracoccus_soil	K02536
D1_Paracoccus_soil	K02556
D1_Paracoccus_soil	K02557
D1_Paracoccus_soil	K02563
D1_Paracoccus_soil	K02567
D1_Paracoccus_soil	K02568
D1_Paracoccus_soil	K02569
D1_Paracoccus_soil	K02570
D1_Paracoccus_soil	K02571
D1_Paracoccus_soil	K02573
D1_Paracoccus_soil	K02574
D1_Paracoccus_soil	K02575
D1_Paracoccus_soil	K02600
D1_Paracoccus_soil	K02601
D1_Paracoccus_soil	K02609
D1_Paracoccus_soil	K02610
D1_Paracoccus_soil	K02611
D1_Paracoccus_soil	K02612
D1_Paracoccus_soil	K02613
D1_Paracoccus_soil	K02614
D1_Paracoccus_soil	K02616
D1_Paracoccus_soil	K02618
D1_Paracoccus_soil	K02621
D1_Paracoccus_soil	K02622
D1_Paracoccus_soil	K02623
D1_Paracoccus_soil	K02624
D1_Paracoccus_soil	K02687
D1_Paracoccus_soil	K02784
D1_Paracoccus_soil	K02793
D1_Paracoccus_soil	K02806
D1_Paracoccus_soil	K02834
D1_Paracoccus_soil	K02835
D1_Paracoccus_soil	K02836
D1_Paracoccus_soil	K02837
D1_Paracoccus_soil	K02838
D1_Paracoccus_soil	K02860
D1_Paracoccus_soil	K02863
D1_Paracoccus_soil	K02864
D1_Paracoccus_soil	K02867
D1_Paracoccus_soil	K02871
D1_Paracoccus_soil	K02874
D1_Paracoccus_soil	K02876
D1_Paracoccus_soil	K02878
D1_Paracoccus_soil	K02879
D1_Paracoccus_soil	K02881
D1_Paracoccus_soil	K02884
D1_Paracoccus_soil	K02886
D1_Paracoccus_soil	K02887
D1_Paracoccus_soil	K02888
D1_Paracoccus_soil	K02890
D1_Paracoccus_soil	K02892
D1_Paracoccus_soil	K02895
D1_Paracoccus_soil	K02897
D1_Paracoccus_soil	K02899
D1_Paracoccus_soil	K02902
D1_Paracoccus_soil	K02904
D1_Paracoccus_soil	K02906
D1_Paracoccus_soil	K02907
D1_Paracoccus_soil	K02909
D1_Paracoccus_soil	K02911
D1_Paracoccus_soil	K02913
D1_Paracoccus_soil	K02914
D1_Paracoccus_soil	K02916
D1_Paracoccus_soil	K02919
D1_Paracoccus_soil	K02926
D1_Paracoccus_soil	K02931
D1_Paracoccus_soil	K02933
D1_Paracoccus_soil	K02935
D1_Paracoccus_soil	K02939
D1_Paracoccus_soil	K02945
D1_Paracoccus_soil	K02946
D1_Paracoccus_soil	K02948
D1_Paracoccus_soil	K02950
D1_Paracoccus_soil	K02952
D1_Paracoccus_soil	K02954
D1_Paracoccus_soil	K02956
D1_Paracoccus_soil	K02959
D1_Paracoccus_soil	K02961
D1_Paracoccus_soil	K02963
D1_Paracoccus_soil	K02965
D1_Paracoccus_soil	K02967
D1_Paracoccus_soil	K02968
D1_Paracoccus_soil	K02970
D1_Paracoccus_soil	K02982
D1_Paracoccus_soil	K02986
D1_Paracoccus_soil	K02988
D1_Paracoccus_soil	K02990
D1_Paracoccus_soil	K02992
D1_Paracoccus_soil	K02994
D1_Paracoccus_soil	K02996
D1_Paracoccus_soil	K03040
D1_Paracoccus_soil	K03043
D1_Paracoccus_soil	K03046
D1_Paracoccus_soil	K03060
D1_Paracoccus_soil	K03070
D1_Paracoccus_soil	K03071
D1_Paracoccus_soil	K03072
D1_Paracoccus_soil	K03073
D1_Paracoccus_soil	K03074
D1_Paracoccus_soil	K03075
D1_Paracoccus_soil	K03076
D1_Paracoccus_soil	K03086
D1_Paracoccus_soil	K03088
D1_Paracoccus_soil	K03089
D1_Paracoccus_soil	K03092
D1_Paracoccus_soil	K03100
D1_Paracoccus_soil	K03101
D1_Paracoccus_soil	K03106
D1_Paracoccus_soil	K03110
D1_Paracoccus_soil	K03111
D1_Paracoccus_soil	K03116
D1_Paracoccus_soil	K03117
D1_Paracoccus_soil	K03118
D1_Paracoccus_soil	K03147
D1_Paracoccus_soil	K03149
D1_Paracoccus_soil	K03153
D1_Paracoccus_soil	K03154
D1_Paracoccus_soil	K03168
D1_Paracoccus_soil	K03177
D1_Paracoccus_soil	K03179
D1_Paracoccus_soil	K03182
D1_Paracoccus_soil	K03183
D1_Paracoccus_soil	K03185
D1_Paracoccus_soil	K03186
D1_Paracoccus_soil	K03187
D1_Paracoccus_soil	K03188
D1_Paracoccus_soil	K03189
D1_Paracoccus_soil	K03190
D1_Paracoccus_soil	K03192
D1_Paracoccus_soil	K03205
D1_Paracoccus_soil	K03210
D1_Paracoccus_soil	K03215
D1_Paracoccus_soil	K03217
D1_Paracoccus_soil	K03218
D1_Paracoccus_soil	K03281
D1_Paracoccus_soil	K03282
D1_Paracoccus_soil	K03286
D1_Paracoccus_soil	K03297
D1_Paracoccus_soil	K03299
D1_Paracoccus_soil	K03303
D1_Paracoccus_soil	K03304
D1_Paracoccus_soil	K03310
D1_Paracoccus_soil	K03320
D1_Paracoccus_soil	K03321
D1_Paracoccus_soil	K03324
D1_Paracoccus_soil	K03325
D1_Paracoccus_soil	K03331
D1_Paracoccus_soil	K03335
D1_Paracoccus_soil	K03336
D1_Paracoccus_soil	K03337
D1_Paracoccus_soil	K03338
D1_Paracoccus_soil	K03366
D1_Paracoccus_soil	K03380
D1_Paracoccus_soil	K03381
D1_Paracoccus_soil	K03391
D1_Paracoccus_soil	K03394
D1_Paracoccus_soil	K03395
D1_Paracoccus_soil	K03396
D1_Paracoccus_soil	K03417
D1_Paracoccus_soil	K03424
D1_Paracoccus_soil	K03431
D1_Paracoccus_soil	K03438
D1_Paracoccus_soil	K03439
D1_Paracoccus_soil	K03449
D1_Paracoccus_soil	K03451
D1_Paracoccus_soil	K03457
D1_Paracoccus_soil	K03464
D1_Paracoccus_soil	K03465
D1_Paracoccus_soil	K03466
D1_Paracoccus_soil	K03469
D1_Paracoccus_soil	K03470
D1_Paracoccus_soil	K03474
D1_Paracoccus_soil	K03495
D1_Paracoccus_soil	K03496
D1_Paracoccus_soil	K03497
D1_Paracoccus_soil	K03498
D1_Paracoccus_soil	K03499
D1_Paracoccus_soil	K03500
D1_Paracoccus_soil	K03501
D1_Paracoccus_soil	K03517
D1_Paracoccus_soil	K03521
D1_Paracoccus_soil	K03522
D1_Paracoccus_soil	K03523
D1_Paracoccus_soil	K03524
D1_Paracoccus_soil	K03525
D1_Paracoccus_soil	K03526
D1_Paracoccus_soil	K03527
D1_Paracoccus_soil	K03529
D1_Paracoccus_soil	K03531
D1_Paracoccus_soil	K03536
D1_Paracoccus_soil	K03543
D1_Paracoccus_soil	K03544
D1_Paracoccus_soil	K03545
D1_Paracoccus_soil	K03550
D1_Paracoccus_soil	K03551
D1_Paracoccus_soil	K03553
D1_Paracoccus_soil	K03555
D1_Paracoccus_soil	K03558
D1_Paracoccus_soil	K03559
D1_Paracoccus_soil	K03560
D1_Paracoccus_soil	K03561
D1_Paracoccus_soil	K03562
D1_Paracoccus_soil	K03566
D1_Paracoccus_soil	K03568
D1_Paracoccus_soil	K03569
D1_Paracoccus_soil	K03570
D1_Paracoccus_soil	K03571
D1_Paracoccus_soil	K03572
D1_Paracoccus_soil	K03574
D1_Paracoccus_soil	K03575
D1_Paracoccus_soil	K03576
D1_Paracoccus_soil	K03579
D1_Paracoccus_soil	K03584
D1_Paracoccus_soil	K03585
D1_Paracoccus_soil	K03586
D1_Paracoccus_soil	K03587
D1_Paracoccus_soil	K03589
D1_Paracoccus_soil	K03590
D1_Paracoccus_soil	K03592
D1_Paracoccus_soil	K03593
D1_Paracoccus_soil	K03594
D1_Paracoccus_soil	K03595
D1_Paracoccus_soil	K03596
D1_Paracoccus_soil	K03601
D1_Paracoccus_soil	K03602
D1_Paracoccus_soil	K03605
D1_Paracoccus_soil	K03608
D1_Paracoccus_soil	K03609
D1_Paracoccus_soil	K03610
D1_Paracoccus_soil	K03611
D1_Paracoccus_soil	K03618
D1_Paracoccus_soil	K03619
D1_Paracoccus_soil	K03620
D1_Paracoccus_soil	K03621
D1_Paracoccus_soil	K03624
D1_Paracoccus_soil	K03625
D1_Paracoccus_soil	K03628
D1_Paracoccus_soil	K03629
D1_Paracoccus_soil	K03630
D1_Paracoccus_soil	K03631
D1_Paracoccus_soil	K03634
D1_Paracoccus_soil	K03635
D1_Paracoccus_soil	K03636
D1_Paracoccus_soil	K03637
D1_Paracoccus_soil	K03639
D1_Paracoccus_soil	K03640
D1_Paracoccus_soil	K03641
D1_Paracoccus_soil	K03643
D1_Paracoccus_soil	K03644
D1_Paracoccus_soil	K03647
D1_Paracoccus_soil	K03648
D1_Paracoccus_soil	K03650
D1_Paracoccus_soil	K03651
D1_Paracoccus_soil	K03654
D1_Paracoccus_soil	K03655
D1_Paracoccus_soil	K03657
D1_Paracoccus_soil	K03664
D1_Paracoccus_soil	K03665
D1_Paracoccus_soil	K03666
D1_Paracoccus_soil	K03667
D1_Paracoccus_soil	K03669
D1_Paracoccus_soil	K03670
D1_Paracoccus_soil	K03671
D1_Paracoccus_soil	K03676
D1_Paracoccus_soil	K03684
D1_Paracoccus_soil	K03685
D1_Paracoccus_soil	K03686
D1_Paracoccus_soil	K03687
D1_Paracoccus_soil	K03688
D1_Paracoccus_soil	K03694
D1_Paracoccus_soil	K03695
D1_Paracoccus_soil	K03696
D1_Paracoccus_soil	K03699
D1_Paracoccus_soil	K03701
D1_Paracoccus_soil	K03702
D1_Paracoccus_soil	K03703
D1_Paracoccus_soil	K03704
D1_Paracoccus_soil	K03705
D1_Paracoccus_soil	K03707
D1_Paracoccus_soil	K03710
D1_Paracoccus_soil	K03711
D1_Paracoccus_soil	K03719
D1_Paracoccus_soil	K03723
D1_Paracoccus_soil	K03724
D1_Paracoccus_soil	K03734
D1_Paracoccus_soil	K03743
D1_Paracoccus_soil	K03745
D1_Paracoccus_soil	K03746
D1_Paracoccus_soil	K03750
D1_Paracoccus_soil	K03752
D1_Paracoccus_soil	K03762
D1_Paracoccus_soil	K03769
D1_Paracoccus_soil	K03770
D1_Paracoccus_soil	K03771
D1_Paracoccus_soil	K03777
D1_Paracoccus_soil	K03781
D1_Paracoccus_soil	K03782
D1_Paracoccus_soil	K03783
D1_Paracoccus_soil	K03786
D1_Paracoccus_soil	K03787
D1_Paracoccus_soil	K03788
D1_Paracoccus_soil	K03789
D1_Paracoccus_soil	K03790
D1_Paracoccus_soil	K03791
D1_Paracoccus_soil	K03793
D1_Paracoccus_soil	K03797
D1_Paracoccus_soil	K03798
D1_Paracoccus_soil	K03799
D1_Paracoccus_soil	K03801
D1_Paracoccus_soil	K03808
D1_Paracoccus_soil	K03809
D1_Paracoccus_soil	K03814
D1_Paracoccus_soil	K03820
D1_Paracoccus_soil	K03821
D1_Paracoccus_soil	K03824
D1_Paracoccus_soil	K03827
D1_Paracoccus_soil	K03829
D1_Paracoccus_soil	K03831
D1_Paracoccus_soil	K03833
D1_Paracoccus_soil	K03841
D1_Paracoccus_soil	K03851
D1_Paracoccus_soil	K03852
D1_Paracoccus_soil	K03892
D1_Paracoccus_soil	K03919
D1_Paracoccus_soil	K03924
D1_Paracoccus_soil	K03925
D1_Paracoccus_soil	K03937
D1_Paracoccus_soil	K03975
D1_Paracoccus_soil	K03977
D1_Paracoccus_soil	K03978
D1_Paracoccus_soil	K03979
D1_Paracoccus_soil	K03980
D1_Paracoccus_soil	K04023
D1_Paracoccus_soil	K04042
D1_Paracoccus_soil	K04043
D1_Paracoccus_soil	K04046
D1_Paracoccus_soil	K04047
D1_Paracoccus_soil	K04063
D1_Paracoccus_soil	K04066
D1_Paracoccus_soil	K04069
D1_Paracoccus_soil	K04075
D1_Paracoccus_soil	K04077
D1_Paracoccus_soil	K04078
D1_Paracoccus_soil	K04080
D1_Paracoccus_soil	K04083
D1_Paracoccus_soil	K04085
D1_Paracoccus_soil	K04087
D1_Paracoccus_soil	K04088
D1_Paracoccus_soil	K04091
D1_Paracoccus_soil	K04092
D1_Paracoccus_soil	K04094
D1_Paracoccus_soil	K04095
D1_Paracoccus_soil	K04096
D1_Paracoccus_soil	K04102
D1_Paracoccus_soil	K04485
D1_Paracoccus_soil	K04487
D1_Paracoccus_soil	K04517
D1_Paracoccus_soil	K04518
D1_Paracoccus_soil	K04561
D1_Paracoccus_soil	K04564
D1_Paracoccus_soil	K04565
D1_Paracoccus_soil	K04566
D1_Paracoccus_soil	K04568
D1_Paracoccus_soil	K04651
D1_Paracoccus_soil	K04652
D1_Paracoccus_soil	K04653
D1_Paracoccus_soil	K04654
D1_Paracoccus_soil	K04655
D1_Paracoccus_soil	K04656
D1_Paracoccus_soil	K04719
D1_Paracoccus_soil	K04744
D1_Paracoccus_soil	K04748
D1_Paracoccus_soil	K04749
D1_Paracoccus_soil	K04750
D1_Paracoccus_soil	K04751
D1_Paracoccus_soil	K04752
D1_Paracoccus_soil	K04754
D1_Paracoccus_soil	K04755
D1_Paracoccus_soil	K04757
D1_Paracoccus_soil	K04761
D1_Paracoccus_soil	K04762
D1_Paracoccus_soil	K04763
D1_Paracoccus_soil	K04764
D1_Paracoccus_soil	K04765
D1_Paracoccus_soil	K04771
D1_Paracoccus_soil	K04772
D1_Paracoccus_soil	K04773
D1_Paracoccus_soil	K04782
D1_Paracoccus_soil	K05275
D1_Paracoccus_soil	K05366
D1_Paracoccus_soil	K05367
D1_Paracoccus_soil	K05372
D1_Paracoccus_soil	K05394
D1_Paracoccus_soil	K05515
D1_Paracoccus_soil	K05520
D1_Paracoccus_soil	K05524
D1_Paracoccus_soil	K05527
D1_Paracoccus_soil	K05539
D1_Paracoccus_soil	K05540
D1_Paracoccus_soil	K05548
D1_Paracoccus_soil	K05549
D1_Paracoccus_soil	K05550
D1_Paracoccus_soil	K05555
D1_Paracoccus_soil	K05559
D1_Paracoccus_soil	K05560
D1_Paracoccus_soil	K05561
D1_Paracoccus_soil	K05562
D1_Paracoccus_soil	K05563
D1_Paracoccus_soil	K05564
D1_Paracoccus_soil	K05565
D1_Paracoccus_soil	K05566
D1_Paracoccus_soil	K05569
D1_Paracoccus_soil	K05592
D1_Paracoccus_soil	K05595
D1_Paracoccus_soil	K05596
D1_Paracoccus_soil	K05603
D1_Paracoccus_soil	K05605
D1_Paracoccus_soil	K05606
D1_Paracoccus_soil	K05685
D1_Paracoccus_soil	K05774
D1_Paracoccus_soil	K05780
D1_Paracoccus_soil	K05781
D1_Paracoccus_soil	K05783
D1_Paracoccus_soil	K05784
D1_Paracoccus_soil	K05786
D1_Paracoccus_soil	K05788
D1_Paracoccus_soil	K05799
D1_Paracoccus_soil	K05800
D1_Paracoccus_soil	K05801
D1_Paracoccus_soil	K05802
D1_Paracoccus_soil	K05805
D1_Paracoccus_soil	K05807
D1_Paracoccus_soil	K05808
D1_Paracoccus_soil	K05810
D1_Paracoccus_soil	K05813
D1_Paracoccus_soil	K05814
D1_Paracoccus_soil	K05815
D1_Paracoccus_soil	K05825
D1_Paracoccus_soil	K05834
D1_Paracoccus_soil	K05835
D1_Paracoccus_soil	K05836
D1_Paracoccus_soil	K05837
D1_Paracoccus_soil	K05838
D1_Paracoccus_soil	K05845
D1_Paracoccus_soil	K05846
D1_Paracoccus_soil	K05847
D1_Paracoccus_soil	K05895
D1_Paracoccus_soil	K05896
D1_Paracoccus_soil	K05898
D1_Paracoccus_soil	K05916
D1_Paracoccus_soil	K05936
D1_Paracoccus_soil	K05972
D1_Paracoccus_soil	K05973
D1_Paracoccus_soil	K06016
D1_Paracoccus_soil	K06020
D1_Paracoccus_soil	K06024
D1_Paracoccus_soil	K06041
D1_Paracoccus_soil	K06042
D1_Paracoccus_soil	K06048
D1_Paracoccus_soil	K06075
D1_Paracoccus_soil	K06076
D1_Paracoccus_soil	K06118
D1_Paracoccus_soil	K06131
D1_Paracoccus_soil	K06136
D1_Paracoccus_soil	K06137
D1_Paracoccus_soil	K06138
D1_Paracoccus_soil	K06139
D1_Paracoccus_soil	K06140
D1_Paracoccus_soil	K06142
D1_Paracoccus_soil	K06145
D1_Paracoccus_soil	K06147
D1_Paracoccus_soil	K06153
D1_Paracoccus_soil	K06158
D1_Paracoccus_soil	K06162
D1_Paracoccus_soil	K06163
D1_Paracoccus_soil	K06164
D1_Paracoccus_soil	K06165
D1_Paracoccus_soil	K06166
D1_Paracoccus_soil	K06167
D1_Paracoccus_soil	K06168
D1_Paracoccus_soil	K06173
D1_Paracoccus_soil	K06177
D1_Paracoccus_soil	K06178
D1_Paracoccus_soil	K06179
D1_Paracoccus_soil	K06180
D1_Paracoccus_soil	K06187
D1_Paracoccus_soil	K06188
D1_Paracoccus_soil	K06189
D1_Paracoccus_soil	K06190
D1_Paracoccus_soil	K06191
D1_Paracoccus_soil	K06192
D1_Paracoccus_soil	K06193
D1_Paracoccus_soil	K06196
D1_Paracoccus_soil	K06199
D1_Paracoccus_soil	K06203
D1_Paracoccus_soil	K06204
D1_Paracoccus_soil	K06207
D1_Paracoccus_soil	K06213
D1_Paracoccus_soil	K06217
D1_Paracoccus_soil	K06223
D1_Paracoccus_soil	K06281
D1_Paracoccus_soil	K06282
D1_Paracoccus_soil	K06287
D1_Paracoccus_soil	K06351
D1_Paracoccus_soil	K06413
D1_Paracoccus_soil	K06446
D1_Paracoccus_soil	K06605
D1_Paracoccus_soil	K06606
D1_Paracoccus_soil	K06861
D1_Paracoccus_soil	K06867
D1_Paracoccus_soil	K06871
D1_Paracoccus_soil	K06872
D1_Paracoccus_soil	K06877
D1_Paracoccus_soil	K06878
D1_Paracoccus_soil	K06886
D1_Paracoccus_soil	K06889
D1_Paracoccus_soil	K06890
D1_Paracoccus_soil	K06891
D1_Paracoccus_soil	K06894
D1_Paracoccus_soil	K06895
D1_Paracoccus_soil	K06901
D1_Paracoccus_soil	K06902
D1_Paracoccus_soil	K06904
D1_Paracoccus_soil	K06909
D1_Paracoccus_soil	K06911
D1_Paracoccus_soil	K06915
D1_Paracoccus_soil	K06916
D1_Paracoccus_soil	K06917
D1_Paracoccus_soil	K06918
D1_Paracoccus_soil	K06919
D1_Paracoccus_soil	K06920
D1_Paracoccus_soil	K06923
D1_Paracoccus_soil	K06925
D1_Paracoccus_soil	K06929
D1_Paracoccus_soil	K06934
D1_Paracoccus_soil	K06938
D1_Paracoccus_soil	K06941
D1_Paracoccus_soil	K06942
D1_Paracoccus_soil	K06952
D1_Paracoccus_soil	K06953
D1_Paracoccus_soil	K06956
D1_Paracoccus_soil	K06958
D1_Paracoccus_soil	K06959
D1_Paracoccus_soil	K06969
D1_Paracoccus_soil	K06975
D1_Paracoccus_soil	K06985
D1_Paracoccus_soil	K06987
D1_Paracoccus_soil	K06988
D1_Paracoccus_soil	K06989
D1_Paracoccus_soil	K06995
D1_Paracoccus_soil	K06996
D1_Paracoccus_soil	K06997
D1_Paracoccus_soil	K06998
D1_Paracoccus_soil	K06999
D1_Paracoccus_soil	K07001
D1_Paracoccus_soil	K07002
D1_Paracoccus_soil	K07007
D1_Paracoccus_soil	K07018
D1_Paracoccus_soil	K07025
D1_Paracoccus_soil	K07032
D1_Paracoccus_soil	K07039
D1_Paracoccus_soil	K07040
D1_Paracoccus_soil	K07042
D1_Paracoccus_soil	K07046
D1_Paracoccus_soil	K07054
D1_Paracoccus_soil	K07056
D1_Paracoccus_soil	K07058
D1_Paracoccus_soil	K07059
D1_Paracoccus_soil	K07062
D1_Paracoccus_soil	K07063
D1_Paracoccus_soil	K07078
D1_Paracoccus_soil	K07080
D1_Paracoccus_soil	K07082
D1_Paracoccus_soil	K07090
D1_Paracoccus_soil	K07091
D1_Paracoccus_soil	K07093
D1_Paracoccus_soil	K07098
D1_Paracoccus_soil	K07100
D1_Paracoccus_soil	K07102
D1_Paracoccus_soil	K07104
D1_Paracoccus_soil	K07106
D1_Paracoccus_soil	K07107
D1_Paracoccus_soil	K07110
D1_Paracoccus_soil	K07112
D1_Paracoccus_soil	K07113
D1_Paracoccus_soil	K07114
D1_Paracoccus_soil	K07115
D1_Paracoccus_soil	K07120
D1_Paracoccus_soil	K07126
D1_Paracoccus_soil	K07127
D1_Paracoccus_soil	K07130
D1_Paracoccus_soil	K07133
D1_Paracoccus_soil	K07146
D1_Paracoccus_soil	K07147
D1_Paracoccus_soil	K07152
D1_Paracoccus_soil	K07154
D1_Paracoccus_soil	K07156
D1_Paracoccus_soil	K07157
D1_Paracoccus_soil	K07160
D1_Paracoccus_soil	K07165
D1_Paracoccus_soil	K07168
D1_Paracoccus_soil	K07182
D1_Paracoccus_soil	K07183
D1_Paracoccus_soil	K07192
D1_Paracoccus_soil	K07218
D1_Paracoccus_soil	K07220
D1_Paracoccus_soil	K07222
D1_Paracoccus_soil	K07223
D1_Paracoccus_soil	K07224
D1_Paracoccus_soil	K07225
D1_Paracoccus_soil	K07226
D1_Paracoccus_soil	K07232
D1_Paracoccus_soil	K07234
D1_Paracoccus_soil	K07240
D1_Paracoccus_soil	K07243
D1_Paracoccus_soil	K07246
D1_Paracoccus_soil	K07250
D1_Paracoccus_soil	K07255
D1_Paracoccus_soil	K07256
D1_Paracoccus_soil	K07258
D1_Paracoccus_soil	K07259
D1_Paracoccus_soil	K07261
D1_Paracoccus_soil	K07263
D1_Paracoccus_soil	K07265
D1_Paracoccus_soil	K07266
D1_Paracoccus_soil	K07267
D1_Paracoccus_soil	K07270
D1_Paracoccus_soil	K07273
D1_Paracoccus_soil	K07274
D1_Paracoccus_soil	K07275
D1_Paracoccus_soil	K07277
D1_Paracoccus_soil	K07278
D1_Paracoccus_soil	K07283
D1_Paracoccus_soil	K07304
D1_Paracoccus_soil	K07305
D1_Paracoccus_soil	K07319
D1_Paracoccus_soil	K07322
D1_Paracoccus_soil	K07323
D1_Paracoccus_soil	K07335
D1_Paracoccus_soil	K07336
D1_Paracoccus_soil	K07344
D1_Paracoccus_soil	K07390
D1_Paracoccus_soil	K07391
D1_Paracoccus_soil	K07393
D1_Paracoccus_soil	K07395
D1_Paracoccus_soil	K07402
D1_Paracoccus_soil	K07444
D1_Paracoccus_soil	K07447
D1_Paracoccus_soil	K07451
D1_Paracoccus_soil	K07454
D1_Paracoccus_soil	K07459
D1_Paracoccus_soil	K07460
D1_Paracoccus_soil	K07462
D1_Paracoccus_soil	K07473
D1_Paracoccus_soil	K07478
D1_Paracoccus_soil	K07483
D1_Paracoccus_soil	K07484
D1_Paracoccus_soil	K07485
D1_Paracoccus_soil	K07486
D1_Paracoccus_soil	K07487
D1_Paracoccus_soil	K07491
D1_Paracoccus_soil	K07497
D1_Paracoccus_soil	K07506
D1_Paracoccus_soil	K07507
D1_Paracoccus_soil	K07516
D1_Paracoccus_soil	K07552
D1_Paracoccus_soil	K07560
D1_Paracoccus_soil	K07566
D1_Paracoccus_soil	K07568
D1_Paracoccus_soil	K07577
D1_Paracoccus_soil	K07588
D1_Paracoccus_soil	K07636
D1_Paracoccus_soil	K07637
D1_Paracoccus_soil	K07638
D1_Paracoccus_soil	K07649
D1_Paracoccus_soil	K07657
D1_Paracoccus_soil	K07675
D1_Paracoccus_soil	K07708
D1_Paracoccus_soil	K07724
D1_Paracoccus_soil	K07726
D1_Paracoccus_soil	K07733
D1_Paracoccus_soil	K07734
D1_Paracoccus_soil	K07735
D1_Paracoccus_soil	K07736
D1_Paracoccus_soil	K07738
D1_Paracoccus_soil	K07742
D1_Paracoccus_soil	K07746
D1_Paracoccus_soil	K07774
D1_Paracoccus_soil	K07782
D1_Paracoccus_soil	K07793
D1_Paracoccus_soil	K07794
D1_Paracoccus_soil	K07795
D1_Paracoccus_soil	K07823
D1_Paracoccus_soil	K08172
D1_Paracoccus_soil	K08177
D1_Paracoccus_soil	K08223
D1_Paracoccus_soil	K08281
D1_Paracoccus_soil	K08295
D1_Paracoccus_soil	K08296
D1_Paracoccus_soil	K08300
D1_Paracoccus_soil	K08305
D1_Paracoccus_soil	K08309
D1_Paracoccus_soil	K08311
D1_Paracoccus_soil	K08316
D1_Paracoccus_soil	K08351
D1_Paracoccus_soil	K08368
D1_Paracoccus_soil	K08478
D1_Paracoccus_soil	K08484
D1_Paracoccus_soil	K08590
D1_Paracoccus_soil	K08591
D1_Paracoccus_soil	K08602
D1_Paracoccus_soil	K08683
D1_Paracoccus_soil	K08685
D1_Paracoccus_soil	K08687
D1_Paracoccus_soil	K08688
D1_Paracoccus_soil	K08691
D1_Paracoccus_soil	K08720
D1_Paracoccus_soil	K08738
D1_Paracoccus_soil	K08968
D1_Paracoccus_soil	K08973
D1_Paracoccus_soil	K08990
D1_Paracoccus_soil	K08992
D1_Paracoccus_soil	K08994
D1_Paracoccus_soil	K08997
D1_Paracoccus_soil	K08998
D1_Paracoccus_soil	K09001
D1_Paracoccus_soil	K09005
D1_Paracoccus_soil	K09007
D1_Paracoccus_soil	K09013
D1_Paracoccus_soil	K09014
D1_Paracoccus_soil	K09015
D1_Paracoccus_soil	K09016
D1_Paracoccus_soil	K09017
D1_Paracoccus_soil	K09023
D1_Paracoccus_soil	K09117
D1_Paracoccus_soil	K09123
D1_Paracoccus_soil	K09125
D1_Paracoccus_soil	K09131
D1_Paracoccus_soil	K09136
D1_Paracoccus_soil	K09138
D1_Paracoccus_soil	K09159
D1_Paracoccus_soil	K09160
D1_Paracoccus_soil	K09456
D1_Paracoccus_soil	K09457
D1_Paracoccus_soil	K09458
D1_Paracoccus_soil	K09461
D1_Paracoccus_soil	K09471
D1_Paracoccus_soil	K09472
D1_Paracoccus_soil	K09688
D1_Paracoccus_soil	K09689
D1_Paracoccus_soil	K09699
D1_Paracoccus_soil	K09703
D1_Paracoccus_soil	K09706
D1_Paracoccus_soil	K09709
D1_Paracoccus_soil	K09710
D1_Paracoccus_soil	K09747
D1_Paracoccus_soil	K09748
D1_Paracoccus_soil	K09760
D1_Paracoccus_soil	K09761
D1_Paracoccus_soil	K09768
D1_Paracoccus_soil	K09769
D1_Paracoccus_soil	K09771
D1_Paracoccus_soil	K09774
D1_Paracoccus_soil	K09780
D1_Paracoccus_soil	K09781
D1_Paracoccus_soil	K09789
D1_Paracoccus_soil	K09790
D1_Paracoccus_soil	K09791
D1_Paracoccus_soil	K09794
D1_Paracoccus_soil	K09796
D1_Paracoccus_soil	K09799
D1_Paracoccus_soil	K09800
D1_Paracoccus_soil	K09807
D1_Paracoccus_soil	K09808
D1_Paracoccus_soil	K09809
D1_Paracoccus_soil	K09810
D1_Paracoccus_soil	K09811
D1_Paracoccus_soil	K09815
D1_Paracoccus_soil	K09816
D1_Paracoccus_soil	K09817
D1_Paracoccus_soil	K09823
D1_Paracoccus_soil	K09857
D1_Paracoccus_soil	K09862
D1_Paracoccus_soil	K09882
D1_Paracoccus_soil	K09883
D1_Paracoccus_soil	K09888
D1_Paracoccus_soil	K09903
D1_Paracoccus_soil	K09919
D1_Paracoccus_soil	K09921
D1_Paracoccus_soil	K09922
D1_Paracoccus_soil	K09927
D1_Paracoccus_soil	K09928
D1_Paracoccus_soil	K09949
D1_Paracoccus_soil	K09956
D1_Paracoccus_soil	K09959
D1_Paracoccus_soil	K09966
D1_Paracoccus_soil	K09967
D1_Paracoccus_soil	K09969
D1_Paracoccus_soil	K09970
D1_Paracoccus_soil	K09971
D1_Paracoccus_soil	K09972
D1_Paracoccus_soil	K09973
D1_Paracoccus_soil	K09975
D1_Paracoccus_soil	K09985
D1_Paracoccus_soil	K09986
D1_Paracoccus_soil	K09987
D1_Paracoccus_soil	K09988
D1_Paracoccus_soil	K09989
D1_Paracoccus_soil	K10001
D1_Paracoccus_soil	K10002
D1_Paracoccus_soil	K10003
D1_Paracoccus_soil	K10026
D1_Paracoccus_soil	K10107
D1_Paracoccus_soil	K10111
D1_Paracoccus_soil	K10117
D1_Paracoccus_soil	K10119
D1_Paracoccus_soil	K10125
D1_Paracoccus_soil	K10126
D1_Paracoccus_soil	K10218
D1_Paracoccus_soil	K10220
D1_Paracoccus_soil	K10227
D1_Paracoccus_soil	K10228
D1_Paracoccus_soil	K10229
D1_Paracoccus_soil	K10236
D1_Paracoccus_soil	K10237
D1_Paracoccus_soil	K10238
D1_Paracoccus_soil	K10439
D1_Paracoccus_soil	K10440
D1_Paracoccus_soil	K10441
D1_Paracoccus_soil	K10545
D1_Paracoccus_soil	K10546
D1_Paracoccus_soil	K10547
D1_Paracoccus_soil	K10548
D1_Paracoccus_soil	K10552
D1_Paracoccus_soil	K10553
D1_Paracoccus_soil	K10554
D1_Paracoccus_soil	K10563
D1_Paracoccus_soil	K10700
D1_Paracoccus_soil	K10764
D1_Paracoccus_soil	K10773
D1_Paracoccus_soil	K10778
D1_Paracoccus_soil	K10804
D1_Paracoccus_soil	K10806
D1_Paracoccus_soil	K10834
D1_Paracoccus_soil	K10854
D1_Paracoccus_soil	K10855
D1_Paracoccus_soil	K10856
D1_Paracoccus_soil	K10914
D1_Paracoccus_soil	K11066
D1_Paracoccus_soil	K11070
D1_Paracoccus_soil	K11071
D1_Paracoccus_soil	K11103
D1_Paracoccus_soil	K11175
D1_Paracoccus_soil	K11206
D1_Paracoccus_soil	K11208
D1_Paracoccus_soil	K11209
D1_Paracoccus_soil	K11212
D1_Paracoccus_soil	K11249
D1_Paracoccus_soil	K11263
D1_Paracoccus_soil	K11381
D1_Paracoccus_soil	K11472
D1_Paracoccus_soil	K11473
D1_Paracoccus_soil	K11475
D1_Paracoccus_soil	K11529
D1_Paracoccus_soil	K11532
D1_Paracoccus_soil	K11603
D1_Paracoccus_soil	K11604
D1_Paracoccus_soil	K11605
D1_Paracoccus_soil	K11606
D1_Paracoccus_soil	K11607
D1_Paracoccus_soil	K11645
D1_Paracoccus_soil	K11688
D1_Paracoccus_soil	K11689
D1_Paracoccus_soil	K11690
D1_Paracoccus_soil	K11717
D1_Paracoccus_soil	K11719
D1_Paracoccus_soil	K11720
D1_Paracoccus_soil	K11741
D1_Paracoccus_soil	K11744
D1_Paracoccus_soil	K11749
D1_Paracoccus_soil	K11751
D1_Paracoccus_soil	K11752
D1_Paracoccus_soil	K11753
D1_Paracoccus_soil	K11754
D1_Paracoccus_soil	K11779
D1_Paracoccus_soil	K11811
D1_Paracoccus_soil	K11890
D1_Paracoccus_soil	K11891
D1_Paracoccus_soil	K11892
D1_Paracoccus_soil	K11893
D1_Paracoccus_soil	K11895
D1_Paracoccus_soil	K11896
D1_Paracoccus_soil	K11897
D1_Paracoccus_soil	K11900
D1_Paracoccus_soil	K11901
D1_Paracoccus_soil	K11902
D1_Paracoccus_soil	K11903
D1_Paracoccus_soil	K11904
D1_Paracoccus_soil	K11906
D1_Paracoccus_soil	K11907
D1_Paracoccus_soil	K11913
D1_Paracoccus_soil	K11927
D1_Paracoccus_soil	K11940
D1_Paracoccus_soil	K11959
D1_Paracoccus_soil	K11960
D1_Paracoccus_soil	K11961
D1_Paracoccus_soil	K11962
D1_Paracoccus_soil	K11963
D1_Paracoccus_soil	K11991
D1_Paracoccus_soil	K12234
D1_Paracoccus_soil	K12237
D1_Paracoccus_soil	K12262
D1_Paracoccus_soil	K12340
D1_Paracoccus_soil	K12368
D1_Paracoccus_soil	K12369
D1_Paracoccus_soil	K12370
D1_Paracoccus_soil	K12371
D1_Paracoccus_soil	K12372
D1_Paracoccus_soil	K12410
D1_Paracoccus_soil	K12506
D1_Paracoccus_soil	K12536
D1_Paracoccus_soil	K12537
D1_Paracoccus_soil	K12541
D1_Paracoccus_soil	K12542
D1_Paracoccus_soil	K12546
D1_Paracoccus_soil	K12573
D1_Paracoccus_soil	K12574
D1_Paracoccus_soil	K12630
D1_Paracoccus_soil	K12634
D1_Paracoccus_soil	K12658
D1_Paracoccus_soil	K12685
D1_Paracoccus_soil	K12972
D1_Paracoccus_soil	K12989
D1_Paracoccus_soil	K13038
D1_Paracoccus_soil	K13075
D1_Paracoccus_soil	K13283
D1_Paracoccus_soil	K13292
D1_Paracoccus_soil	K13371
D1_Paracoccus_soil	K13408
D1_Paracoccus_soil	K13409
D1_Paracoccus_soil	K13481
D1_Paracoccus_soil	K13482
D1_Paracoccus_soil	K13581
D1_Paracoccus_soil	K13583
D1_Paracoccus_soil	K13584
D1_Paracoccus_soil	K13587
D1_Paracoccus_soil	K13588
D1_Paracoccus_soil	K13598
D1_Paracoccus_soil	K13599
D1_Paracoccus_soil	K13609
D1_Paracoccus_soil	K13628
D1_Paracoccus_soil	K13641
D1_Paracoccus_soil	K13642
D1_Paracoccus_soil	K13643
D1_Paracoccus_soil	K13654
D1_Paracoccus_soil	K13688
D1_Paracoccus_soil	K13747
D1_Paracoccus_soil	K13766
D1_Paracoccus_soil	K13771
D1_Paracoccus_soil	K13821
D1_Paracoccus_soil	K13875
D1_Paracoccus_soil	K13876
D1_Paracoccus_soil	K13877
D1_Paracoccus_soil	K13888
D1_Paracoccus_soil	K13893
D1_Paracoccus_soil	K13894
D1_Paracoccus_soil	K13895
D1_Paracoccus_soil	K13896
D1_Paracoccus_soil	K13926
D1_Paracoccus_soil	K13936
D1_Paracoccus_soil	K13953
D1_Paracoccus_soil	K13979
D1_Paracoccus_soil	K13993
D1_Paracoccus_soil	K13995
D1_Paracoccus_soil	K14028
D1_Paracoccus_soil	K14029
D1_Paracoccus_soil	K14058
D1_Paracoccus_soil	K14060
D1_Paracoccus_soil	K14063
D1_Paracoccus_soil	K14155
D1_Paracoccus_soil	K14160
D1_Paracoccus_soil	K14161
D1_Paracoccus_soil	K14162
D1_Paracoccus_soil	K14166
D1_Paracoccus_soil	K14347
D1_Paracoccus_soil	K14371
D1_Paracoccus_soil	K14372
D1_Paracoccus_soil	K14373
D1_Paracoccus_soil	K14393
D1_Paracoccus_soil	K14441
D1_Paracoccus_soil	K14446
D1_Paracoccus_soil	K14447
D1_Paracoccus_soil	K14448
D1_Paracoccus_soil	K14449
D1_Paracoccus_soil	K14451
D1_Paracoccus_soil	K14482
D1_Paracoccus_soil	K14604
D1_Paracoccus_soil	K14652
D1_Paracoccus_soil	K14660
D1_Paracoccus_soil	K14698
D1_Paracoccus_soil	K14699
D1_Paracoccus_soil	K14742
D1_Paracoccus_soil	K14746
D1_Paracoccus_soil	K14747
D1_Paracoccus_soil	K14941
D1_Paracoccus_soil	K14977
D1_Paracoccus_soil	K14998
D1_Paracoccus_soil	K15011
D1_Paracoccus_soil	K15012
D1_Paracoccus_soil	K15034
D1_Paracoccus_soil	K15228
D1_Paracoccus_soil	K15229
D1_Paracoccus_soil	K15240
D1_Paracoccus_soil	K15256
D1_Paracoccus_soil	K15269
D1_Paracoccus_soil	K15461
D1_Paracoccus_soil	K15509
D1_Paracoccus_soil	K15515
D1_Paracoccus_soil	K15539
D1_Paracoccus_soil	K15553
D1_Paracoccus_soil	K15554
D1_Paracoccus_soil	K15555
D1_Paracoccus_soil	K15557
D1_Paracoccus_soil	K15558
D1_Paracoccus_soil	K15580
D1_Paracoccus_soil	K15581
D1_Paracoccus_soil	K15582
D1_Paracoccus_soil	K15598
D1_Paracoccus_soil	K15599
D1_Paracoccus_soil	K15633
D1_Paracoccus_soil	K15721
D1_Paracoccus_soil	K15738
D1_Paracoccus_soil	K15753
D1_Paracoccus_soil	K15773
D1_Paracoccus_soil	K15782
D1_Paracoccus_soil	K15783
D1_Paracoccus_soil	K15784
D1_Paracoccus_soil	K15785
D1_Paracoccus_soil	K15786
D1_Paracoccus_soil	K15864
D1_Paracoccus_soil	K15865
D1_Paracoccus_soil	K15866
D1_Paracoccus_soil	K15894
D1_Paracoccus_soil	K15898
D1_Paracoccus_soil	K15899
D1_Paracoccus_soil	K15932
D1_Paracoccus_soil	K15973
D1_Paracoccus_soil	K15975
D1_Paracoccus_soil	K15977
D1_Paracoccus_soil	K15986
D1_Paracoccus_soil	K16011
D1_Paracoccus_soil	K16030
D1_Paracoccus_soil	K16032
D1_Paracoccus_soil	K16037
D1_Paracoccus_soil	K16079
D1_Paracoccus_soil	K16087
D1_Paracoccus_soil	K16088
D1_Paracoccus_soil	K16089
D1_Paracoccus_soil	K16090
D1_Paracoccus_soil	K16092
D1_Paracoccus_soil	K16106
D1_Paracoccus_soil	K16107
D1_Paracoccus_soil	K16108
D1_Paracoccus_soil	K16109
D1_Paracoccus_soil	K16110
D1_Paracoccus_soil	K16111
D1_Paracoccus_soil	K16112
D1_Paracoccus_soil	K16113
D1_Paracoccus_soil	K16116
D1_Paracoccus_soil	K16117
D1_Paracoccus_soil	K16135
D1_Paracoccus_soil	K16137
D1_Paracoccus_soil	K16163
D1_Paracoccus_soil	K16165
D1_Paracoccus_soil	K16254
D1_Paracoccus_soil	K16255
D1_Paracoccus_soil	K16256
D1_Paracoccus_soil	K16257
D1_Paracoccus_soil	K16258
D1_Paracoccus_soil	K16259
D1_Paracoccus_soil	K16260
D1_Paracoccus_soil	K16264
D1_Paracoccus_soil	K16301
D1_Paracoccus_soil	K16329
D1_Paracoccus_soil	K16348
D1_Paracoccus_soil	K16370
D1_Paracoccus_soil	K16399
D1_Paracoccus_soil	K16418
D1_Paracoccus_soil	K16419
D1_Paracoccus_soil	K16450
D1_Paracoccus_soil	K16516
D1_Paracoccus_soil	K16566
D1_Paracoccus_soil	K16639
D1_Paracoccus_soil	K16784
D1_Paracoccus_soil	K16841
D1_Paracoccus_soil	K16842
D1_Paracoccus_soil	K16870
D1_Paracoccus_soil	K16871
D1_Paracoccus_soil	K16898
D1_Paracoccus_soil	K16899
D1_Paracoccus_soil	K17048
D1_Paracoccus_soil	K17051
D1_Paracoccus_soil	K17068
D1_Paracoccus_soil	K17103
D1_Paracoccus_soil	K17213
D1_Paracoccus_soil	K17214
D1_Paracoccus_soil	K17215
D1_Paracoccus_soil	K17222
D1_Paracoccus_soil	K17223
D1_Paracoccus_soil	K17224
D1_Paracoccus_soil	K17225
D1_Paracoccus_soil	K17226
D1_Paracoccus_soil	K17227
D1_Paracoccus_soil	K17247
D1_Paracoccus_soil	K17315
D1_Paracoccus_soil	K17316
D1_Paracoccus_soil	K17317
D1_Paracoccus_soil	K17321
D1_Paracoccus_soil	K17322
D1_Paracoccus_soil	K17323
D1_Paracoccus_soil	K17324
D1_Paracoccus_soil	K17325
D1_Paracoccus_soil	K17675
D1_Paracoccus_soil	K17686
D1_Paracoccus_soil	K17713
D1_Paracoccus_soil	K17725
D1_Paracoccus_soil	K17832
D1_Paracoccus_soil	K17850
D1_Paracoccus_soil	K17865
D1_Paracoccus_soil	K18118
D1_Paracoccus_soil	K18138
D1_Paracoccus_soil	K18162
D1_Paracoccus_soil	K18234
D1_Paracoccus_soil	K18289
D1_Paracoccus_soil	K18336
D1_Paracoccus_soil	K18425
D1_Paracoccus_soil	K18456
D1_Paracoccus_soil	K18459
D1_Paracoccus_soil	K18480
D1_Paracoccus_soil	K18535
D1_Paracoccus_soil	K18570
D1_Paracoccus_soil	K18571
D1_Paracoccus_soil	K18587
D1_Paracoccus_soil	K18588
D1_Paracoccus_soil	K18661
D1_Paracoccus_soil	K18676
D1_Paracoccus_soil	K18702
D1_Paracoccus_soil	K18802
D1_Paracoccus_soil	K18825
D1_Paracoccus_soil	K18828
D1_Paracoccus_soil	K18829
D1_Paracoccus_soil	K18831
D1_Paracoccus_soil	K18836
D1_Paracoccus_soil	K18893
D1_Paracoccus_soil	K18918
D1_Paracoccus_soil	K18928
D1_Paracoccus_soil	K18929
D1_Paracoccus_soil	K18979
D1_Paracoccus_soil	K18996
D1_Paracoccus_soil	K19092
D1_Paracoccus_soil	K19165
D1_Paracoccus_soil	K19166
D1_Paracoccus_soil	K19191
D1_Paracoccus_soil	K19221
D1_Paracoccus_soil	K19222
D1_Paracoccus_soil	K19267
D1_Paracoccus_soil	K19270
D1_Paracoccus_soil	K19304
D1_Paracoccus_soil	K19311
D1_Paracoccus_soil	K19333
D1_Paracoccus_soil	K19338
D1_Paracoccus_soil	K19339
D1_Paracoccus_soil	K19340
D1_Paracoccus_soil	K19341
D1_Paracoccus_soil	K19342
D1_Paracoccus_soil	K19343
D1_Paracoccus_soil	K19344
D1_Paracoccus_soil	K19345
D1_Paracoccus_soil	K19641
D1_Paracoccus_soil	K19653
D1_Paracoccus_soil	K19661
D1_Paracoccus_soil	K19745
D1_Paracoccus_soil	K19784
D1_Paracoccus_soil	K19960
D1_Paracoccus_soil	K19961
D1_Paracoccus_soil	K19962
D1_Paracoccus_soil	K20034
D1_Paracoccus_soil	K20035
D1_Paracoccus_soil	K20036
D1_Paracoccus_soil	K20074
D1_Paracoccus_soil	K20146
D1_Paracoccus_soil	K20172
D1_Paracoccus_soil	K20266
D1_Paracoccus_soil	K20386
D1_Paracoccus_soil	K20439
D1_Paracoccus_soil	K20527
D1_Paracoccus_soil	K20528
D1_Paracoccus_soil	K20529
D1_Paracoccus_soil	K20530
D1_Paracoccus_soil	K20531
D1_Paracoccus_soil	K20532
D1_Paracoccus_soil	K20533
D1_Paracoccus_soil	K20565
D1_Paracoccus_soil	K20566
D1_Paracoccus_soil	K20567
D1_Paracoccus_soil	K20571
D1_Paracoccus_soil	K20572
D1_Paracoccus_soil	K20615
D1_Paracoccus_soil	K20976
D1_Paracoccus_soil	K21029
D1_Paracoccus_soil	K21062
D1_Paracoccus_soil	K21130
D1_Paracoccus_soil	K21131
D1_Paracoccus_soil	K21134
D1_Paracoccus_soil	K21137
D1_Paracoccus_soil	K21179
D1_Paracoccus_soil	K21254
D1_Paracoccus_soil	K21320
D1_Paracoccus_soil	K21324
D1_Paracoccus_soil	K21326
D1_Paracoccus_soil	K21393
D1_Paracoccus_soil	K21405
D1_Paracoccus_soil	K21416
D1_Paracoccus_soil	K21417
D1_Paracoccus_soil	K21420
D1_Paracoccus_soil	K21430
D1_Paracoccus_soil	K21470
D1_Paracoccus_soil	K21495
D1_Paracoccus_soil	K21498
D1_Paracoccus_soil	K21528
D1_Paracoccus_soil	K21563
D1_Paracoccus_soil	K21617
D1_Paracoccus_soil	K21620
D1_Paracoccus_soil	K21621
D1_Paracoccus_soil	K21622
D1_Paracoccus_soil	K21636
D1_Paracoccus_soil	K21645
D1_Paracoccus_soil	K21686
D1_Paracoccus_soil	K21757
D1_Paracoccus_soil	K21801
D1_Paracoccus_soil	K21826
D1_Paracoccus_soil	K21832
D1_Paracoccus_soil	K21836
D1_Paracoccus_soil	K21929
D1_Paracoccus_soil	K21948
D1_Paracoccus_soil	K21993
D1_Paracoccus_soil	K22042
D1_Paracoccus_soil	K22084
D1_Paracoccus_soil	K22085
D1_Paracoccus_soil	K22086
D1_Paracoccus_soil	K22087
D1_Paracoccus_soil	K22112
D1_Paracoccus_soil	K22130
D1_Paracoccus_soil	K22187
D1_Paracoccus_soil	K22210
D1_Paracoccus_soil	K22225
D1_Paracoccus_soil	K22278
D1_Paracoccus_soil	K22293
D1_Paracoccus_soil	K22296
D1_Paracoccus_soil	K22310
D1_Paracoccus_soil	K22362
D1_Paracoccus_soil	K22468
D1_Paracoccus_soil	K22476
D1_Paracoccus_soil	K22479
D1_Paracoccus_soil	K22489
D1_Paracoccus_soil	K22548
D1_Paracoccus_soil	K22550
D1_Paracoccus_soil	K22551
D1_Paracoccus_soil	K22617
D1_Paracoccus_soil	K22622
D1_Paracoccus_soil	K22715
D1_Paracoccus_soil	K22719
D1_Paracoccus_soil	K22736
D1_Paracoccus_soil	K23061
D1_Paracoccus_soil	K23062
D1_Paracoccus_soil	K23063
D1_Paracoccus_soil	K23064
D1_Paracoccus_soil	K23102
D1_Paracoccus_soil	K23104
D1_Paracoccus_soil	K23107
D1_Paracoccus_soil	K23163
D1_Paracoccus_soil	K23185
D1_Paracoccus_soil	K23186
D1_Paracoccus_soil	K23187
D1_Paracoccus_soil	K23188
D1_Paracoccus_soil	K23227
D1_Paracoccus_soil	K23228
D1_Paracoccus_soil	K23238
D1_Paracoccus_soil	K23239
D1_Paracoccus_soil	K23240
D1_Paracoccus_soil	K23250
D1_Paracoccus_soil	K23264
D1_Paracoccus_soil	K23265
D1_Paracoccus_soil	K23269
D1_Paracoccus_soil	K23365
D1_Paracoccus_soil	K23367
D1_Paracoccus_soil	K23397
D1_Paracoccus_soil	K23463
D1_Paracoccus_soil	K23514
D1_Paracoccus_soil	K23518
D1_Paracoccus_soil	K23535
D1_Paracoccus_soil	K23536
D1_Paracoccus_soil	K23537
D1_Paracoccus_soil	K23548
D1_Paracoccus_soil	K23549
D1_Paracoccus_soil	K23738
D1_Paracoccus_soil	K23744
D1_Paracoccus_soil	K23773
D1_Paracoccus_soil	K23775
D1_Paracoccus_soil	K23777
D1_Paracoccus_soil	K23995
D1_Paracoccus_soil	K23997
D1_Paracoccus_soil	K24003
D1_Paracoccus_soil	K24004
D1_Paracoccus_soil	K24116
D1_Paracoccus_soil	K24157
D1_Paracoccus_soil	K24158
D1_Paracoccus_soil	K24206
D1_Paracoccus_soil	K24217
D1_Paracoccus_soil	K24244
D1_Paracoccus_soil	K24245
D1_Paracoccus_soil	K24312
D1_Paracoccus_soil	K24528
D1_Paracoccus_soil	K24557
D1_Paracoccus_soil	K24558
D1_Paracoccus_soil	K24559
D1_Paracoccus_soil	K24567
D1_Paracoccus_soil	K24568
D1_Paracoccus_soil	K24569
D1_Paracoccus_soil	K24619
D1_Paracoccus_soil	K24843
D1_Paracoccus_soil	K24844
D1_Paracoccus_soil	K24845
D1_Paracoccus_soil	K24867
D1_Paracoccus_soil	K24868
D1_Paracoccus_soil	K24955
D1_Paracoccus_soil	K24967
D1_Paracoccus_soil	K25132
D1_Paracoccus_soil	K25133
D1_Paracoccus_soil	K25282
D1_Paracoccus_soil	K25283
D1_Paracoccus_soil	K25284
D1_Paracoccus_soil	K25285
D1_Paracoccus_soil	K25286
D1_Paracoccus_soil	K25590
D1_Paracoccus_soil	K25706
D1_Paracoccus_soil	K25775
D1_Paracoccus_soil	K26005
D1_Paracoccus_soil	K26064
D1_Paracoccus_soil	K26138
D1_Paracoccus_soil	K26139
D1_Paracoccus_soil	K26217
D1_Paracoccus_soil	K26273
D1_Paracoccus_soil	K26399
D1_Paracoccus_soil	K26569
D1_Paracoccus_soil	K26576
D1_Paracoccus_soil	K26605
D1_Paracoccus_soil	K26606
D1_Paracoccus_soil	K26937
D1_Paracoccus_soil	K26939
D1_Paracoccus_soil	K27305
D1_Paracoccus_soil	K27497
D1_Paracoccus_soil	K27802
D1_Paracoccus_soil	K27837
D1_Paracoccus_soil	K27838
D1_Paracoccus_soil	K27848
D1_Paracoccus_soil	K27969
D1_Paracoccus_soil	K28014
D1_Paracoccus_soil	K28178
D1_Paracoccus_soil	K28179
D1_Paracoccus_soil	K28180
D1_Paracoccus_soil	K28190
D1_Paracoccus_soil	K28191
D1_Paracoccus_soil	K28462
D1_Paracoccus_soil	K28525
D1_Paracoccus_soil	K28568
D1_Paracoccus_soil	K28569
D1_Paracoccus_soil	K28570
D1_Paracoccus_soil	K28588
D1_Paracoccus_soil	K28589
D1_Paracoccus_soil	K28637
D1_Paracoccus_soil	K28639
D1_Paracoccus_soil	K28640
D1_Paracoccus_soil	K28641
D1_Paracoccus_soil	K28762
D2_Thiobacillus_groundwater	K00003
D2_Thiobacillus_groundwater	K00012
D2_Thiobacillus_groundwater	K00013
D2_Thiobacillus_groundwater	K00014
D2_Thiobacillus_groundwater	K00029
D2_Thiobacillus_groundwater	K00031
D2_Thiobacillus_groundwater	K00033
D2_Thiobacillus_groundwater	K00036
D2_Thiobacillus_groundwater	K00042
D2_Thiobacillus_groundwater	K00052
D2_Thiobacillus_groundwater	K00053
D2_Thiobacillus_groundwater	K00057
D2_Thiobacillus_groundwater	K00059
D2_Thiobacillus_groundwater	K00067
D2_Thiobacillus_groundwater	K00075
D2_Thiobacillus_groundwater	K00088
D2_Thiobacillus_groundwater	K00097
D2_Thiobacillus_groundwater	K00099
D2_Thiobacillus_groundwater	K00104
D2_Thiobacillus_groundwater	K00113
D2_Thiobacillus_groundwater	K00124
D2_Thiobacillus_groundwater	K00133
D2_Thiobacillus_groundwater	K00134
D2_Thiobacillus_groundwater	K00145
D2_Thiobacillus_groundwater	K00147
D2_Thiobacillus_groundwater	K00161
D2_Thiobacillus_groundwater	K00208
D2_Thiobacillus_groundwater	K00215
D2_Thiobacillus_groundwater	K00226
D2_Thiobacillus_groundwater	K00228
D2_Thiobacillus_groundwater	K00239
D2_Thiobacillus_groundwater	K00240
D2_Thiobacillus_groundwater	K00242
D2_Thiobacillus_groundwater	K00254
D2_Thiobacillus_groundwater	K00259
D2_Thiobacillus_groundwater	K00265
D2_Thiobacillus_groundwater	K00266
D2_Thiobacillus_groundwater	K00278
D2_Thiobacillus_groundwater	K00282
D2_Thiobacillus_groundwater	K00283
D2_Thiobacillus_groundwater	K00286
D2_Thiobacillus_groundwater	K00287
D2_Thiobacillus_groundwater	K00297
D2_Thiobacillus_groundwater	K00330
D2_Thiobacillus_groundwater	K00331
D2_Thiobacillus_groundwater	K00332
D2_Thiobacillus_groundwater	K00333
D2_Thiobacillus_groundwater	K00334
D2_Thiobacillus_groundwater	K00335
D2_Thiobacillus_groundwater	K00336
D2_Thiobacillus_groundwater	K00337
D2_Thiobacillus_groundwater	K00338
D2_Thiobacillus_groundwater	K00339
D2_Thiobacillus_groundwater	K00340
D2_Thiobacillus_groundwater	K00341
D2_Thiobacillus_groundwater	K00342
D2_Thiobacillus_groundwater	K00343
D2_Thiobacillus_groundwater	K00362
D2_Thiobacillus_groundwater	K00363
D2_Thiobacillus_groundwater	K00372
D2_Thiobacillus_groundwater	K00373
D2_Thiobacillus_groundwater	K00374
D2_Thiobacillus_groundwater	K00376
D2_Thiobacillus_groundwater	K00382
D2_Thiobacillus_groundwater	K00384
D2_Thiobacillus_groundwater	K00394
D2_Thiobacillus_groundwater	K00395
D2_Thiobacillus_groundwater	K00404
D2_Thiobacillus_groundwater	K00405
D2_Thiobacillus_groundwater	K00406
D2_Thiobacillus_groundwater	K00407
D2_Thiobacillus_groundwater	K00411
D2_Thiobacillus_groundwater	K00412
D2_Thiobacillus_groundwater	K00413
D2_Thiobacillus_groundwater	K00459
D2_Thiobacillus_groundwater	K00507
D2_Thiobacillus_groundwater	K00520
D2_Thiobacillus_groundwater	K00523
D2_Thiobacillus_groundwater	K00525
D2_Thiobacillus_groundwater	K00526
D2_Thiobacillus_groundwater	K00548
D2_Thiobacillus_groundwater	K00549
D2_Thiobacillus_groundwater	K00554
D2_Thiobacillus_groundwater	K00558
D2_Thiobacillus_groundwater	K00560
D2_Thiobacillus_groundwater	K00563
D2_Thiobacillus_groundwater	K00566
D2_Thiobacillus_groundwater	K00568
D2_Thiobacillus_groundwater	K00571
D2_Thiobacillus_groundwater	K00573
D2_Thiobacillus_groundwater	K00574
D2_Thiobacillus_groundwater	K00575
D2_Thiobacillus_groundwater	K00600
D2_Thiobacillus_groundwater	K00602
D2_Thiobacillus_groundwater	K00604
D2_Thiobacillus_groundwater	K00605
D2_Thiobacillus_groundwater	K00606
D2_Thiobacillus_groundwater	K00609
D2_Thiobacillus_groundwater	K00611
D2_Thiobacillus_groundwater	K00615
D2_Thiobacillus_groundwater	K00616
D2_Thiobacillus_groundwater	K00620
D2_Thiobacillus_groundwater	K00640
D2_Thiobacillus_groundwater	K00645
D2_Thiobacillus_groundwater	K00647
D2_Thiobacillus_groundwater	K00648
D2_Thiobacillus_groundwater	K00651
D2_Thiobacillus_groundwater	K00652
D2_Thiobacillus_groundwater	K00655
D2_Thiobacillus_groundwater	K00658
D2_Thiobacillus_groundwater	K00674
D2_Thiobacillus_groundwater	K00677
D2_Thiobacillus_groundwater	K00681
D2_Thiobacillus_groundwater	K00684
D2_Thiobacillus_groundwater	K00688
D2_Thiobacillus_groundwater	K00700
D2_Thiobacillus_groundwater	K00703
D2_Thiobacillus_groundwater	K00705
D2_Thiobacillus_groundwater	K00748
D2_Thiobacillus_groundwater	K00760
D2_Thiobacillus_groundwater	K00762
D2_Thiobacillus_groundwater	K00764
D2_Thiobacillus_groundwater	K00765
D2_Thiobacillus_groundwater	K00766
D2_Thiobacillus_groundwater	K00767
D2_Thiobacillus_groundwater	K00768
D2_Thiobacillus_groundwater	K00773
D2_Thiobacillus_groundwater	K00783
D2_Thiobacillus_groundwater	K00784
D2_Thiobacillus_groundwater	K00788
D2_Thiobacillus_groundwater	K00789
D2_Thiobacillus_groundwater	K00790
D2_Thiobacillus_groundwater	K00791
D2_Thiobacillus_groundwater	K00793
D2_Thiobacillus_groundwater	K00794
D2_Thiobacillus_groundwater	K00795
D2_Thiobacillus_groundwater	K00796
D2_Thiobacillus_groundwater	K00797
D2_Thiobacillus_groundwater	K00799
D2_Thiobacillus_groundwater	K00800
D2_Thiobacillus_groundwater	K00806
D2_Thiobacillus_groundwater	K00812
D2_Thiobacillus_groundwater	K00817
D2_Thiobacillus_groundwater	K00820
D2_Thiobacillus_groundwater	K00821
D2_Thiobacillus_groundwater	K00824
D2_Thiobacillus_groundwater	K00826
D2_Thiobacillus_groundwater	K00830
D2_Thiobacillus_groundwater	K00831
D2_Thiobacillus_groundwater	K00833
D2_Thiobacillus_groundwater	K00845
D2_Thiobacillus_groundwater	K00858
D2_Thiobacillus_groundwater	K00859
D2_Thiobacillus_groundwater	K00873
D2_Thiobacillus_groundwater	K00891
D2_Thiobacillus_groundwater	K00912
D2_Thiobacillus_groundwater	K00919
D2_Thiobacillus_groundwater	K00925
D2_Thiobacillus_groundwater	K00927
D2_Thiobacillus_groundwater	K00928
D2_Thiobacillus_groundwater	K00930
D2_Thiobacillus_groundwater	K00931
D2_Thiobacillus_groundwater	K00937
D2_Thiobacillus_groundwater	K00939
D2_Thiobacillus_groundwater	K00940
D2_Thiobacillus_groundwater	K00941
D2_Thiobacillus_groundwater	K00942
D2_Thiobacillus_groundwater	K00943
D2_Thiobacillus_groundwater	K00945
D2_Thiobacillus_groundwater	K00946
D2_Thiobacillus_groundwater	K00948
D2_Thiobacillus_groundwater	K00950
D2_Thiobacillus_groundwater	K00954
D2_Thiobacillus_groundwater	K00958
D2_Thiobacillus_groundwater	K00962
D2_Thiobacillus_groundwater	K00965
D2_Thiobacillus_groundwater	K00969
D2_Thiobacillus_groundwater	K00970
D2_Thiobacillus_groundwater	K00971
D2_Thiobacillus_groundwater	K00973
D2_Thiobacillus_groundwater	K00974
D2_Thiobacillus_groundwater	K00975
D2_Thiobacillus_groundwater	K00978
D2_Thiobacillus_groundwater	K00979
D2_Thiobacillus_groundwater	K00981
D2_Thiobacillus_groundwater	K00982
D2_Thiobacillus_groundwater	K00989
D2_Thiobacillus_groundwater	K00990
D2_Thiobacillus_groundwater	K00991
D2_Thiobacillus_groundwater	K00992
D2_Thiobacillus_groundwater	K00995
D2_Thiobacillus_groundwater	K00997
D2_Thiobacillus_groundwater	K01000
D2_Thiobacillus_groundwater	K01007
D2_Thiobacillus_groundwater	K01008
D2_Thiobacillus_groundwater	K01011
D2_Thiobacillus_groundwater	K01012
D2_Thiobacillus_groundwater	K01021
D2_Thiobacillus_groundwater	K01056
D2_Thiobacillus_groundwater	K01057
D2_Thiobacillus_groundwater	K01058
D2_Thiobacillus_groundwater	K01061
D2_Thiobacillus_groundwater	K01069
D2_Thiobacillus_groundwater	K01081
D2_Thiobacillus_groundwater	K01091
D2_Thiobacillus_groundwater	K01092
D2_Thiobacillus_groundwater	K01095
D2_Thiobacillus_groundwater	K01115
D2_Thiobacillus_groundwater	K01118
D2_Thiobacillus_groundwater	K01129
D2_Thiobacillus_groundwater	K01139
D2_Thiobacillus_groundwater	K01142
D2_Thiobacillus_groundwater	K01147
D2_Thiobacillus_groundwater	K01153
D2_Thiobacillus_groundwater	K01154
D2_Thiobacillus_groundwater	K01156
D2_Thiobacillus_groundwater	K01159
D2_Thiobacillus_groundwater	K01166
D2_Thiobacillus_groundwater	K01174
D2_Thiobacillus_groundwater	K01207
D2_Thiobacillus_groundwater	K01209
D2_Thiobacillus_groundwater	K01236
D2_Thiobacillus_groundwater	K01247
D2_Thiobacillus_groundwater	K01251
D2_Thiobacillus_groundwater	K01255
D2_Thiobacillus_groundwater	K01256
D2_Thiobacillus_groundwater	K01259
D2_Thiobacillus_groundwater	K01262
D2_Thiobacillus_groundwater	K01265
D2_Thiobacillus_groundwater	K01338
D2_Thiobacillus_groundwater	K01356
D2_Thiobacillus_groundwater	K01358
D2_Thiobacillus_groundwater	K01414
D2_Thiobacillus_groundwater	K01419
D2_Thiobacillus_groundwater	K01423
D2_Thiobacillus_groundwater	K01426
D2_Thiobacillus_groundwater	K01433
D2_Thiobacillus_groundwater	K01439
D2_Thiobacillus_groundwater	K01448
D2_Thiobacillus_groundwater	K01462
D2_Thiobacillus_groundwater	K01465
D2_Thiobacillus_groundwater	K01470
D2_Thiobacillus_groundwater	K01476
D2_Thiobacillus_groundwater	K01491
D2_Thiobacillus_groundwater	K01494
D2_Thiobacillus_groundwater	K01495
D2_Thiobacillus_groundwater	K01496
D2_Thiobacillus_groundwater	K01507
D2_Thiobacillus_groundwater	K01512
D2_Thiobacillus_groundwater	K01515
D2_Thiobacillus_groundwater	K01519
D2_Thiobacillus_groundwater	K01520
D2_Thiobacillus_groundwater	K01523
D2_Thiobacillus_groundwater	K01524
D2_Thiobacillus_groundwater	K01525
D2_Thiobacillus_groundwater	K01533
D2_Thiobacillus_groundwater	K01537
D2_Thiobacillus_groundwater	K01579
D2_Thiobacillus_groundwater	K01584
D2_Thiobacillus_groundwater	K01586
D2_Thiobacillus_groundwater	K01588
D2_Thiobacillus_groundwater	K01589
D2_Thiobacillus_groundwater	K01591
D2_Thiobacillus_groundwater	K01595
D2_Thiobacillus_groundwater	K01599
D2_Thiobacillus_groundwater	K01601
D2_Thiobacillus_groundwater	K01602
D2_Thiobacillus_groundwater	K01607
D2_Thiobacillus_groundwater	K01609
D2_Thiobacillus_groundwater	K01613
D2_Thiobacillus_groundwater	K01621
D2_Thiobacillus_groundwater	K01623
D2_Thiobacillus_groundwater	K01624
D2_Thiobacillus_groundwater	K01626
D2_Thiobacillus_groundwater	K01627
D2_Thiobacillus_groundwater	K01633
D2_Thiobacillus_groundwater	K01647
D2_Thiobacillus_groundwater	K01649
D2_Thiobacillus_groundwater	K01652
D2_Thiobacillus_groundwater	K01653
D2_Thiobacillus_groundwater	K01657
D2_Thiobacillus_groundwater	K01658
D2_Thiobacillus_groundwater	K01662
D2_Thiobacillus_groundwater	K01664
D2_Thiobacillus_groundwater	K01674
D2_Thiobacillus_groundwater	K01687
D2_Thiobacillus_groundwater	K01689
D2_Thiobacillus_groundwater	K01693
D2_Thiobacillus_groundwater	K01695
D2_Thiobacillus_groundwater	K01696
D2_Thiobacillus_groundwater	K01698
D2_Thiobacillus_groundwater	K01703
D2_Thiobacillus_groundwater	K01704
D2_Thiobacillus_groundwater	K01709
D2_Thiobacillus_groundwater	K01710
D2_Thiobacillus_groundwater	K01711
D2_Thiobacillus_groundwater	K01714
D2_Thiobacillus_groundwater	K01719
D2_Thiobacillus_groundwater	K01724
D2_Thiobacillus_groundwater	K01725
D2_Thiobacillus_groundwater	K01726
D2_Thiobacillus_groundwater	K01733
D2_Thiobacillus_groundwater	K01735
D2_Thiobacillus_groundwater	K01736
D2_Thiobacillus_groundwater	K01737
D2_Thiobacillus_groundwater	K01749
D2_Thiobacillus_groundwater	K01754
D2_Thiobacillus_groundwater	K01755
D2_Thiobacillus_groundwater	K01756
D2_Thiobacillus_groundwater	K01759
D2_Thiobacillus_groundwater	K01768
D2_Thiobacillus_groundwater	K01770
D2_Thiobacillus_groundwater	K01772
D2_Thiobacillus_groundwater	K01775
D2_Thiobacillus_groundwater	K01776
D2_Thiobacillus_groundwater	K01778
D2_Thiobacillus_groundwater	K01783
D2_Thiobacillus_groundwater	K01784
D2_Thiobacillus_groundwater	K01790
D2_Thiobacillus_groundwater	K01791
D2_Thiobacillus_groundwater	K01792
D2_Thiobacillus_groundwater	K01802
D2_Thiobacillus_groundwater	K01803
D2_Thiobacillus_groundwater	K01807
D2_Thiobacillus_groundwater	K01810
D2_Thiobacillus_groundwater	K01814
D2_Thiobacillus_groundwater	K01817
D2_Thiobacillus_groundwater	K01821
D2_Thiobacillus_groundwater	K01845
D2_Thiobacillus_groundwater	K01866
D2_Thiobacillus_groundwater	K01867
D2_Thiobacillus_groundwater	K01868
D2_Thiobacillus_groundwater	K01869
D2_Thiobacillus_groundwater	K01870
D2_Thiobacillus_groundwater	K01872
D2_Thiobacillus_groundwater	K01873
D2_Thiobacillus_groundwater	K01874
D2_Thiobacillus_groundwater	K01875
D2_Thiobacillus_groundwater	K01876
D2_Thiobacillus_groundwater	K01878
D2_Thiobacillus_groundwater	K01879
D2_Thiobacillus_groundwater	K01881
D2_Thiobacillus_groundwater	K01883
D2_Thiobacillus_groundwater	K01885
D2_Thiobacillus_groundwater	K01886
D2_Thiobacillus_groundwater	K01887
D2_Thiobacillus_groundwater	K01889
D2_Thiobacillus_groundwater	K01890
D2_Thiobacillus_groundwater	K01892
D2_Thiobacillus_groundwater	K01894
D2_Thiobacillus_groundwater	K01895
D2_Thiobacillus_groundwater	K01897
D2_Thiobacillus_groundwater	K01902
D2_Thiobacillus_groundwater	K01903
D2_Thiobacillus_groundwater	K01905
D2_Thiobacillus_groundwater	K01915
D2_Thiobacillus_groundwater	K01918
D2_Thiobacillus_groundwater	K01920
D2_Thiobacillus_groundwater	K01921
D2_Thiobacillus_groundwater	K01923
D2_Thiobacillus_groundwater	K01924
D2_Thiobacillus_groundwater	K01925
D2_Thiobacillus_groundwater	K01928
D2_Thiobacillus_groundwater	K01929
D2_Thiobacillus_groundwater	K01933
D2_Thiobacillus_groundwater	K01934
D2_Thiobacillus_groundwater	K01935
D2_Thiobacillus_groundwater	K01937
D2_Thiobacillus_groundwater	K01939
D2_Thiobacillus_groundwater	K01940
D2_Thiobacillus_groundwater	K01945
D2_Thiobacillus_groundwater	K01951
D2_Thiobacillus_groundwater	K01952
D2_Thiobacillus_groundwater	K01953
D2_Thiobacillus_groundwater	K01955
D2_Thiobacillus_groundwater	K01956
D2_Thiobacillus_groundwater	K01959
D2_Thiobacillus_groundwater	K01960
D2_Thiobacillus_groundwater	K01961
D2_Thiobacillus_groundwater	K01962
D2_Thiobacillus_groundwater	K01963
D2_Thiobacillus_groundwater	K01971
D2_Thiobacillus_groundwater	K01972
D2_Thiobacillus_groundwater	K01975
D2_Thiobacillus_groundwater	K01990
D2_Thiobacillus_groundwater	K01991
D2_Thiobacillus_groundwater	K01992
D2_Thiobacillus_groundwater	K02003
D2_Thiobacillus_groundwater	K02004
D2_Thiobacillus_groundwater	K02005
D2_Thiobacillus_groundwater	K02010
D2_Thiobacillus_groundwater	K02011
D2_Thiobacillus_groundwater	K02012
D2_Thiobacillus_groundwater	K02013
D2_Thiobacillus_groundwater	K02014
D2_Thiobacillus_groundwater	K02016
D2_Thiobacillus_groundwater	K02017
D2_Thiobacillus_groundwater	K02018
D2_Thiobacillus_groundwater	K02019
D2_Thiobacillus_groundwater	K02020
D2_Thiobacillus_groundwater	K02030
D2_Thiobacillus_groundwater	K02031
D2_Thiobacillus_groundwater	K02032
D2_Thiobacillus_groundwater	K02036
D2_Thiobacillus_groundwater	K02037
D2_Thiobacillus_groundwater	K02038
D2_Thiobacillus_groundwater	K02039
D2_Thiobacillus_groundwater	K02040
D2_Thiobacillus_groundwater	K02041
D2_Thiobacillus_groundwater	K02042
D2_Thiobacillus_groundwater	K02043
D2_Thiobacillus_groundwater	K02044
D2_Thiobacillus_groundwater	K02050
D2_Thiobacillus_groundwater	K02065
D2_Thiobacillus_groundwater	K02066
D2_Thiobacillus_groundwater	K02067
D2_Thiobacillus_groundwater	K02078
D2_Thiobacillus_groundwater	K02108
D2_Thiobacillus_groundwater	K02109
D2_Thiobacillus_groundwater	K02111
D2_Thiobacillus_groundwater	K02112
D2_Thiobacillus_groundwater	K02113
D2_Thiobacillus_groundwater	K02114
D2_Thiobacillus_groundwater	K02115
D2_Thiobacillus_groundwater	K02160
D2_Thiobacillus_groundwater	K02164
D2_Thiobacillus_groundwater	K02169
D2_Thiobacillus_groundwater	K02170
D2_Thiobacillus_groundwater	K02192
D2_Thiobacillus_groundwater	K02199
D2_Thiobacillus_groundwater	K02221
D2_Thiobacillus_groundwater	K02224
D2_Thiobacillus_groundwater	K02225
D2_Thiobacillus_groundwater	K02226
D2_Thiobacillus_groundwater	K02227
D2_Thiobacillus_groundwater	K02231
D2_Thiobacillus_groundwater	K02232
D2_Thiobacillus_groundwater	K02233
D2_Thiobacillus_groundwater	K02237
D2_Thiobacillus_groundwater	K02238
D2_Thiobacillus_groundwater	K02242
D2_Thiobacillus_groundwater	K02257
D2_Thiobacillus_groundwater	K02258
D2_Thiobacillus_groundwater	K02259
D2_Thiobacillus_groundwater	K02274
D2_Thiobacillus_groundwater	K02275
D2_Thiobacillus_groundwater	K02276
D2_Thiobacillus_groundwater	K02277
D2_Thiobacillus_groundwater	K02291
D2_Thiobacillus_groundwater	K02302
D2_Thiobacillus_groundwater	K02303
D2_Thiobacillus_groundwater	K02305
D2_Thiobacillus_groundwater	K02313
D2_Thiobacillus_groundwater	K02314
D2_Thiobacillus_groundwater	K02316
D2_Thiobacillus_groundwater	K02335
D2_Thiobacillus_groundwater	K02337
D2_Thiobacillus_groundwater	K02338
D2_Thiobacillus_groundwater	K02339
D2_Thiobacillus_groundwater	K02340
D2_Thiobacillus_groundwater	K02341
D2_Thiobacillus_groundwater	K02342
D2_Thiobacillus_groundwater	K02343
D2_Thiobacillus_groundwater	K02347
D2_Thiobacillus_groundwater	K02348
D2_Thiobacillus_groundwater	K02355
D2_Thiobacillus_groundwater	K02356
D2_Thiobacillus_groundwater	K02357
D2_Thiobacillus_groundwater	K02358
D2_Thiobacillus_groundwater	K02372
D2_Thiobacillus_groundwater	K02377
D2_Thiobacillus_groundwater	K02386
D2_Thiobacillus_groundwater	K02387
D2_Thiobacillus_groundwater	K02388
D2_Thiobacillus_groundwater	K02389
D2_Thiobacillus_groundwater	K02390
D2_Thiobacillus_groundwater	K02391
D2_Thiobacillus_groundwater	K02392
D2_Thiobacillus_groundwater	K02393
D2_Thiobacillus_groundwater	K02394
D2_Thiobacillus_groundwater	K02395
D2_Thiobacillus_groundwater	K02396
D2_Thiobacillus_groundwater	K02397
D2_Thiobacillus_groundwater	K02398
D2_Thiobacillus_groundwater	K02399
D2_Thiobacillus_groundwater	K02400
D2_Thiobacillus_groundwater	K02401
D2_Thiobacillus_groundwater	K02402
D2_Thiobacillus_groundwater	K02403
D2_Thiobacillus_groundwater	K02404
D2_Thiobacillus_groundwater	K02405
D2_Thiobacillus_groundwater	K02406
D2_Thiobacillus_groundwater	K02407
D2_Thiobacillus_groundwater	K02408
D2_Thiobacillus_groundwater	K02409
D2_Thiobacillus_groundwater	K02410
D2_Thiobacillus_groundwater	K02411
D2_Thiobacillus_groundwater	K02412
D2_Thiobacillus_groundwater	K02413
D2_Thiobacillus_groundwater	K02414
D2_Thiobacillus_groundwater	K02415
D2_Thiobacillus_groundwater	K02416
D2_Thiobacillus_groundwater	K02417
D2_Thiobacillus_groundwater	K02418
D2_Thiobacillus_groundwater	K02419
D2_Thiobacillus_groundwater	K02420
D2_Thiobacillus_groundwater	K02421
D2_Thiobacillus_groundwater	K02422
D2_Thiobacillus_groundwater	K02423
D2_Thiobacillus_groundwater	K02427
D2_Thiobacillus_groundwater	K02433
D2_Thiobacillus_groundwater	K02434
D2_Thiobacillus_groundwater	K02435
D2_Thiobacillus_groundwater	K02437
D2_Thiobacillus_groundwater	K02448
D2_Thiobacillus_groundwater	K02453
D2_Thiobacillus_groundwater	K02456
D2_Thiobacillus_groundwater	K02469
D2_Thiobacillus_groundwater	K02470
D2_Thiobacillus_groundwater	K02473
D2_Thiobacillus_groundwater	K02474
D2_Thiobacillus_groundwater	K02477
D2_Thiobacillus_groundwater	K02481
D2_Thiobacillus_groundwater	K02483
D2_Thiobacillus_groundwater	K02492
D2_Thiobacillus_groundwater	K02493
D2_Thiobacillus_groundwater	K02494
D2_Thiobacillus_groundwater	K02495
D2_Thiobacillus_groundwater	K02496
D2_Thiobacillus_groundwater	K02498
D2_Thiobacillus_groundwater	K02500
D2_Thiobacillus_groundwater	K02501
D2_Thiobacillus_groundwater	K02502
D2_Thiobacillus_groundwater	K02503
D2_Thiobacillus_groundwater	K02510
D2_Thiobacillus_groundwater	K02517
D2_Thiobacillus_groundwater	K02518
D2_Thiobacillus_groundwater	K02519
D2_Thiobacillus_groundwater	K02520
D2_Thiobacillus_groundwater	K02523
D2_Thiobacillus_groundwater	K02527
D2_Thiobacillus_groundwater	K02528
D2_Thiobacillus_groundwater	K02533
D2_Thiobacillus_groundwater	K02535
D2_Thiobacillus_groundwater	K02536
D2_Thiobacillus_groundwater	K02556
D2_Thiobacillus_groundwater	K02557
D2_Thiobacillus_groundwater	K02558
D2_Thiobacillus_groundwater	K02563
D2_Thiobacillus_groundwater	K02575
D2_Thiobacillus_groundwater	K02600
D2_Thiobacillus_groundwater	K02601
D2_Thiobacillus_groundwater	K02619
D2_Thiobacillus_groundwater	K02650
D2_Thiobacillus_groundwater	K02652
D2_Thiobacillus_groundwater	K02653
D2_Thiobacillus_groundwater	K02654
D2_Thiobacillus_groundwater	K02655
D2_Thiobacillus_groundwater	K02656
D2_Thiobacillus_groundwater	K02657
D2_Thiobacillus_groundwater	K02658
D2_Thiobacillus_groundwater	K02659
D2_Thiobacillus_groundwater	K02660
D2_Thiobacillus_groundwater	K02662
D2_Thiobacillus_groundwater	K02663
D2_Thiobacillus_groundwater	K02664
D2_Thiobacillus_groundwater	K02665
D2_Thiobacillus_groundwater	K02666
D2_Thiobacillus_groundwater	K02667
D2_Thiobacillus_groundwater	K02668
D2_Thiobacillus_groundwater	K02669
D2_Thiobacillus_groundwater	K02670
D2_Thiobacillus_groundwater	K02671
D2_Thiobacillus_groundwater	K02672
D2_Thiobacillus_groundwater	K02673
D2_Thiobacillus_groundwater	K02676
D2_Thiobacillus_groundwater	K02686
D2_Thiobacillus_groundwater	K02687
D2_Thiobacillus_groundwater	K02784
D2_Thiobacillus_groundwater	K02793
D2_Thiobacillus_groundwater	K02806
D2_Thiobacillus_groundwater	K02825
D2_Thiobacillus_groundwater	K02834
D2_Thiobacillus_groundwater	K02835
D2_Thiobacillus_groundwater	K02836
D2_Thiobacillus_groundwater	K02837
D2_Thiobacillus_groundwater	K02838
D2_Thiobacillus_groundwater	K02860
D2_Thiobacillus_groundwater	K02863
D2_Thiobacillus_groundwater	K02864
D2_Thiobacillus_groundwater	K02867
D2_Thiobacillus_groundwater	K02871
D2_Thiobacillus_groundwater	K02874
D2_Thiobacillus_groundwater	K02876
D2_Thiobacillus_groundwater	K02878
D2_Thiobacillus_groundwater	K02879
D2_Thiobacillus_groundwater	K02881
D2_Thiobacillus_groundwater	K02884
D2_Thiobacillus_groundwater	K02886
D2_Thiobacillus_groundwater	K02887
D2_Thiobacillus_groundwater	K02888
D2_Thiobacillus_groundwater	K02890
D2_Thiobacillus_groundwater	K02892
D2_Thiobacillus_groundwater	K02895
D2_Thiobacillus_groundwater	K02897
D2_Thiobacillus_groundwater	K02899
D2_Thiobacillus_groundwater	K02902
D2_Thiobacillus_groundwater	K02904
D2_Thiobacillus_groundwater	K02906
D2_Thiobacillus_groundwater	K02907
D2_Thiobacillus_groundwater	K02909
D2_Thiobacillus_groundwater	K02911
D2_Thiobacillus_groundwater	K02913
D2_Thiobacillus_groundwater	K02914
D2_Thiobacillus_groundwater	K02916
D2_Thiobacillus_groundwater	K02919
D2_Thiobacillus_groundwater	K02926
D2_Thiobacillus_groundwater	K02931
D2_Thiobacillus_groundwater	K02933
D2_Thiobacillus_groundwater	K02935
D2_Thiobacillus_groundwater	K02939
D2_Thiobacillus_groundwater	K02945
D2_Thiobacillus_groundwater	K02946
D2_Thiobacillus_groundwater	K02948
D2_Thiobacillus_groundwater	K02950
D2_Thiobacillus_groundwater	K02952
D2_Thiobacillus_groundwater	K02954
D2_Thiobacillus_groundwater	K02956
D2_Thiobacillus_groundwater	K02959
D2_Thiobacillus_groundwater	K02961
D2_Thiobacillus_groundwater	K02963
D2_Thiobacillus_groundwater	K02965
D2_Thiobacillus_groundwater	K02967
D2_Thiobacillus_groundwater	K02968
D2_Thiobacillus_groundwater	K02970
D2_Thiobacillus_groundwater	K02982
D2_Thiobacillus_groundwater	K02986
D2_Thiobacillus_groundwater	K02988
D2_Thiobacillus_groundwater	K02990
D2_Thiobacillus_groundwater	K02992
D2_Thiobacillus_groundwater	K02994
D2_Thiobacillus_groundwater	K02996
D2_Thiobacillus_groundwater	K03040
D2_Thiobacillus_groundwater	K03043
D2_Thiobacillus_groundwater	K03046
D2_Thiobacillus_groundwater	K03060
D2_Thiobacillus_groundwater	K03070
D2_Thiobacillus_groundwater	K03071
D2_Thiobacillus_groundwater	K03072
D2_Thiobacillus_groundwater	K03073
D2_Thiobacillus_groundwater	K03074
D2_Thiobacillus_groundwater	K03075
D2_Thiobacillus_groundwater	K03076
D2_Thiobacillus_groundwater	K03086
D2_Thiobacillus_groundwater	K03088
D2_Thiobacillus_groundwater	K03089
D2_Thiobacillus_groundwater	K03092
D2_Thiobacillus_groundwater	K03098
D2_Thiobacillus_groundwater	K03100
D2_Thiobacillus_groundwater	K03101
D2_Thiobacillus_groundwater	K03106
D2_Thiobacillus_groundwater	K03110
D2_Thiobacillus_groundwater	K03111
D2_Thiobacillus_groundwater	K03116
D2_Thiobacillus_groundwater	K03117
D2_Thiobacillus_groundwater	K03118
D2_Thiobacillus_groundwater	K03147
D2_Thiobacillus_groundwater	K03149
D2_Thiobacillus_groundwater	K03152
D2_Thiobacillus_groundwater	K03153
D2_Thiobacillus_groundwater	K03154
D2_Thiobacillus_groundwater	K03168
D2_Thiobacillus_groundwater	K03177
D2_Thiobacillus_groundwater	K03179
D2_Thiobacillus_groundwater	K03181
D2_Thiobacillus_groundwater	K03182
D2_Thiobacillus_groundwater	K03183
D2_Thiobacillus_groundwater	K03185
D2_Thiobacillus_groundwater	K03186
D2_Thiobacillus_groundwater	K03192
D2_Thiobacillus_groundwater	K03210
D2_Thiobacillus_groundwater	K03215
D2_Thiobacillus_groundwater	K03216
D2_Thiobacillus_groundwater	K03217
D2_Thiobacillus_groundwater	K03218
D2_Thiobacillus_groundwater	K03269
D2_Thiobacillus_groundwater	K03270
D2_Thiobacillus_groundwater	K03271
D2_Thiobacillus_groundwater	K03273
D2_Thiobacillus_groundwater	K03274
D2_Thiobacillus_groundwater	K03282
D2_Thiobacillus_groundwater	K03284
D2_Thiobacillus_groundwater	K03286
D2_Thiobacillus_groundwater	K03310
D2_Thiobacillus_groundwater	K03320
D2_Thiobacillus_groundwater	K03321
D2_Thiobacillus_groundwater	K03325
D2_Thiobacillus_groundwater	K03390
D2_Thiobacillus_groundwater	K03406
D2_Thiobacillus_groundwater	K03407
D2_Thiobacillus_groundwater	K03408
D2_Thiobacillus_groundwater	K03411
D2_Thiobacillus_groundwater	K03412
D2_Thiobacillus_groundwater	K03413
D2_Thiobacillus_groundwater	K03414
D2_Thiobacillus_groundwater	K03415
D2_Thiobacillus_groundwater	K03424
D2_Thiobacillus_groundwater	K03427
D2_Thiobacillus_groundwater	K03431
D2_Thiobacillus_groundwater	K03437
D2_Thiobacillus_groundwater	K03438
D2_Thiobacillus_groundwater	K03439
D2_Thiobacillus_groundwater	K03455
D2_Thiobacillus_groundwater	K03466
D2_Thiobacillus_groundwater	K03469
D2_Thiobacillus_groundwater	K03470
D2_Thiobacillus_groundwater	K03474
D2_Thiobacillus_groundwater	K03495
D2_Thiobacillus_groundwater	K03496
D2_Thiobacillus_groundwater	K03497
D2_Thiobacillus_groundwater	K03498
D2_Thiobacillus_groundwater	K03499
D2_Thiobacillus_groundwater	K03500
D2_Thiobacillus_groundwater	K03501
D2_Thiobacillus_groundwater	K03517
D2_Thiobacillus_groundwater	K03524
D2_Thiobacillus_groundwater	K03525
D2_Thiobacillus_groundwater	K03526
D2_Thiobacillus_groundwater	K03527
D2_Thiobacillus_groundwater	K03528
D2_Thiobacillus_groundwater	K03529
D2_Thiobacillus_groundwater	K03530
D2_Thiobacillus_groundwater	K03531
D2_Thiobacillus_groundwater	K03536
D2_Thiobacillus_groundwater	K03544
D2_Thiobacillus_groundwater	K03545
D2_Thiobacillus_groundwater	K03549
D2_Thiobacillus_groundwater	K03550
D2_Thiobacillus_groundwater	K03551
D2_Thiobacillus_groundwater	K03553
D2_Thiobacillus_groundwater	K03555
D2_Thiobacillus_groundwater	K03557
D2_Thiobacillus_groundwater	K03558
D2_Thiobacillus_groundwater	K03559
D2_Thiobacillus_groundwater	K03561
D2_Thiobacillus_groundwater	K03562
D2_Thiobacillus_groundwater	K03564
D2_Thiobacillus_groundwater	K03565
D2_Thiobacillus_groundwater	K03567
D2_Thiobacillus_groundwater	K03568
D2_Thiobacillus_groundwater	K03569
D2_Thiobacillus_groundwater	K03570
D2_Thiobacillus_groundwater	K03571
D2_Thiobacillus_groundwater	K03572
D2_Thiobacillus_groundwater	K03574
D2_Thiobacillus_groundwater	K03575
D2_Thiobacillus_groundwater	K03576
D2_Thiobacillus_groundwater	K03578
D2_Thiobacillus_groundwater	K03584
D2_Thiobacillus_groundwater	K03585
D2_Thiobacillus_groundwater	K03586
D2_Thiobacillus_groundwater	K03587
D2_Thiobacillus_groundwater	K03588
D2_Thiobacillus_groundwater	K03589
D2_Thiobacillus_groundwater	K03590
D2_Thiobacillus_groundwater	K03592
D2_Thiobacillus_groundwater	K03593
D2_Thiobacillus_groundwater	K03594
D2_Thiobacillus_groundwater	K03595
D2_Thiobacillus_groundwater	K03596
D2_Thiobacillus_groundwater	K03597
D2_Thiobacillus_groundwater	K03598
D2_Thiobacillus_groundwater	K03599
D2_Thiobacillus_groundwater	K03600
D2_Thiobacillus_groundwater	K03601
D2_Thiobacillus_groundwater	K03602
D2_Thiobacillus_groundwater	K03605
D2_Thiobacillus_groundwater	K03608
D2_Thiobacillus_groundwater	K03609
D2_Thiobacillus_groundwater	K03610
D2_Thiobacillus_groundwater	K03612
D2_Thiobacillus_groundwater	K03613
D2_Thiobacillus_groundwater	K03614
D2_Thiobacillus_groundwater	K03615
D2_Thiobacillus_groundwater	K03616
D2_Thiobacillus_groundwater	K03617
D2_Thiobacillus_groundwater	K03620
D2_Thiobacillus_groundwater	K03621
D2_Thiobacillus_groundwater	K03624
D2_Thiobacillus_groundwater	K03625
D2_Thiobacillus_groundwater	K03628
D2_Thiobacillus_groundwater	K03630
D2_Thiobacillus_groundwater	K03631
D2_Thiobacillus_groundwater	K03634
D2_Thiobacillus_groundwater	K03635
D2_Thiobacillus_groundwater	K03636
D2_Thiobacillus_groundwater	K03637
D2_Thiobacillus_groundwater	K03639
D2_Thiobacillus_groundwater	K03640
D2_Thiobacillus_groundwater	K03641
D2_Thiobacillus_groundwater	K03642
D2_Thiobacillus_groundwater	K03643
D2_Thiobacillus_groundwater	K03644
D2_Thiobacillus_groundwater	K03646
D2_Thiobacillus_groundwater	K03650
D2_Thiobacillus_groundwater	K03654
D2_Thiobacillus_groundwater	K03655
D2_Thiobacillus_groundwater	K03656
D2_Thiobacillus_groundwater	K03657
D2_Thiobacillus_groundwater	K03664
D2_Thiobacillus_groundwater	K03665
D2_Thiobacillus_groundwater	K03666
D2_Thiobacillus_groundwater	K03667
D2_Thiobacillus_groundwater	K03669
D2_Thiobacillus_groundwater	K03670
D2_Thiobacillus_groundwater	K03671
D2_Thiobacillus_groundwater	K03672
D2_Thiobacillus_groundwater	K03673
D2_Thiobacillus_groundwater	K03676
D2_Thiobacillus_groundwater	K03685
D2_Thiobacillus_groundwater	K03686
D2_Thiobacillus_groundwater	K03687
D2_Thiobacillus_groundwater	K03688
D2_Thiobacillus_groundwater	K03690
D2_Thiobacillus_groundwater	K03692
D2_Thiobacillus_groundwater	K03694
D2_Thiobacillus_groundwater	K03695
D2_Thiobacillus_groundwater	K03699
D2_Thiobacillus_groundwater	K03701
D2_Thiobacillus_groundwater	K03702
D2_Thiobacillus_groundwater	K03703
D2_Thiobacillus_groundwater	K03704
D2_Thiobacillus_groundwater	K03705
D2_Thiobacillus_groundwater	K03710
D2_Thiobacillus_groundwater	K03711
D2_Thiobacillus_groundwater	K03717
D2_Thiobacillus_groundwater	K03722
D2_Thiobacillus_groundwater	K03723
D2_Thiobacillus_groundwater	K03733
D2_Thiobacillus_groundwater	K03734
D2_Thiobacillus_groundwater	K03737
D2_Thiobacillus_groundwater	K03743
D2_Thiobacillus_groundwater	K03744
D2_Thiobacillus_groundwater	K03745
D2_Thiobacillus_groundwater	K03747
D2_Thiobacillus_groundwater	K03749
D2_Thiobacillus_groundwater	K03750
D2_Thiobacillus_groundwater	K03752
D2_Thiobacillus_groundwater	K03753
D2_Thiobacillus_groundwater	K03769
D2_Thiobacillus_groundwater	K03770
D2_Thiobacillus_groundwater	K03771
D2_Thiobacillus_groundwater	K03774
D2_Thiobacillus_groundwater	K03775
D2_Thiobacillus_groundwater	K03776
D2_Thiobacillus_groundwater	K03781
D2_Thiobacillus_groundwater	K03786
D2_Thiobacillus_groundwater	K03787
D2_Thiobacillus_groundwater	K03789
D2_Thiobacillus_groundwater	K03793
D2_Thiobacillus_groundwater	K03797
D2_Thiobacillus_groundwater	K03798
D2_Thiobacillus_groundwater	K03799
D2_Thiobacillus_groundwater	K03801
D2_Thiobacillus_groundwater	K03803
D2_Thiobacillus_groundwater	K03805
D2_Thiobacillus_groundwater	K03806
D2_Thiobacillus_groundwater	K03809
D2_Thiobacillus_groundwater	K03814
D2_Thiobacillus_groundwater	K03820
D2_Thiobacillus_groundwater	K03831
D2_Thiobacillus_groundwater	K03832
D2_Thiobacillus_groundwater	K03841
D2_Thiobacillus_groundwater	K03885
D2_Thiobacillus_groundwater	K03892
D2_Thiobacillus_groundwater	K03925
D2_Thiobacillus_groundwater	K03926
D2_Thiobacillus_groundwater	K03972
D2_Thiobacillus_groundwater	K03975
D2_Thiobacillus_groundwater	K03977
D2_Thiobacillus_groundwater	K03978
D2_Thiobacillus_groundwater	K03979
D2_Thiobacillus_groundwater	K03980
D2_Thiobacillus_groundwater	K03981
D2_Thiobacillus_groundwater	K04042
D2_Thiobacillus_groundwater	K04043
D2_Thiobacillus_groundwater	K04044
D2_Thiobacillus_groundwater	K04061
D2_Thiobacillus_groundwater	K04066
D2_Thiobacillus_groundwater	K04069
D2_Thiobacillus_groundwater	K04075
D2_Thiobacillus_groundwater	K04077
D2_Thiobacillus_groundwater	K04078
D2_Thiobacillus_groundwater	K04079
D2_Thiobacillus_groundwater	K04082
D2_Thiobacillus_groundwater	K04083
D2_Thiobacillus_groundwater	K04084
D2_Thiobacillus_groundwater	K04085
D2_Thiobacillus_groundwater	K04087
D2_Thiobacillus_groundwater	K04088
D2_Thiobacillus_groundwater	K04096
D2_Thiobacillus_groundwater	K04485
D2_Thiobacillus_groundwater	K04487
D2_Thiobacillus_groundwater	K04488
D2_Thiobacillus_groundwater	K04517
D2_Thiobacillus_groundwater	K04518
D2_Thiobacillus_groundwater	K04561
D2_Thiobacillus_groundwater	K04562
D2_Thiobacillus_groundwater	K04564
D2_Thiobacillus_groundwater	K04565
D2_Thiobacillus_groundwater	K04567
D2_Thiobacillus_groundwater	K04651
D2_Thiobacillus_groundwater	K04652
D2_Thiobacillus_groundwater	K04653
D2_Thiobacillus_groundwater	K04654
D2_Thiobacillus_groundwater	K04655
D2_Thiobacillus_groundwater	K04656
D2_Thiobacillus_groundwater	K04691
D2_Thiobacillus_groundwater	K04719
D2_Thiobacillus_groundwater	K04744
D2_Thiobacillus_groundwater	K04748
D2_Thiobacillus_groundwater	K04750
D2_Thiobacillus_groundwater	K04751
D2_Thiobacillus_groundwater	K04752
D2_Thiobacillus_groundwater	K04755
D2_Thiobacillus_groundwater	K04760
D2_Thiobacillus_groundwater	K04761
D2_Thiobacillus_groundwater	K04762
D2_Thiobacillus_groundwater	K04763
D2_Thiobacillus_groundwater	K04764
D2_Thiobacillus_groundwater	K04770
D2_Thiobacillus_groundwater	K04771
D2_Thiobacillus_groundwater	K04772
D2_Thiobacillus_groundwater	K04773
D2_Thiobacillus_groundwater	K04774
D2_Thiobacillus_groundwater	K05297
D2_Thiobacillus_groundwater	K05343
D2_Thiobacillus_groundwater	K05366
D2_Thiobacillus_groundwater	K05394
D2_Thiobacillus_groundwater	K05501
D2_Thiobacillus_groundwater	K05515
D2_Thiobacillus_groundwater	K05516
D2_Thiobacillus_groundwater	K05524
D2_Thiobacillus_groundwater	K05527
D2_Thiobacillus_groundwater	K05540
D2_Thiobacillus_groundwater	K05555
D2_Thiobacillus_groundwater	K05559
D2_Thiobacillus_groundwater	K05560
D2_Thiobacillus_groundwater	K05561
D2_Thiobacillus_groundwater	K05562
D2_Thiobacillus_groundwater	K05563
D2_Thiobacillus_groundwater	K05564
D2_Thiobacillus_groundwater	K05565
D2_Thiobacillus_groundwater	K05566
D2_Thiobacillus_groundwater	K05589
D2_Thiobacillus_groundwater	K05595
D2_Thiobacillus_groundwater	K05710
D2_Thiobacillus_groundwater	K05774
D2_Thiobacillus_groundwater	K05780
D2_Thiobacillus_groundwater	K05781
D2_Thiobacillus_groundwater	K05788
D2_Thiobacillus_groundwater	K05807
D2_Thiobacillus_groundwater	K05808
D2_Thiobacillus_groundwater	K05810
D2_Thiobacillus_groundwater	K05820
D2_Thiobacillus_groundwater	K05837
D2_Thiobacillus_groundwater	K05838
D2_Thiobacillus_groundwater	K05874
D2_Thiobacillus_groundwater	K05896
D2_Thiobacillus_groundwater	K05916
D2_Thiobacillus_groundwater	K06001
D2_Thiobacillus_groundwater	K06020
D2_Thiobacillus_groundwater	K06023
D2_Thiobacillus_groundwater	K06024
D2_Thiobacillus_groundwater	K06041
D2_Thiobacillus_groundwater	K06044
D2_Thiobacillus_groundwater	K06048
D2_Thiobacillus_groundwater	K06076
D2_Thiobacillus_groundwater	K06077
D2_Thiobacillus_groundwater	K06131
D2_Thiobacillus_groundwater	K06134
D2_Thiobacillus_groundwater	K06140
D2_Thiobacillus_groundwater	K06142
D2_Thiobacillus_groundwater	K06147
D2_Thiobacillus_groundwater	K06153
D2_Thiobacillus_groundwater	K06158
D2_Thiobacillus_groundwater	K06162
D2_Thiobacillus_groundwater	K06163
D2_Thiobacillus_groundwater	K06164
D2_Thiobacillus_groundwater	K06165
D2_Thiobacillus_groundwater	K06166
D2_Thiobacillus_groundwater	K06167
D2_Thiobacillus_groundwater	K06168
D2_Thiobacillus_groundwater	K06173
D2_Thiobacillus_groundwater	K06177
D2_Thiobacillus_groundwater	K06178
D2_Thiobacillus_groundwater	K06179
D2_Thiobacillus_groundwater	K06180
D2_Thiobacillus_groundwater	K06181
D2_Thiobacillus_groundwater	K06182
D2_Thiobacillus_groundwater	K06183
D2_Thiobacillus_groundwater	K06186
D2_Thiobacillus_groundwater	K06187
D2_Thiobacillus_groundwater	K06189
D2_Thiobacillus_groundwater	K06190
D2_Thiobacillus_groundwater	K06194
D2_Thiobacillus_groundwater	K06195
D2_Thiobacillus_groundwater	K06199
D2_Thiobacillus_groundwater	K06202
D2_Thiobacillus_groundwater	K06203
D2_Thiobacillus_groundwater	K06204
D2_Thiobacillus_groundwater	K06207
D2_Thiobacillus_groundwater	K06213
D2_Thiobacillus_groundwater	K06217
D2_Thiobacillus_groundwater	K06281
D2_Thiobacillus_groundwater	K06282
D2_Thiobacillus_groundwater	K06287
D2_Thiobacillus_groundwater	K06320
D2_Thiobacillus_groundwater	K06373
D2_Thiobacillus_groundwater	K06374
D2_Thiobacillus_groundwater	K06415
D2_Thiobacillus_groundwater	K06596
D2_Thiobacillus_groundwater	K06603
D2_Thiobacillus_groundwater	K06861
D2_Thiobacillus_groundwater	K06872
D2_Thiobacillus_groundwater	K06886
D2_Thiobacillus_groundwater	K06888
D2_Thiobacillus_groundwater	K06891
D2_Thiobacillus_groundwater	K06902
D2_Thiobacillus_groundwater	K06911
D2_Thiobacillus_groundwater	K06915
D2_Thiobacillus_groundwater	K06917
D2_Thiobacillus_groundwater	K06920
D2_Thiobacillus_groundwater	K06923
D2_Thiobacillus_groundwater	K06925
D2_Thiobacillus_groundwater	K06929
D2_Thiobacillus_groundwater	K06940
D2_Thiobacillus_groundwater	K06941
D2_Thiobacillus_groundwater	K06942
D2_Thiobacillus_groundwater	K06949
D2_Thiobacillus_groundwater	K06958
D2_Thiobacillus_groundwater	K06959
D2_Thiobacillus_groundwater	K06980
D2_Thiobacillus_groundwater	K06985
D2_Thiobacillus_groundwater	K06987
D2_Thiobacillus_groundwater	K06990
D2_Thiobacillus_groundwater	K06997
D2_Thiobacillus_groundwater	K07000
D2_Thiobacillus_groundwater	K07001
D2_Thiobacillus_groundwater	K07003
D2_Thiobacillus_groundwater	K07006
D2_Thiobacillus_groundwater	K07007
D2_Thiobacillus_groundwater	K07018
D2_Thiobacillus_groundwater	K07019
D2_Thiobacillus_groundwater	K07028
D2_Thiobacillus_groundwater	K07039
D2_Thiobacillus_groundwater	K07040
D2_Thiobacillus_groundwater	K07042
D2_Thiobacillus_groundwater	K07052
D2_Thiobacillus_groundwater	K07053
D2_Thiobacillus_groundwater	K07054
D2_Thiobacillus_groundwater	K07056
D2_Thiobacillus_groundwater	K07058
D2_Thiobacillus_groundwater	K07059
D2_Thiobacillus_groundwater	K07063
D2_Thiobacillus_groundwater	K07064
D2_Thiobacillus_groundwater	K07082
D2_Thiobacillus_groundwater	K07089
D2_Thiobacillus_groundwater	K07090
D2_Thiobacillus_groundwater	K07091
D2_Thiobacillus_groundwater	K07092
D2_Thiobacillus_groundwater	K07093
D2_Thiobacillus_groundwater	K07100
D2_Thiobacillus_groundwater	K07102
D2_Thiobacillus_groundwater	K07107
D2_Thiobacillus_groundwater	K07112
D2_Thiobacillus_groundwater	K07113
D2_Thiobacillus_groundwater	K07122
D2_Thiobacillus_groundwater	K07126
D2_Thiobacillus_groundwater	K07137
D2_Thiobacillus_groundwater	K07139
D2_Thiobacillus_groundwater	K07146
D2_Thiobacillus_groundwater	K07147
D2_Thiobacillus_groundwater	K07152
D2_Thiobacillus_groundwater	K07157
D2_Thiobacillus_groundwater	K07160
D2_Thiobacillus_groundwater	K07168
D2_Thiobacillus_groundwater	K07175
D2_Thiobacillus_groundwater	K07178
D2_Thiobacillus_groundwater	K07180
D2_Thiobacillus_groundwater	K07181
D2_Thiobacillus_groundwater	K07182
D2_Thiobacillus_groundwater	K07183
D2_Thiobacillus_groundwater	K07192
D2_Thiobacillus_groundwater	K07218
D2_Thiobacillus_groundwater	K07221
D2_Thiobacillus_groundwater	K07226
D2_Thiobacillus_groundwater	K07233
D2_Thiobacillus_groundwater	K07234
D2_Thiobacillus_groundwater	K07235
D2_Thiobacillus_groundwater	K07236
D2_Thiobacillus_groundwater	K07237
D2_Thiobacillus_groundwater	K07238
D2_Thiobacillus_groundwater	K07240
D2_Thiobacillus_groundwater	K07243
D2_Thiobacillus_groundwater	K07258
D2_Thiobacillus_groundwater	K07259
D2_Thiobacillus_groundwater	K07262
D2_Thiobacillus_groundwater	K07263
D2_Thiobacillus_groundwater	K07274
D2_Thiobacillus_groundwater	K07276
D2_Thiobacillus_groundwater	K07277
D2_Thiobacillus_groundwater	K07278
D2_Thiobacillus_groundwater	K07287
D2_Thiobacillus_groundwater	K07290
D2_Thiobacillus_groundwater	K07301
D2_Thiobacillus_groundwater	K07304
D2_Thiobacillus_groundwater	K07305
D2_Thiobacillus_groundwater	K07316
D2_Thiobacillus_groundwater	K07320
D2_Thiobacillus_groundwater	K07323
D2_Thiobacillus_groundwater	K07337
D2_Thiobacillus_groundwater	K07390
D2_Thiobacillus_groundwater	K07391
D2_Thiobacillus_groundwater	K07396
D2_Thiobacillus_groundwater	K07397
D2_Thiobacillus_groundwater	K07399
D2_Thiobacillus_groundwater	K07403
D2_Thiobacillus_groundwater	K07447
D2_Thiobacillus_groundwater	K07458
D2_Thiobacillus_groundwater	K07460
D2_Thiobacillus_groundwater	K07461
D2_Thiobacillus_groundwater	K07462
D2_Thiobacillus_groundwater	K07478
D2_Thiobacillus_groundwater	K07491
D2_Thiobacillus_groundwater	K07497
D2_Thiobacillus_groundwater	K07501
D2_Thiobacillus_groundwater	K07505
D2_Thiobacillus_groundwater	K07507
D2_Thiobacillus_groundwater	K07566
D2_Thiobacillus_groundwater	K07568
D2_Thiobacillus_groundwater	K07574
D2_Thiobacillus_groundwater	K07576
D2_Thiobacillus_groundwater	K07636
D2_Thiobacillus_groundwater	K07638
D2_Thiobacillus_groundwater	K07644
D2_Thiobacillus_groundwater	K07645
D2_Thiobacillus_groundwater	K07657
D2_Thiobacillus_groundwater	K07659
D2_Thiobacillus_groundwater	K07665
D2_Thiobacillus_groundwater	K07666
D2_Thiobacillus_groundwater	K07673
D2_Thiobacillus_groundwater	K07684
D2_Thiobacillus_groundwater	K07689
D2_Thiobacillus_groundwater	K07708
D2_Thiobacillus_groundwater	K07711
D2_Thiobacillus_groundwater	K07712
D2_Thiobacillus_groundwater	K07715
D2_Thiobacillus_groundwater	K07733
D2_Thiobacillus_groundwater	K07735
D2_Thiobacillus_groundwater	K07738
D2_Thiobacillus_groundwater	K07755
D2_Thiobacillus_groundwater	K07755 
D2_Thiobacillus_groundwater	K07787
D2_Thiobacillus_groundwater	K07796
D2_Thiobacillus_groundwater	K07798
D2_Thiobacillus_groundwater	K07810
D2_Thiobacillus_groundwater	K07814
D2_Thiobacillus_groundwater	K08082
D2_Thiobacillus_groundwater	K08083
D2_Thiobacillus_groundwater	K08084
D2_Thiobacillus_groundwater	K08086
D2_Thiobacillus_groundwater	K08218
D2_Thiobacillus_groundwater	K08227
D2_Thiobacillus_groundwater	K08234
D2_Thiobacillus_groundwater	K08289
D2_Thiobacillus_groundwater	K08296
D2_Thiobacillus_groundwater	K08300
D2_Thiobacillus_groundwater	K08301
D2_Thiobacillus_groundwater	K08304
D2_Thiobacillus_groundwater	K08305
D2_Thiobacillus_groundwater	K08307
D2_Thiobacillus_groundwater	K08309
D2_Thiobacillus_groundwater	K08310
D2_Thiobacillus_groundwater	K08311
D2_Thiobacillus_groundwater	K08316
D2_Thiobacillus_groundwater	K08357
D2_Thiobacillus_groundwater	K08358
D2_Thiobacillus_groundwater	K08359
D2_Thiobacillus_groundwater	K08363
D2_Thiobacillus_groundwater	K08364
D2_Thiobacillus_groundwater	K08365
D2_Thiobacillus_groundwater	K08483
D2_Thiobacillus_groundwater	K08485
D2_Thiobacillus_groundwater	K08590
D2_Thiobacillus_groundwater	K08591
D2_Thiobacillus_groundwater	K08679
D2_Thiobacillus_groundwater	K08972
D2_Thiobacillus_groundwater	K08973
D2_Thiobacillus_groundwater	K08982
D2_Thiobacillus_groundwater	K08984
D2_Thiobacillus_groundwater	K08988
D2_Thiobacillus_groundwater	K08992
D2_Thiobacillus_groundwater	K08995
D2_Thiobacillus_groundwater	K08997
D2_Thiobacillus_groundwater	K08998
D2_Thiobacillus_groundwater	K09001
D2_Thiobacillus_groundwater	K09004
D2_Thiobacillus_groundwater	K09005
D2_Thiobacillus_groundwater	K09007
D2_Thiobacillus_groundwater	K09022
D2_Thiobacillus_groundwater	K09117
D2_Thiobacillus_groundwater	K09122
D2_Thiobacillus_groundwater	K09131
D2_Thiobacillus_groundwater	K09136
D2_Thiobacillus_groundwater	K09137
D2_Thiobacillus_groundwater	K09141
D2_Thiobacillus_groundwater	K09158
D2_Thiobacillus_groundwater	K09159
D2_Thiobacillus_groundwater	K09181
D2_Thiobacillus_groundwater	K09457
D2_Thiobacillus_groundwater	K09458
D2_Thiobacillus_groundwater	K09690
D2_Thiobacillus_groundwater	K09694
D2_Thiobacillus_groundwater	K09695
D2_Thiobacillus_groundwater	K09700
D2_Thiobacillus_groundwater	K09710
D2_Thiobacillus_groundwater	K09715
D2_Thiobacillus_groundwater	K09747
D2_Thiobacillus_groundwater	K09748
D2_Thiobacillus_groundwater	K09760
D2_Thiobacillus_groundwater	K09761
D2_Thiobacillus_groundwater	K09767
D2_Thiobacillus_groundwater	K09774
D2_Thiobacillus_groundwater	K09780
D2_Thiobacillus_groundwater	K09781
D2_Thiobacillus_groundwater	K09786
D2_Thiobacillus_groundwater	K09790
D2_Thiobacillus_groundwater	K09791
D2_Thiobacillus_groundwater	K09792
D2_Thiobacillus_groundwater	K09796
D2_Thiobacillus_groundwater	K09800
D2_Thiobacillus_groundwater	K09801
D2_Thiobacillus_groundwater	K09806
D2_Thiobacillus_groundwater	K09808
D2_Thiobacillus_groundwater	K09810
D2_Thiobacillus_groundwater	K09811
D2_Thiobacillus_groundwater	K09812
D2_Thiobacillus_groundwater	K09822
D2_Thiobacillus_groundwater	K09826
D2_Thiobacillus_groundwater	K09858
D2_Thiobacillus_groundwater	K09859
D2_Thiobacillus_groundwater	K09862
D2_Thiobacillus_groundwater	K09888
D2_Thiobacillus_groundwater	K09889
D2_Thiobacillus_groundwater	K09892
D2_Thiobacillus_groundwater	K09903
D2_Thiobacillus_groundwater	K09913
D2_Thiobacillus_groundwater	K09919
D2_Thiobacillus_groundwater	K09921
D2_Thiobacillus_groundwater	K09922
D2_Thiobacillus_groundwater	K09924
D2_Thiobacillus_groundwater	K09926
D2_Thiobacillus_groundwater	K09933
D2_Thiobacillus_groundwater	K09937
D2_Thiobacillus_groundwater	K09943
D2_Thiobacillus_groundwater	K09953
D2_Thiobacillus_groundwater	K09966
D2_Thiobacillus_groundwater	K09981
D2_Thiobacillus_groundwater	K10026
D2_Thiobacillus_groundwater	K10700
D2_Thiobacillus_groundwater	K10715
D2_Thiobacillus_groundwater	K10763
D2_Thiobacillus_groundwater	K10764
D2_Thiobacillus_groundwater	K10773
D2_Thiobacillus_groundwater	K10804
D2_Thiobacillus_groundwater	K10914
D2_Thiobacillus_groundwater	K10924
D2_Thiobacillus_groundwater	K10926
D2_Thiobacillus_groundwater	K10927
D2_Thiobacillus_groundwater	K10938
D2_Thiobacillus_groundwater	K10961
D2_Thiobacillus_groundwater	K10966
D2_Thiobacillus_groundwater	K10979
D2_Thiobacillus_groundwater	K11065
D2_Thiobacillus_groundwater	K11068
D2_Thiobacillus_groundwater	K11085
D2_Thiobacillus_groundwater	K11105
D2_Thiobacillus_groundwater	K11175
D2_Thiobacillus_groundwater	K11179
D2_Thiobacillus_groundwater	K11180
D2_Thiobacillus_groundwater	K11181
D2_Thiobacillus_groundwater	K11206
D2_Thiobacillus_groundwater	K11472
D2_Thiobacillus_groundwater	K11473
D2_Thiobacillus_groundwater	K11527
D2_Thiobacillus_groundwater	K11529
D2_Thiobacillus_groundwater	K11688
D2_Thiobacillus_groundwater	K11689
D2_Thiobacillus_groundwater	K11690
D2_Thiobacillus_groundwater	K11719
D2_Thiobacillus_groundwater	K11720
D2_Thiobacillus_groundwater	K11744
D2_Thiobacillus_groundwater	K11749
D2_Thiobacillus_groundwater	K11752
D2_Thiobacillus_groundwater	K11753
D2_Thiobacillus_groundwater	K11754
D2_Thiobacillus_groundwater	K11927
D2_Thiobacillus_groundwater	K11991
D2_Thiobacillus_groundwater	K12132
D2_Thiobacillus_groundwater	K12152
D2_Thiobacillus_groundwater	K12262
D2_Thiobacillus_groundwater	K12276
D2_Thiobacillus_groundwater	K12278
D2_Thiobacillus_groundwater	K12279
D2_Thiobacillus_groundwater	K12280
D2_Thiobacillus_groundwater	K12281
D2_Thiobacillus_groundwater	K12282
D2_Thiobacillus_groundwater	K12283
D2_Thiobacillus_groundwater	K12284
D2_Thiobacillus_groundwater	K12285
D2_Thiobacillus_groundwater	K12286
D2_Thiobacillus_groundwater	K12287
D2_Thiobacillus_groundwater	K12339
D2_Thiobacillus_groundwater	K12340
D2_Thiobacillus_groundwater	K12452
D2_Thiobacillus_groundwater	K12573
D2_Thiobacillus_groundwater	K12630
D2_Thiobacillus_groundwater	K12634
D2_Thiobacillus_groundwater	K12960
D2_Thiobacillus_groundwater	K12976
D2_Thiobacillus_groundwater	K13038
D2_Thiobacillus_groundwater	K13040
D2_Thiobacillus_groundwater	K13053
D2_Thiobacillus_groundwater	K13256
D2_Thiobacillus_groundwater	K13283
D2_Thiobacillus_groundwater	K13288
D2_Thiobacillus_groundwater	K13292
D2_Thiobacillus_groundwater	K13590
D2_Thiobacillus_groundwater	K13598
D2_Thiobacillus_groundwater	K13628
D2_Thiobacillus_groundwater	K13643
D2_Thiobacillus_groundwater	K13668
D2_Thiobacillus_groundwater	K13688
D2_Thiobacillus_groundwater	K13771
D2_Thiobacillus_groundwater	K13815
D2_Thiobacillus_groundwater	K13816
D2_Thiobacillus_groundwater	K13829
D2_Thiobacillus_groundwater	K13993
D2_Thiobacillus_groundwater	K14058
D2_Thiobacillus_groundwater	K14160
D2_Thiobacillus_groundwater	K14161
D2_Thiobacillus_groundwater	K14162
D2_Thiobacillus_groundwater	K14170
D2_Thiobacillus_groundwater	K14260
D2_Thiobacillus_groundwater	K14267
D2_Thiobacillus_groundwater	K14371
D2_Thiobacillus_groundwater	K14373
D2_Thiobacillus_groundwater	K14393
D2_Thiobacillus_groundwater	K14415
D2_Thiobacillus_groundwater	K14441
D2_Thiobacillus_groundwater	K14540
D2_Thiobacillus_groundwater	K14652
D2_Thiobacillus_groundwater	K14682
D2_Thiobacillus_groundwater	K14742
D2_Thiobacillus_groundwater	K14746
D2_Thiobacillus_groundwater	K14761
D2_Thiobacillus_groundwater	K14987
D2_Thiobacillus_groundwater	K14998
D2_Thiobacillus_groundwater	K15011
D2_Thiobacillus_groundwater	K15012
D2_Thiobacillus_groundwater	K15034
D2_Thiobacillus_groundwater	K15396
D2_Thiobacillus_groundwater	K15461
D2_Thiobacillus_groundwater	K15521
D2_Thiobacillus_groundwater	K15523
D2_Thiobacillus_groundwater	K15539
D2_Thiobacillus_groundwater	K15558
D2_Thiobacillus_groundwater	K15576
D2_Thiobacillus_groundwater	K15577
D2_Thiobacillus_groundwater	K15578
D2_Thiobacillus_groundwater	K15633
D2_Thiobacillus_groundwater	K15724
D2_Thiobacillus_groundwater	K15725
D2_Thiobacillus_groundwater	K15726
D2_Thiobacillus_groundwater	K15727
D2_Thiobacillus_groundwater	K15738
D2_Thiobacillus_groundwater	K15753
D2_Thiobacillus_groundwater	K15777
D2_Thiobacillus_groundwater	K15778
D2_Thiobacillus_groundwater	K15864
D2_Thiobacillus_groundwater	K15956
D2_Thiobacillus_groundwater	K15977
D2_Thiobacillus_groundwater	K15987
D2_Thiobacillus_groundwater	K16011
D2_Thiobacillus_groundwater	K16030
D2_Thiobacillus_groundwater	K16032
D2_Thiobacillus_groundwater	K16052
D2_Thiobacillus_groundwater	K16091
D2_Thiobacillus_groundwater	K16092
D2_Thiobacillus_groundwater	K16106
D2_Thiobacillus_groundwater	K16109
D2_Thiobacillus_groundwater	K16110
D2_Thiobacillus_groundwater	K16111
D2_Thiobacillus_groundwater	K16112
D2_Thiobacillus_groundwater	K16116
D2_Thiobacillus_groundwater	K16117
D2_Thiobacillus_groundwater	K16137
D2_Thiobacillus_groundwater	K16138
D2_Thiobacillus_groundwater	K16264
D2_Thiobacillus_groundwater	K16267
D2_Thiobacillus_groundwater	K16347
D2_Thiobacillus_groundwater	K16348
D2_Thiobacillus_groundwater	K16399
D2_Thiobacillus_groundwater	K16418
D2_Thiobacillus_groundwater	K16419
D2_Thiobacillus_groundwater	K16450
D2_Thiobacillus_groundwater	K16710
D2_Thiobacillus_groundwater	K16868
D2_Thiobacillus_groundwater	K16870
D2_Thiobacillus_groundwater	K16885
D2_Thiobacillus_groundwater	K16886
D2_Thiobacillus_groundwater	K16898
D2_Thiobacillus_groundwater	K16899
D2_Thiobacillus_groundwater	K16904
D2_Thiobacillus_groundwater	K17048
D2_Thiobacillus_groundwater	K17051
D2_Thiobacillus_groundwater	K17103
D2_Thiobacillus_groundwater	K17218
D2_Thiobacillus_groundwater	K17222
D2_Thiobacillus_groundwater	K17223
D2_Thiobacillus_groundwater	K17224
D2_Thiobacillus_groundwater	K17226
D2_Thiobacillus_groundwater	K17227
D2_Thiobacillus_groundwater	K17230
D2_Thiobacillus_groundwater	K17686
D2_Thiobacillus_groundwater	K17713
D2_Thiobacillus_groundwater	K17725
D2_Thiobacillus_groundwater	K17893
D2_Thiobacillus_groundwater	K18138
D2_Thiobacillus_groundwater	K18139
D2_Thiobacillus_groundwater	K18208
D2_Thiobacillus_groundwater	K18240
D2_Thiobacillus_groundwater	K18302
D2_Thiobacillus_groundwater	K18303
D2_Thiobacillus_groundwater	K18446
D2_Thiobacillus_groundwater	K18480
D2_Thiobacillus_groundwater	K18535
D2_Thiobacillus_groundwater	K18588
D2_Thiobacillus_groundwater	K18691
D2_Thiobacillus_groundwater	K18765
D2_Thiobacillus_groundwater	K18778
D2_Thiobacillus_groundwater	K18800
D2_Thiobacillus_groundwater	K18825
D2_Thiobacillus_groundwater	K18850
D2_Thiobacillus_groundwater	K18904
D2_Thiobacillus_groundwater	K18911
D2_Thiobacillus_groundwater	K18979
D2_Thiobacillus_groundwater	K18997
D2_Thiobacillus_groundwater	K19000
D2_Thiobacillus_groundwater	K19055
D2_Thiobacillus_groundwater	K19168
D2_Thiobacillus_groundwater	K19191
D2_Thiobacillus_groundwater	K19221
D2_Thiobacillus_groundwater	K19304
D2_Thiobacillus_groundwater	K19334
D2_Thiobacillus_groundwater	K19339
D2_Thiobacillus_groundwater	K19340
D2_Thiobacillus_groundwater	K19341
D2_Thiobacillus_groundwater	K19342
D2_Thiobacillus_groundwater	K19344
D2_Thiobacillus_groundwater	K19345
D2_Thiobacillus_groundwater	K19416
D2_Thiobacillus_groundwater	K19591
D2_Thiobacillus_groundwater	K19696
D2_Thiobacillus_groundwater	K19713
D2_Thiobacillus_groundwater	K19784
D2_Thiobacillus_groundwater	K19804
D2_Thiobacillus_groundwater	K19960
D2_Thiobacillus_groundwater	K20074
D2_Thiobacillus_groundwater	K20146
D2_Thiobacillus_groundwater	K20386
D2_Thiobacillus_groundwater	K20567
D2_Thiobacillus_groundwater	K20571
D2_Thiobacillus_groundwater	K20572
D2_Thiobacillus_groundwater	K20615
D2_Thiobacillus_groundwater	K20707
D2_Thiobacillus_groundwater	K20881
D2_Thiobacillus_groundwater	K20920
D2_Thiobacillus_groundwater	K20974
D2_Thiobacillus_groundwater	K20975
D2_Thiobacillus_groundwater	K20976
D2_Thiobacillus_groundwater	K21023
D2_Thiobacillus_groundwater	K21024
D2_Thiobacillus_groundwater	K21029
D2_Thiobacillus_groundwater	K21071
D2_Thiobacillus_groundwater	K21087
D2_Thiobacillus_groundwater	K21101
D2_Thiobacillus_groundwater	K21153
D2_Thiobacillus_groundwater	K21254
D2_Thiobacillus_groundwater	K21307
D2_Thiobacillus_groundwater	K21308
D2_Thiobacillus_groundwater	K21309
D2_Thiobacillus_groundwater	K21320
D2_Thiobacillus_groundwater	K21324
D2_Thiobacillus_groundwater	K21326
D2_Thiobacillus_groundwater	K21344
D2_Thiobacillus_groundwater	K21345
D2_Thiobacillus_groundwater	K21420
D2_Thiobacillus_groundwater	K21498
D2_Thiobacillus_groundwater	K21563
D2_Thiobacillus_groundwater	K21636
D2_Thiobacillus_groundwater	K21677
D2_Thiobacillus_groundwater	K21679
D2_Thiobacillus_groundwater	K21703
D2_Thiobacillus_groundwater	K21836
D2_Thiobacillus_groundwater	K21900
D2_Thiobacillus_groundwater	K21929
D2_Thiobacillus_groundwater	K21993
D2_Thiobacillus_groundwater	K22042
D2_Thiobacillus_groundwater	K22044
D2_Thiobacillus_groundwater	K22106
D2_Thiobacillus_groundwater	K22132
D2_Thiobacillus_groundwater	K22205
D2_Thiobacillus_groundwater	K22225
D2_Thiobacillus_groundwater	K22278
D2_Thiobacillus_groundwater	K22292
D2_Thiobacillus_groundwater	K22362
D2_Thiobacillus_groundwater	K22441
D2_Thiobacillus_groundwater	K22622
D2_Thiobacillus_groundwater	K22719
D2_Thiobacillus_groundwater	K22736
D2_Thiobacillus_groundwater	K22935
D2_Thiobacillus_groundwater	K23077
D2_Thiobacillus_groundwater	K23101
D2_Thiobacillus_groundwater	K23102
D2_Thiobacillus_groundwater	K23105
D2_Thiobacillus_groundwater	K23127
D2_Thiobacillus_groundwater	K23130
D2_Thiobacillus_groundwater	K23131
D2_Thiobacillus_groundwater	K23202
D2_Thiobacillus_groundwater	K23229
D2_Thiobacillus_groundwater	K23365
D2_Thiobacillus_groundwater	K23367
D2_Thiobacillus_groundwater	K23373
D2_Thiobacillus_groundwater	K23376
D2_Thiobacillus_groundwater	K23397
D2_Thiobacillus_groundwater	K23518
D2_Thiobacillus_groundwater	K23738
D2_Thiobacillus_groundwater	K23744
D2_Thiobacillus_groundwater	K23773
D2_Thiobacillus_groundwater	K23997
D2_Thiobacillus_groundwater	K24012
D2_Thiobacillus_groundwater	K24180
D2_Thiobacillus_groundwater	K24245
D2_Thiobacillus_groundwater	K24300
D2_Thiobacillus_groundwater	K24310
D2_Thiobacillus_groundwater	K24312
D2_Thiobacillus_groundwater	K24528
D2_Thiobacillus_groundwater	K24557
D2_Thiobacillus_groundwater	K24558
D2_Thiobacillus_groundwater	K24559
D2_Thiobacillus_groundwater	K24567
D2_Thiobacillus_groundwater	K24568
D2_Thiobacillus_groundwater	K24569
D2_Thiobacillus_groundwater	K24649
D2_Thiobacillus_groundwater	K24821
D2_Thiobacillus_groundwater	K24843
D2_Thiobacillus_groundwater	K24844
D2_Thiobacillus_groundwater	K24845
D2_Thiobacillus_groundwater	K24847
D2_Thiobacillus_groundwater	K24866
D2_Thiobacillus_groundwater	K24867
D2_Thiobacillus_groundwater	K24868
D2_Thiobacillus_groundwater	K24956
D2_Thiobacillus_groundwater	K25135
D2_Thiobacillus_groundwater	K25137
D2_Thiobacillus_groundwater	K25307
D2_Thiobacillus_groundwater	K25422
D2_Thiobacillus_groundwater	K25590
D2_Thiobacillus_groundwater	K25706
D2_Thiobacillus_groundwater	K26138
D2_Thiobacillus_groundwater	K26139
D2_Thiobacillus_groundwater	K26217
D2_Thiobacillus_groundwater	K26441
D2_Thiobacillus_groundwater	K26569
D2_Thiobacillus_groundwater	K26576
D2_Thiobacillus_groundwater	K26731
D2_Thiobacillus_groundwater	K26735
D2_Thiobacillus_groundwater	K27187
D2_Thiobacillus_groundwater	K27188
D2_Thiobacillus_groundwater	K27189
D2_Thiobacillus_groundwater	K27190
D2_Thiobacillus_groundwater	K27191
D2_Thiobacillus_groundwater	K27196
D2_Thiobacillus_groundwater	K27305
D2_Thiobacillus_groundwater	K27597
D2_Thiobacillus_groundwater	K27802
D2_Thiobacillus_groundwater	K27876
D2_Thiobacillus_groundwater	K28014
D2_Thiobacillus_groundwater	K28279
D2_Thiobacillus_groundwater	K28280
D2_Thiobacillus_groundwater	K28369
D2_Thiobacillus_groundwater	K28462
D2_Thiobacillus_groundwater	K28568
D2_Thiobacillus_groundwater	K28570
D2_Thiobacillus_groundwater	K28588
D2_Thiobacillus_groundwater	K28589
D2_Thiobacillus_groundwater	K28640
D2_Thiobacillus_groundwater	K28641
D2_Thiobacillus_groundwater	K28704
D2_Thiobacillus_groundwater	K28705
D2_Thiobacillus_groundwater	K28842
D3_Thioglobus_OMZ	K00003
D3_Thioglobus_OMZ	K00012
D3_Thioglobus_OMZ	K00013
D3_Thioglobus_OMZ	K00014
D3_Thioglobus_OMZ	K00031
D3_Thioglobus_OMZ	K00052
D3_Thioglobus_OMZ	K00053
D3_Thioglobus_OMZ	K00057
D3_Thioglobus_OMZ	K00059
D3_Thioglobus_OMZ	K00067
D3_Thioglobus_OMZ	K00075
D3_Thioglobus_OMZ	K00088
D3_Thioglobus_OMZ	K00097
D3_Thioglobus_OMZ	K00099
D3_Thioglobus_OMZ	K00104
D3_Thioglobus_OMZ	K00133
D3_Thioglobus_OMZ	K00134
D3_Thioglobus_OMZ	K00138
D3_Thioglobus_OMZ	K00145
D3_Thioglobus_OMZ	K00147
D3_Thioglobus_OMZ	K00163
D3_Thioglobus_OMZ	K00208
D3_Thioglobus_OMZ	K00215
D3_Thioglobus_OMZ	K00228
D3_Thioglobus_OMZ	K00239
D3_Thioglobus_OMZ	K00240
D3_Thioglobus_OMZ	K00241
D3_Thioglobus_OMZ	K00265
D3_Thioglobus_OMZ	K00266
D3_Thioglobus_OMZ	K00275
D3_Thioglobus_OMZ	K00278
D3_Thioglobus_OMZ	K00281
D3_Thioglobus_OMZ	K00285
D3_Thioglobus_OMZ	K00286
D3_Thioglobus_OMZ	K00287
D3_Thioglobus_OMZ	K00297
D3_Thioglobus_OMZ	K00330
D3_Thioglobus_OMZ	K00331
D3_Thioglobus_OMZ	K00332
D3_Thioglobus_OMZ	K00333
D3_Thioglobus_OMZ	K00334
D3_Thioglobus_OMZ	K00335
D3_Thioglobus_OMZ	K00337
D3_Thioglobus_OMZ	K00338
D3_Thioglobus_OMZ	K00339
D3_Thioglobus_OMZ	K00340
D3_Thioglobus_OMZ	K00341
D3_Thioglobus_OMZ	K00342
D3_Thioglobus_OMZ	K00343
D3_Thioglobus_OMZ	K00344
D3_Thioglobus_OMZ	K00373
D3_Thioglobus_OMZ	K00374
D3_Thioglobus_OMZ	K00382
D3_Thioglobus_OMZ	K00383
D3_Thioglobus_OMZ	K00384
D3_Thioglobus_OMZ	K00394
D3_Thioglobus_OMZ	K00395
D3_Thioglobus_OMZ	K00404
D3_Thioglobus_OMZ	K00405
D3_Thioglobus_OMZ	K00406
D3_Thioglobus_OMZ	K00407
D3_Thioglobus_OMZ	K00411
D3_Thioglobus_OMZ	K00412
D3_Thioglobus_OMZ	K00413
D3_Thioglobus_OMZ	K00523
D3_Thioglobus_OMZ	K00525
D3_Thioglobus_OMZ	K00526
D3_Thioglobus_OMZ	K00537
D3_Thioglobus_OMZ	K00548
D3_Thioglobus_OMZ	K00554
D3_Thioglobus_OMZ	K00560
D3_Thioglobus_OMZ	K00564
D3_Thioglobus_OMZ	K00566
D3_Thioglobus_OMZ	K00568
D3_Thioglobus_OMZ	K00569
D3_Thioglobus_OMZ	K00573
D3_Thioglobus_OMZ	K00600
D3_Thioglobus_OMZ	K00602
D3_Thioglobus_OMZ	K00604
D3_Thioglobus_OMZ	K00605
D3_Thioglobus_OMZ	K00606
D3_Thioglobus_OMZ	K00609
D3_Thioglobus_OMZ	K00611
D3_Thioglobus_OMZ	K00612
D3_Thioglobus_OMZ	K00615
D3_Thioglobus_OMZ	K00620
D3_Thioglobus_OMZ	K00627
D3_Thioglobus_OMZ	K00640
D3_Thioglobus_OMZ	K00645
D3_Thioglobus_OMZ	K00648
D3_Thioglobus_OMZ	K00651
D3_Thioglobus_OMZ	K00652
D3_Thioglobus_OMZ	K00655
D3_Thioglobus_OMZ	K00662
D3_Thioglobus_OMZ	K00674
D3_Thioglobus_OMZ	K00677
D3_Thioglobus_OMZ	K00684
D3_Thioglobus_OMZ	K00748
D3_Thioglobus_OMZ	K00759
D3_Thioglobus_OMZ	K00762
D3_Thioglobus_OMZ	K00764
D3_Thioglobus_OMZ	K00765
D3_Thioglobus_OMZ	K00766
D3_Thioglobus_OMZ	K00767
D3_Thioglobus_OMZ	K00773
D3_Thioglobus_OMZ	K00783
D3_Thioglobus_OMZ	K00788
D3_Thioglobus_OMZ	K00789
D3_Thioglobus_OMZ	K00790
D3_Thioglobus_OMZ	K00791
D3_Thioglobus_OMZ	K00793
D3_Thioglobus_OMZ	K00794
D3_Thioglobus_OMZ	K00796
D3_Thioglobus_OMZ	K00799
D3_Thioglobus_OMZ	K00800
D3_Thioglobus_OMZ	K00806
D3_Thioglobus_OMZ	K00812
D3_Thioglobus_OMZ	K00817
D3_Thioglobus_OMZ	K00820
D3_Thioglobus_OMZ	K00821
D3_Thioglobus_OMZ	K00824
D3_Thioglobus_OMZ	K00826
D3_Thioglobus_OMZ	K00830
D3_Thioglobus_OMZ	K00831
D3_Thioglobus_OMZ	K00833
D3_Thioglobus_OMZ	K00858
D3_Thioglobus_OMZ	K00859
D3_Thioglobus_OMZ	K00873
D3_Thioglobus_OMZ	K00891
D3_Thioglobus_OMZ	K00906
D3_Thioglobus_OMZ	K00912
D3_Thioglobus_OMZ	K00919
D3_Thioglobus_OMZ	K00927
D3_Thioglobus_OMZ	K00928
D3_Thioglobus_OMZ	K00930
D3_Thioglobus_OMZ	K00931
D3_Thioglobus_OMZ	K00939
D3_Thioglobus_OMZ	K00940
D3_Thioglobus_OMZ	K00942
D3_Thioglobus_OMZ	K00943
D3_Thioglobus_OMZ	K00945
D3_Thioglobus_OMZ	K00946
D3_Thioglobus_OMZ	K00948
D3_Thioglobus_OMZ	K00950
D3_Thioglobus_OMZ	K00954
D3_Thioglobus_OMZ	K00958
D3_Thioglobus_OMZ	K00969
D3_Thioglobus_OMZ	K00970
D3_Thioglobus_OMZ	K00971
D3_Thioglobus_OMZ	K00973
D3_Thioglobus_OMZ	K00979
D3_Thioglobus_OMZ	K00981
D3_Thioglobus_OMZ	K00983
D3_Thioglobus_OMZ	K00990
D3_Thioglobus_OMZ	K00991
D3_Thioglobus_OMZ	K00992
D3_Thioglobus_OMZ	K00995
D3_Thioglobus_OMZ	K00997
D3_Thioglobus_OMZ	K01000
D3_Thioglobus_OMZ	K01007
D3_Thioglobus_OMZ	K01008
D3_Thioglobus_OMZ	K01009
D3_Thioglobus_OMZ	K01011
D3_Thioglobus_OMZ	K01012
D3_Thioglobus_OMZ	K01056
D3_Thioglobus_OMZ	K01079
D3_Thioglobus_OMZ	K01082
D3_Thioglobus_OMZ	K01091
D3_Thioglobus_OMZ	K01092
D3_Thioglobus_OMZ	K01139
D3_Thioglobus_OMZ	K01141
D3_Thioglobus_OMZ	K01142
D3_Thioglobus_OMZ	K01147
D3_Thioglobus_OMZ	K01159
D3_Thioglobus_OMZ	K01207
D3_Thioglobus_OMZ	K01243
D3_Thioglobus_OMZ	K01251
D3_Thioglobus_OMZ	K01255
D3_Thioglobus_OMZ	K01256
D3_Thioglobus_OMZ	K01262
D3_Thioglobus_OMZ	K01265
D3_Thioglobus_OMZ	K01338
D3_Thioglobus_OMZ	K01358
D3_Thioglobus_OMZ	K01423
D3_Thioglobus_OMZ	K01424
D3_Thioglobus_OMZ	K01426
D3_Thioglobus_OMZ	K01433
D3_Thioglobus_OMZ	K01439
D3_Thioglobus_OMZ	K01448
D3_Thioglobus_OMZ	K01462
D3_Thioglobus_OMZ	K01491
D3_Thioglobus_OMZ	K01493
D3_Thioglobus_OMZ	K01496
D3_Thioglobus_OMZ	K01507
D3_Thioglobus_OMZ	K01519
D3_Thioglobus_OMZ	K01523
D3_Thioglobus_OMZ	K01525
D3_Thioglobus_OMZ	K01571
D3_Thioglobus_OMZ	K01573
D3_Thioglobus_OMZ	K01579
D3_Thioglobus_OMZ	K01586
D3_Thioglobus_OMZ	K01588
D3_Thioglobus_OMZ	K01589
D3_Thioglobus_OMZ	K01591
D3_Thioglobus_OMZ	K01599
D3_Thioglobus_OMZ	K01601
D3_Thioglobus_OMZ	K01602
D3_Thioglobus_OMZ	K01609
D3_Thioglobus_OMZ	K01613
D3_Thioglobus_OMZ	K01624
D3_Thioglobus_OMZ	K01626
D3_Thioglobus_OMZ	K01627
D3_Thioglobus_OMZ	K01633
D3_Thioglobus_OMZ	K01637
D3_Thioglobus_OMZ	K01638
D3_Thioglobus_OMZ	K01649
D3_Thioglobus_OMZ	K01652
D3_Thioglobus_OMZ	K01653
D3_Thioglobus_OMZ	K01657
D3_Thioglobus_OMZ	K01658
D3_Thioglobus_OMZ	K01659
D3_Thioglobus_OMZ	K01662
D3_Thioglobus_OMZ	K01664
D3_Thioglobus_OMZ	K01673
D3_Thioglobus_OMZ	K01676
D3_Thioglobus_OMZ	K01682
D3_Thioglobus_OMZ	K01687
D3_Thioglobus_OMZ	K01689
D3_Thioglobus_OMZ	K01693
D3_Thioglobus_OMZ	K01695
D3_Thioglobus_OMZ	K01696
D3_Thioglobus_OMZ	K01698
D3_Thioglobus_OMZ	K01703
D3_Thioglobus_OMZ	K01704
D3_Thioglobus_OMZ	K01710
D3_Thioglobus_OMZ	K01714
D3_Thioglobus_OMZ	K01716
D3_Thioglobus_OMZ	K01719
D3_Thioglobus_OMZ	K01724
D3_Thioglobus_OMZ	K01733
D3_Thioglobus_OMZ	K01735
D3_Thioglobus_OMZ	K01736
D3_Thioglobus_OMZ	K01737
D3_Thioglobus_OMZ	K01740
D3_Thioglobus_OMZ	K01749
D3_Thioglobus_OMZ	K01752
D3_Thioglobus_OMZ	K01754
D3_Thioglobus_OMZ	K01755
D3_Thioglobus_OMZ	K01756
D3_Thioglobus_OMZ	K01759
D3_Thioglobus_OMZ	K01772
D3_Thioglobus_OMZ	K01775
D3_Thioglobus_OMZ	K01778
D3_Thioglobus_OMZ	K01783
D3_Thioglobus_OMZ	K01790
D3_Thioglobus_OMZ	K01802
D3_Thioglobus_OMZ	K01803
D3_Thioglobus_OMZ	K01807
D3_Thioglobus_OMZ	K01810
D3_Thioglobus_OMZ	K01814
D3_Thioglobus_OMZ	K01817
D3_Thioglobus_OMZ	K01845
D3_Thioglobus_OMZ	K01866
D3_Thioglobus_OMZ	K01867
D3_Thioglobus_OMZ	K01868
D3_Thioglobus_OMZ	K01869
D3_Thioglobus_OMZ	K01870
D3_Thioglobus_OMZ	K01872
D3_Thioglobus_OMZ	K01873
D3_Thioglobus_OMZ	K01874
D3_Thioglobus_OMZ	K01875
D3_Thioglobus_OMZ	K01876
D3_Thioglobus_OMZ	K01878
D3_Thioglobus_OMZ	K01879
D3_Thioglobus_OMZ	K01881
D3_Thioglobus_OMZ	K01883
D3_Thioglobus_OMZ	K01885
D3_Thioglobus_OMZ	K01886
D3_Thioglobus_OMZ	K01887
D3_Thioglobus_OMZ	K01889
D3_Thioglobus_OMZ	K01890
D3_Thioglobus_OMZ	K01892
D3_Thioglobus_OMZ	K01895
D3_Thioglobus_OMZ	K01902
D3_Thioglobus_OMZ	K01903
D3_Thioglobus_OMZ	K01908
D3_Thioglobus_OMZ	K01915
D3_Thioglobus_OMZ	K01918
D3_Thioglobus_OMZ	K01919
D3_Thioglobus_OMZ	K01920
D3_Thioglobus_OMZ	K01921
D3_Thioglobus_OMZ	K01923
D3_Thioglobus_OMZ	K01924
D3_Thioglobus_OMZ	K01925
D3_Thioglobus_OMZ	K01928
D3_Thioglobus_OMZ	K01929
D3_Thioglobus_OMZ	K01933
D3_Thioglobus_OMZ	K01934
D3_Thioglobus_OMZ	K01935
D3_Thioglobus_OMZ	K01937
D3_Thioglobus_OMZ	K01939
D3_Thioglobus_OMZ	K01940
D3_Thioglobus_OMZ	K01945
D3_Thioglobus_OMZ	K01951
D3_Thioglobus_OMZ	K01952
D3_Thioglobus_OMZ	K01953
D3_Thioglobus_OMZ	K01955
D3_Thioglobus_OMZ	K01956
D3_Thioglobus_OMZ	K01961
D3_Thioglobus_OMZ	K01962
D3_Thioglobus_OMZ	K01963
D3_Thioglobus_OMZ	K01972
D3_Thioglobus_OMZ	K01990
D3_Thioglobus_OMZ	K02003
D3_Thioglobus_OMZ	K02004
D3_Thioglobus_OMZ	K02011
D3_Thioglobus_OMZ	K02012
D3_Thioglobus_OMZ	K02014
D3_Thioglobus_OMZ	K02028
D3_Thioglobus_OMZ	K02078
D3_Thioglobus_OMZ	K02108
D3_Thioglobus_OMZ	K02109
D3_Thioglobus_OMZ	K02111
D3_Thioglobus_OMZ	K02112
D3_Thioglobus_OMZ	K02113
D3_Thioglobus_OMZ	K02114
D3_Thioglobus_OMZ	K02115
D3_Thioglobus_OMZ	K02160
D3_Thioglobus_OMZ	K02164
D3_Thioglobus_OMZ	K02169
D3_Thioglobus_OMZ	K02170
D3_Thioglobus_OMZ	K02193
D3_Thioglobus_OMZ	K02194
D3_Thioglobus_OMZ	K02195
D3_Thioglobus_OMZ	K02196
D3_Thioglobus_OMZ	K02197
D3_Thioglobus_OMZ	K02198
D3_Thioglobus_OMZ	K02199
D3_Thioglobus_OMZ	K02200
D3_Thioglobus_OMZ	K02224
D3_Thioglobus_OMZ	K02238
D3_Thioglobus_OMZ	K02242
D3_Thioglobus_OMZ	K02302
D3_Thioglobus_OMZ	K02303
D3_Thioglobus_OMZ	K02305
D3_Thioglobus_OMZ	K02313
D3_Thioglobus_OMZ	K02314
D3_Thioglobus_OMZ	K02316
D3_Thioglobus_OMZ	K02335
D3_Thioglobus_OMZ	K02337
D3_Thioglobus_OMZ	K02338
D3_Thioglobus_OMZ	K02340
D3_Thioglobus_OMZ	K02342
D3_Thioglobus_OMZ	K02343
D3_Thioglobus_OMZ	K02355
D3_Thioglobus_OMZ	K02356
D3_Thioglobus_OMZ	K02357
D3_Thioglobus_OMZ	K02358
D3_Thioglobus_OMZ	K02372
D3_Thioglobus_OMZ	K02427
D3_Thioglobus_OMZ	K02433
D3_Thioglobus_OMZ	K02434
D3_Thioglobus_OMZ	K02435
D3_Thioglobus_OMZ	K02437
D3_Thioglobus_OMZ	K02448
D3_Thioglobus_OMZ	K02469
D3_Thioglobus_OMZ	K02470
D3_Thioglobus_OMZ	K02473
D3_Thioglobus_OMZ	K02474
D3_Thioglobus_OMZ	K02492
D3_Thioglobus_OMZ	K02493
D3_Thioglobus_OMZ	K02494
D3_Thioglobus_OMZ	K02495
D3_Thioglobus_OMZ	K02500
D3_Thioglobus_OMZ	K02501
D3_Thioglobus_OMZ	K02502
D3_Thioglobus_OMZ	K02503
D3_Thioglobus_OMZ	K02517
D3_Thioglobus_OMZ	K02518
D3_Thioglobus_OMZ	K02519
D3_Thioglobus_OMZ	K02520
D3_Thioglobus_OMZ	K02523
D3_Thioglobus_OMZ	K02527
D3_Thioglobus_OMZ	K02528
D3_Thioglobus_OMZ	K02535
D3_Thioglobus_OMZ	K02536
D3_Thioglobus_OMZ	K02553
D3_Thioglobus_OMZ	K02558
D3_Thioglobus_OMZ	K02563
D3_Thioglobus_OMZ	K02567
D3_Thioglobus_OMZ	K02568
D3_Thioglobus_OMZ	K02570
D3_Thioglobus_OMZ	K02572
D3_Thioglobus_OMZ	K02573
D3_Thioglobus_OMZ	K02574
D3_Thioglobus_OMZ	K02575
D3_Thioglobus_OMZ	K02600
D3_Thioglobus_OMZ	K02601
D3_Thioglobus_OMZ	K02619
D3_Thioglobus_OMZ	K02621
D3_Thioglobus_OMZ	K02622
D3_Thioglobus_OMZ	K02654
D3_Thioglobus_OMZ	K02662
D3_Thioglobus_OMZ	K02664
D3_Thioglobus_OMZ	K02669
D3_Thioglobus_OMZ	K02672
D3_Thioglobus_OMZ	K02674
D3_Thioglobus_OMZ	K02687
D3_Thioglobus_OMZ	K02805
D3_Thioglobus_OMZ	K02823
D3_Thioglobus_OMZ	K02834
D3_Thioglobus_OMZ	K02835
D3_Thioglobus_OMZ	K02836
D3_Thioglobus_OMZ	K02837
D3_Thioglobus_OMZ	K02838
D3_Thioglobus_OMZ	K02841
D3_Thioglobus_OMZ	K02843
D3_Thioglobus_OMZ	K02844
D3_Thioglobus_OMZ	K02847
D3_Thioglobus_OMZ	K02849
D3_Thioglobus_OMZ	K02860
D3_Thioglobus_OMZ	K02863
D3_Thioglobus_OMZ	K02864
D3_Thioglobus_OMZ	K02867
D3_Thioglobus_OMZ	K02871
D3_Thioglobus_OMZ	K02874
D3_Thioglobus_OMZ	K02876
D3_Thioglobus_OMZ	K02878
D3_Thioglobus_OMZ	K02879
D3_Thioglobus_OMZ	K02881
D3_Thioglobus_OMZ	K02884
D3_Thioglobus_OMZ	K02886
D3_Thioglobus_OMZ	K02887
D3_Thioglobus_OMZ	K02888
D3_Thioglobus_OMZ	K02890
D3_Thioglobus_OMZ	K02892
D3_Thioglobus_OMZ	K02895
D3_Thioglobus_OMZ	K02897
D3_Thioglobus_OMZ	K02899
D3_Thioglobus_OMZ	K02902
D3_Thioglobus_OMZ	K02906
D3_Thioglobus_OMZ	K02907
D3_Thioglobus_OMZ	K02909
D3_Thioglobus_OMZ	K02911
D3_Thioglobus_OMZ	K02913
D3_Thioglobus_OMZ	K02916
D3_Thioglobus_OMZ	K02919
D3_Thioglobus_OMZ	K02926
D3_Thioglobus_OMZ	K02931
D3_Thioglobus_OMZ	K02933
D3_Thioglobus_OMZ	K02935
D3_Thioglobus_OMZ	K02939
D3_Thioglobus_OMZ	K02945
D3_Thioglobus_OMZ	K02946
D3_Thioglobus_OMZ	K02948
D3_Thioglobus_OMZ	K02950
D3_Thioglobus_OMZ	K02952
D3_Thioglobus_OMZ	K02954
D3_Thioglobus_OMZ	K02956
D3_Thioglobus_OMZ	K02959
D3_Thioglobus_OMZ	K02961
D3_Thioglobus_OMZ	K02963
D3_Thioglobus_OMZ	K02965
D3_Thioglobus_OMZ	K02967
D3_Thioglobus_OMZ	K02968
D3_Thioglobus_OMZ	K02970
D3_Thioglobus_OMZ	K02982
D3_Thioglobus_OMZ	K02986
D3_Thioglobus_OMZ	K02988
D3_Thioglobus_OMZ	K02990
D3_Thioglobus_OMZ	K02992
D3_Thioglobus_OMZ	K02994
D3_Thioglobus_OMZ	K02996
D3_Thioglobus_OMZ	K03040
D3_Thioglobus_OMZ	K03043
D3_Thioglobus_OMZ	K03046
D3_Thioglobus_OMZ	K03060
D3_Thioglobus_OMZ	K03070
D3_Thioglobus_OMZ	K03072
D3_Thioglobus_OMZ	K03073
D3_Thioglobus_OMZ	K03074
D3_Thioglobus_OMZ	K03075
D3_Thioglobus_OMZ	K03076
D3_Thioglobus_OMZ	K03086
D3_Thioglobus_OMZ	K03089
D3_Thioglobus_OMZ	K03100
D3_Thioglobus_OMZ	K03101
D3_Thioglobus_OMZ	K03106
D3_Thioglobus_OMZ	K03110
D3_Thioglobus_OMZ	K03111
D3_Thioglobus_OMZ	K03116
D3_Thioglobus_OMZ	K03117
D3_Thioglobus_OMZ	K03118
D3_Thioglobus_OMZ	K03147
D3_Thioglobus_OMZ	K03149
D3_Thioglobus_OMZ	K03153
D3_Thioglobus_OMZ	K03154
D3_Thioglobus_OMZ	K03168
D3_Thioglobus_OMZ	K03177
D3_Thioglobus_OMZ	K03179
D3_Thioglobus_OMZ	K03181
D3_Thioglobus_OMZ	K03182
D3_Thioglobus_OMZ	K03183
D3_Thioglobus_OMZ	K03186
D3_Thioglobus_OMZ	K03210
D3_Thioglobus_OMZ	K03215
D3_Thioglobus_OMZ	K03216
D3_Thioglobus_OMZ	K03217
D3_Thioglobus_OMZ	K03218
D3_Thioglobus_OMZ	K03269
D3_Thioglobus_OMZ	K03270
D3_Thioglobus_OMZ	K03271
D3_Thioglobus_OMZ	K03272
D3_Thioglobus_OMZ	K03273
D3_Thioglobus_OMZ	K03274
D3_Thioglobus_OMZ	K03297
D3_Thioglobus_OMZ	K03306
D3_Thioglobus_OMZ	K03313
D3_Thioglobus_OMZ	K03320
D3_Thioglobus_OMZ	K03321
D3_Thioglobus_OMZ	K03386
D3_Thioglobus_OMZ	K03417
D3_Thioglobus_OMZ	K03424
D3_Thioglobus_OMZ	K03431
D3_Thioglobus_OMZ	K03438
D3_Thioglobus_OMZ	K03439
D3_Thioglobus_OMZ	K03466
D3_Thioglobus_OMZ	K03469
D3_Thioglobus_OMZ	K03470
D3_Thioglobus_OMZ	K03473
D3_Thioglobus_OMZ	K03474
D3_Thioglobus_OMZ	K03495
D3_Thioglobus_OMZ	K03496
D3_Thioglobus_OMZ	K03497
D3_Thioglobus_OMZ	K03498
D3_Thioglobus_OMZ	K03499
D3_Thioglobus_OMZ	K03500
D3_Thioglobus_OMZ	K03501
D3_Thioglobus_OMZ	K03517
D3_Thioglobus_OMZ	K03524
D3_Thioglobus_OMZ	K03525
D3_Thioglobus_OMZ	K03526
D3_Thioglobus_OMZ	K03527
D3_Thioglobus_OMZ	K03530
D3_Thioglobus_OMZ	K03536
D3_Thioglobus_OMZ	K03544
D3_Thioglobus_OMZ	K03545
D3_Thioglobus_OMZ	K03550
D3_Thioglobus_OMZ	K03551
D3_Thioglobus_OMZ	K03553
D3_Thioglobus_OMZ	K03558
D3_Thioglobus_OMZ	K03559
D3_Thioglobus_OMZ	K03561
D3_Thioglobus_OMZ	K03562
D3_Thioglobus_OMZ	K03564
D3_Thioglobus_OMZ	K03565
D3_Thioglobus_OMZ	K03568
D3_Thioglobus_OMZ	K03569
D3_Thioglobus_OMZ	K03570
D3_Thioglobus_OMZ	K03571
D3_Thioglobus_OMZ	K03574
D3_Thioglobus_OMZ	K03575
D3_Thioglobus_OMZ	K03584
D3_Thioglobus_OMZ	K03588
D3_Thioglobus_OMZ	K03589
D3_Thioglobus_OMZ	K03590
D3_Thioglobus_OMZ	K03592
D3_Thioglobus_OMZ	K03593
D3_Thioglobus_OMZ	K03595
D3_Thioglobus_OMZ	K03596
D3_Thioglobus_OMZ	K03599
D3_Thioglobus_OMZ	K03600
D3_Thioglobus_OMZ	K03601
D3_Thioglobus_OMZ	K03602
D3_Thioglobus_OMZ	K03610
D3_Thioglobus_OMZ	K03612
D3_Thioglobus_OMZ	K03613
D3_Thioglobus_OMZ	K03614
D3_Thioglobus_OMZ	K03615
D3_Thioglobus_OMZ	K03616
D3_Thioglobus_OMZ	K03617
D3_Thioglobus_OMZ	K03621
D3_Thioglobus_OMZ	K03624
D3_Thioglobus_OMZ	K03625
D3_Thioglobus_OMZ	K03628
D3_Thioglobus_OMZ	K03629
D3_Thioglobus_OMZ	K03631
D3_Thioglobus_OMZ	K03634
D3_Thioglobus_OMZ	K03635
D3_Thioglobus_OMZ	K03636
D3_Thioglobus_OMZ	K03637
D3_Thioglobus_OMZ	K03639
D3_Thioglobus_OMZ	K03640
D3_Thioglobus_OMZ	K03641
D3_Thioglobus_OMZ	K03643
D3_Thioglobus_OMZ	K03644
D3_Thioglobus_OMZ	K03646
D3_Thioglobus_OMZ	K03648
D3_Thioglobus_OMZ	K03650
D3_Thioglobus_OMZ	K03651
D3_Thioglobus_OMZ	K03655
D3_Thioglobus_OMZ	K03657
D3_Thioglobus_OMZ	K03664
D3_Thioglobus_OMZ	K03665
D3_Thioglobus_OMZ	K03671
D3_Thioglobus_OMZ	K03672
D3_Thioglobus_OMZ	K03673
D3_Thioglobus_OMZ	K03676
D3_Thioglobus_OMZ	K03683
D3_Thioglobus_OMZ	K03684
D3_Thioglobus_OMZ	K03685
D3_Thioglobus_OMZ	K03686
D3_Thioglobus_OMZ	K03687
D3_Thioglobus_OMZ	K03688
D3_Thioglobus_OMZ	K03690
D3_Thioglobus_OMZ	K03694
D3_Thioglobus_OMZ	K03695
D3_Thioglobus_OMZ	K03699
D3_Thioglobus_OMZ	K03701
D3_Thioglobus_OMZ	K03702
D3_Thioglobus_OMZ	K03703
D3_Thioglobus_OMZ	K03704
D3_Thioglobus_OMZ	K03711
D3_Thioglobus_OMZ	K03722
D3_Thioglobus_OMZ	K03723
D3_Thioglobus_OMZ	K03734
D3_Thioglobus_OMZ	K03743
D3_Thioglobus_OMZ	K03747
D3_Thioglobus_OMZ	K03750
D3_Thioglobus_OMZ	K03752
D3_Thioglobus_OMZ	K03770
D3_Thioglobus_OMZ	K03774
D3_Thioglobus_OMZ	K03775
D3_Thioglobus_OMZ	K03786
D3_Thioglobus_OMZ	K03787
D3_Thioglobus_OMZ	K03789
D3_Thioglobus_OMZ	K03793
D3_Thioglobus_OMZ	K03796
D3_Thioglobus_OMZ	K03797
D3_Thioglobus_OMZ	K03798
D3_Thioglobus_OMZ	K03799
D3_Thioglobus_OMZ	K03801
D3_Thioglobus_OMZ	K03803
D3_Thioglobus_OMZ	K03806
D3_Thioglobus_OMZ	K03831
D3_Thioglobus_OMZ	K03924
D3_Thioglobus_OMZ	K03925
D3_Thioglobus_OMZ	K03977
D3_Thioglobus_OMZ	K03978
D3_Thioglobus_OMZ	K03979
D3_Thioglobus_OMZ	K03980
D3_Thioglobus_OMZ	K03981
D3_Thioglobus_OMZ	K04042
D3_Thioglobus_OMZ	K04043
D3_Thioglobus_OMZ	K04044
D3_Thioglobus_OMZ	K04066
D3_Thioglobus_OMZ	K04069
D3_Thioglobus_OMZ	K04075
D3_Thioglobus_OMZ	K04077
D3_Thioglobus_OMZ	K04078
D3_Thioglobus_OMZ	K04079
D3_Thioglobus_OMZ	K04082
D3_Thioglobus_OMZ	K04083
D3_Thioglobus_OMZ	K04084
D3_Thioglobus_OMZ	K04085
D3_Thioglobus_OMZ	K04087
D3_Thioglobus_OMZ	K04088
D3_Thioglobus_OMZ	K04095
D3_Thioglobus_OMZ	K04096
D3_Thioglobus_OMZ	K04485
D3_Thioglobus_OMZ	K04487
D3_Thioglobus_OMZ	K04488
D3_Thioglobus_OMZ	K04517
D3_Thioglobus_OMZ	K04518
D3_Thioglobus_OMZ	K04561
D3_Thioglobus_OMZ	K04567
D3_Thioglobus_OMZ	K04568
D3_Thioglobus_OMZ	K04744
D3_Thioglobus_OMZ	K04748
D3_Thioglobus_OMZ	K04751
D3_Thioglobus_OMZ	K04752
D3_Thioglobus_OMZ	K04754
D3_Thioglobus_OMZ	K04755
D3_Thioglobus_OMZ	K04759
D3_Thioglobus_OMZ	K04761
D3_Thioglobus_OMZ	K04763
D3_Thioglobus_OMZ	K04764
D3_Thioglobus_OMZ	K05303
D3_Thioglobus_OMZ	K05515
D3_Thioglobus_OMZ	K05527
D3_Thioglobus_OMZ	K05539
D3_Thioglobus_OMZ	K05540
D3_Thioglobus_OMZ	K05555
D3_Thioglobus_OMZ	K05591
D3_Thioglobus_OMZ	K05592
D3_Thioglobus_OMZ	K05595
D3_Thioglobus_OMZ	K05785
D3_Thioglobus_OMZ	K05801
D3_Thioglobus_OMZ	K05807
D3_Thioglobus_OMZ	K05808
D3_Thioglobus_OMZ	K05810
D3_Thioglobus_OMZ	K05834
D3_Thioglobus_OMZ	K05837
D3_Thioglobus_OMZ	K06013
D3_Thioglobus_OMZ	K06041
D3_Thioglobus_OMZ	K06077
D3_Thioglobus_OMZ	K06153
D3_Thioglobus_OMZ	K06158
D3_Thioglobus_OMZ	K06168
D3_Thioglobus_OMZ	K06173
D3_Thioglobus_OMZ	K06178
D3_Thioglobus_OMZ	K06179
D3_Thioglobus_OMZ	K06180
D3_Thioglobus_OMZ	K06181
D3_Thioglobus_OMZ	K06186
D3_Thioglobus_OMZ	K06187
D3_Thioglobus_OMZ	K06189
D3_Thioglobus_OMZ	K06190
D3_Thioglobus_OMZ	K06193
D3_Thioglobus_OMZ	K06195
D3_Thioglobus_OMZ	K06199
D3_Thioglobus_OMZ	K06204
D3_Thioglobus_OMZ	K06207
D3_Thioglobus_OMZ	K06213
D3_Thioglobus_OMZ	K06217
D3_Thioglobus_OMZ	K06861
D3_Thioglobus_OMZ	K06891
D3_Thioglobus_OMZ	K06901
D3_Thioglobus_OMZ	K06911
D3_Thioglobus_OMZ	K06917
D3_Thioglobus_OMZ	K06920
D3_Thioglobus_OMZ	K06925
D3_Thioglobus_OMZ	K06938
D3_Thioglobus_OMZ	K06941
D3_Thioglobus_OMZ	K06942
D3_Thioglobus_OMZ	K06949
D3_Thioglobus_OMZ	K06980
D3_Thioglobus_OMZ	K06997
D3_Thioglobus_OMZ	K07003
D3_Thioglobus_OMZ	K07006
D3_Thioglobus_OMZ	K07007
D3_Thioglobus_OMZ	K07038
D3_Thioglobus_OMZ	K07040
D3_Thioglobus_OMZ	K07042
D3_Thioglobus_OMZ	K07053
D3_Thioglobus_OMZ	K07056
D3_Thioglobus_OMZ	K07058
D3_Thioglobus_OMZ	K07071
D3_Thioglobus_OMZ	K07082
D3_Thioglobus_OMZ	K07089
D3_Thioglobus_OMZ	K07090
D3_Thioglobus_OMZ	K07091
D3_Thioglobus_OMZ	K07092
D3_Thioglobus_OMZ	K07095
D3_Thioglobus_OMZ	K07101
D3_Thioglobus_OMZ	K07102
D3_Thioglobus_OMZ	K07107
D3_Thioglobus_OMZ	K07112
D3_Thioglobus_OMZ	K07113
D3_Thioglobus_OMZ	K07114
D3_Thioglobus_OMZ	K07126
D3_Thioglobus_OMZ	K07139
D3_Thioglobus_OMZ	K07146
D3_Thioglobus_OMZ	K07152
D3_Thioglobus_OMZ	K07153
D3_Thioglobus_OMZ	K07160
D3_Thioglobus_OMZ	K07182
D3_Thioglobus_OMZ	K07183
D3_Thioglobus_OMZ	K07184
D3_Thioglobus_OMZ	K07220
D3_Thioglobus_OMZ	K07234
D3_Thioglobus_OMZ	K07235
D3_Thioglobus_OMZ	K07236
D3_Thioglobus_OMZ	K07237
D3_Thioglobus_OMZ	K07257
D3_Thioglobus_OMZ	K07258
D3_Thioglobus_OMZ	K07263
D3_Thioglobus_OMZ	K07277
D3_Thioglobus_OMZ	K07280
D3_Thioglobus_OMZ	K07287
D3_Thioglobus_OMZ	K07301
D3_Thioglobus_OMZ	K07304
D3_Thioglobus_OMZ	K07305
D3_Thioglobus_OMZ	K07323
D3_Thioglobus_OMZ	K07334
D3_Thioglobus_OMZ	K07390
D3_Thioglobus_OMZ	K07391
D3_Thioglobus_OMZ	K07396
D3_Thioglobus_OMZ	K07397
D3_Thioglobus_OMZ	K07400
D3_Thioglobus_OMZ	K07447
D3_Thioglobus_OMZ	K07460
D3_Thioglobus_OMZ	K07461
D3_Thioglobus_OMZ	K07462
D3_Thioglobus_OMZ	K07478
D3_Thioglobus_OMZ	K07488
D3_Thioglobus_OMZ	K07491
D3_Thioglobus_OMZ	K07497
D3_Thioglobus_OMZ	K07560
D3_Thioglobus_OMZ	K07566
D3_Thioglobus_OMZ	K07568
D3_Thioglobus_OMZ	K07574
D3_Thioglobus_OMZ	K07726
D3_Thioglobus_OMZ	K07733
D3_Thioglobus_OMZ	K07738
D3_Thioglobus_OMZ	K07746
D3_Thioglobus_OMZ	K08218
D3_Thioglobus_OMZ	K08300
D3_Thioglobus_OMZ	K08303
D3_Thioglobus_OMZ	K08305
D3_Thioglobus_OMZ	K08307
D3_Thioglobus_OMZ	K08311
D3_Thioglobus_OMZ	K08312
D3_Thioglobus_OMZ	K08316
D3_Thioglobus_OMZ	K08591
D3_Thioglobus_OMZ	K08679
D3_Thioglobus_OMZ	K08744
D3_Thioglobus_OMZ	K08973
D3_Thioglobus_OMZ	K08984
D3_Thioglobus_OMZ	K08997
D3_Thioglobus_OMZ	K08998
D3_Thioglobus_OMZ	K09001
D3_Thioglobus_OMZ	K09004
D3_Thioglobus_OMZ	K09007
D3_Thioglobus_OMZ	K09019
D3_Thioglobus_OMZ	K09022
D3_Thioglobus_OMZ	K09117
D3_Thioglobus_OMZ	K09158
D3_Thioglobus_OMZ	K09160
D3_Thioglobus_OMZ	K09457
D3_Thioglobus_OMZ	K09458
D3_Thioglobus_OMZ	K09710
D3_Thioglobus_OMZ	K09747
D3_Thioglobus_OMZ	K09748
D3_Thioglobus_OMZ	K09760
D3_Thioglobus_OMZ	K09761
D3_Thioglobus_OMZ	K09765
D3_Thioglobus_OMZ	K09768
D3_Thioglobus_OMZ	K09773
D3_Thioglobus_OMZ	K09774
D3_Thioglobus_OMZ	K09780
D3_Thioglobus_OMZ	K09781
D3_Thioglobus_OMZ	K09788
D3_Thioglobus_OMZ	K09791
D3_Thioglobus_OMZ	K09792
D3_Thioglobus_OMZ	K09796
D3_Thioglobus_OMZ	K09801
D3_Thioglobus_OMZ	K09808
D3_Thioglobus_OMZ	K09810
D3_Thioglobus_OMZ	K09823
D3_Thioglobus_OMZ	K09861
D3_Thioglobus_OMZ	K09895
D3_Thioglobus_OMZ	K09903
D3_Thioglobus_OMZ	K09913
D3_Thioglobus_OMZ	K09919
D3_Thioglobus_OMZ	K09920
D3_Thioglobus_OMZ	K09928
D3_Thioglobus_OMZ	K09950
D3_Thioglobus_OMZ	K09969
D3_Thioglobus_OMZ	K09970
D3_Thioglobus_OMZ	K09971
D3_Thioglobus_OMZ	K10026
D3_Thioglobus_OMZ	K10535
D3_Thioglobus_OMZ	K10563
D3_Thioglobus_OMZ	K10700
D3_Thioglobus_OMZ	K10763
D3_Thioglobus_OMZ	K10764
D3_Thioglobus_OMZ	K10773
D3_Thioglobus_OMZ	K10966
D3_Thioglobus_OMZ	K11175
D3_Thioglobus_OMZ	K11179
D3_Thioglobus_OMZ	K11180
D3_Thioglobus_OMZ	K11181
D3_Thioglobus_OMZ	K11473
D3_Thioglobus_OMZ	K11688
D3_Thioglobus_OMZ	K11689
D3_Thioglobus_OMZ	K11690
D3_Thioglobus_OMZ	K11749
D3_Thioglobus_OMZ	K11752
D3_Thioglobus_OMZ	K11753
D3_Thioglobus_OMZ	K11754
D3_Thioglobus_OMZ	K11927
D3_Thioglobus_OMZ	K11991
D3_Thioglobus_OMZ	K12267
D3_Thioglobus_OMZ	K12339
D3_Thioglobus_OMZ	K12573
D3_Thioglobus_OMZ	K12630
D3_Thioglobus_OMZ	K12634
D3_Thioglobus_OMZ	K13004
D3_Thioglobus_OMZ	K13012
D3_Thioglobus_OMZ	K13038
D3_Thioglobus_OMZ	K13040
D3_Thioglobus_OMZ	K13256
D3_Thioglobus_OMZ	K13288
D3_Thioglobus_OMZ	K13292
D3_Thioglobus_OMZ	K13598
D3_Thioglobus_OMZ	K13628
D3_Thioglobus_OMZ	K13643
D3_Thioglobus_OMZ	K14058
D3_Thioglobus_OMZ	K14060
D3_Thioglobus_OMZ	K14170
D3_Thioglobus_OMZ	K14261
D3_Thioglobus_OMZ	K14371
D3_Thioglobus_OMZ	K14373
D3_Thioglobus_OMZ	K14393
D3_Thioglobus_OMZ	K14652
D3_Thioglobus_OMZ	K14742
D3_Thioglobus_OMZ	K14746
D3_Thioglobus_OMZ	K15256
D3_Thioglobus_OMZ	K15257
D3_Thioglobus_OMZ	K15558
D3_Thioglobus_OMZ	K15633
D3_Thioglobus_OMZ	K15724
D3_Thioglobus_OMZ	K15738
D3_Thioglobus_OMZ	K15753
D3_Thioglobus_OMZ	K15778
D3_Thioglobus_OMZ	K15894
D3_Thioglobus_OMZ	K15899
D3_Thioglobus_OMZ	K15987
D3_Thioglobus_OMZ	K16011
D3_Thioglobus_OMZ	K16030
D3_Thioglobus_OMZ	K16032
D3_Thioglobus_OMZ	K16052
D3_Thioglobus_OMZ	K16106
D3_Thioglobus_OMZ	K16108
D3_Thioglobus_OMZ	K16109
D3_Thioglobus_OMZ	K16110
D3_Thioglobus_OMZ	K16111
D3_Thioglobus_OMZ	K16112
D3_Thioglobus_OMZ	K16116
D3_Thioglobus_OMZ	K16117
D3_Thioglobus_OMZ	K16399
D3_Thioglobus_OMZ	K16418
D3_Thioglobus_OMZ	K16419
D3_Thioglobus_OMZ	K16450
D3_Thioglobus_OMZ	K16904
D3_Thioglobus_OMZ	K17048
D3_Thioglobus_OMZ	K17051
D3_Thioglobus_OMZ	K17103
D3_Thioglobus_OMZ	K17218
D3_Thioglobus_OMZ	K17222
D3_Thioglobus_OMZ	K17223
D3_Thioglobus_OMZ	K17224
D3_Thioglobus_OMZ	K17226
D3_Thioglobus_OMZ	K17227
D3_Thioglobus_OMZ	K17230
D3_Thioglobus_OMZ	K17725
D3_Thioglobus_OMZ	K17828
D3_Thioglobus_OMZ	K17832
D3_Thioglobus_OMZ	K18430
D3_Thioglobus_OMZ	K18535
D3_Thioglobus_OMZ	K18588
D3_Thioglobus_OMZ	K18800
D3_Thioglobus_OMZ	K18825
D3_Thioglobus_OMZ	K18850
D3_Thioglobus_OMZ	K19092
D3_Thioglobus_OMZ	K19191
D3_Thioglobus_OMZ	K19221
D3_Thioglobus_OMZ	K19304
D3_Thioglobus_OMZ	K19416
D3_Thioglobus_OMZ	K19745
D3_Thioglobus_OMZ	K19810
D3_Thioglobus_OMZ	K19960
D3_Thioglobus_OMZ	K19962
D3_Thioglobus_OMZ	K20386
D3_Thioglobus_OMZ	K20455
D3_Thioglobus_OMZ	K20509
D3_Thioglobus_OMZ	K20567
D3_Thioglobus_OMZ	K20572
D3_Thioglobus_OMZ	K20615
D3_Thioglobus_OMZ	K20707
D3_Thioglobus_OMZ	K20881
D3_Thioglobus_OMZ	K21029
D3_Thioglobus_OMZ	K21071
D3_Thioglobus_OMZ	K21254
D3_Thioglobus_OMZ	K21320
D3_Thioglobus_OMZ	K21326
D3_Thioglobus_OMZ	K21472
D3_Thioglobus_OMZ	K21498
D3_Thioglobus_OMZ	K21586
D3_Thioglobus_OMZ	K21636
D3_Thioglobus_OMZ	K21836
D3_Thioglobus_OMZ	K22083
D3_Thioglobus_OMZ	K22132
D3_Thioglobus_OMZ	K22292
D3_Thioglobus_OMZ	K22362
D3_Thioglobus_OMZ	K22424
D3_Thioglobus_OMZ	K22491
D3_Thioglobus_OMZ	K23077
D3_Thioglobus_OMZ	K23101
D3_Thioglobus_OMZ	K23102
D3_Thioglobus_OMZ	K23104
D3_Thioglobus_OMZ	K23148
D3_Thioglobus_OMZ	K23150
D3_Thioglobus_OMZ	K23164
D3_Thioglobus_OMZ	K23250
D3_Thioglobus_OMZ	K23365
D3_Thioglobus_OMZ	K23367
D3_Thioglobus_OMZ	K23397
D3_Thioglobus_OMZ	K23738
D3_Thioglobus_OMZ	K23744
D3_Thioglobus_OMZ	K24136
D3_Thioglobus_OMZ	K24283
D3_Thioglobus_OMZ	K24300
D3_Thioglobus_OMZ	K24307
D3_Thioglobus_OMZ	K24312
D3_Thioglobus_OMZ	K24528
D3_Thioglobus_OMZ	K24557
D3_Thioglobus_OMZ	K24558
D3_Thioglobus_OMZ	K24559
D3_Thioglobus_OMZ	K24567
D3_Thioglobus_OMZ	K24568
D3_Thioglobus_OMZ	K24569
D3_Thioglobus_OMZ	K24649
D3_Thioglobus_OMZ	K24843
D3_Thioglobus_OMZ	K24844
D3_Thioglobus_OMZ	K24845
D3_Thioglobus_OMZ	K24846
D3_Thioglobus_OMZ	K24866
D3_Thioglobus_OMZ	K25307
D3_Thioglobus_OMZ	K25422
D3_Thioglobus_OMZ	K25706
D3_Thioglobus_OMZ	K26075
D3_Thioglobus_OMZ	K26217
D3_Thioglobus_OMZ	K26441
D3_Thioglobus_OMZ	K26569
D3_Thioglobus_OMZ	K26576
D3_Thioglobus_OMZ	K26605
D3_Thioglobus_OMZ	K26606
D3_Thioglobus_OMZ	K27187
D3_Thioglobus_OMZ	K27188
D3_Thioglobus_OMZ	K27189
D3_Thioglobus_OMZ	K27190
D3_Thioglobus_OMZ	K27191
D3_Thioglobus_OMZ	K27196
D3_Thioglobus_OMZ	K27305
D3_Thioglobus_OMZ	K27876
D3_Thioglobus_OMZ	K28014
D3_Thioglobus_OMZ	K28279
D3_Thioglobus_OMZ	K28280
D3_Thioglobus_OMZ	K28369
D3_Thioglobus_OMZ	K28462
D3_Thioglobus_OMZ	K28568
D3_Thioglobus_OMZ	K28569
D3_Thioglobus_OMZ	K28570
D3_Thioglobus_OMZ	K28588
D3_Thioglobus_OMZ	K28589
D3_Thioglobus_OMZ	K28640
D3_Thioglobus_OMZ	K28641
D3_Thioglobus_OMZ	K28842
N1_Nitrosopumilus_marine	K00003
N1_Nitrosopumilus_marine	K00014
N1_Nitrosopumilus_marine	K00053
N1_Nitrosopumilus_marine	K00054
N1_Nitrosopumilus_marine	K00058
N1_Nitrosopumilus_marine	K00059
N1_Nitrosopumilus_marine	K00088
N1_Nitrosopumilus_marine	K00096
N1_Nitrosopumilus_marine	K00133
N1_Nitrosopumilus_marine	K00145
N1_Nitrosopumilus_marine	K00174
N1_Nitrosopumilus_marine	K00175
N1_Nitrosopumilus_marine	K00239
N1_Nitrosopumilus_marine	K00240
N1_Nitrosopumilus_marine	K00340
N1_Nitrosopumilus_marine	K00341
N1_Nitrosopumilus_marine	K00343
N1_Nitrosopumilus_marine	K00344
N1_Nitrosopumilus_marine	K00384
N1_Nitrosopumilus_marine	K00390
N1_Nitrosopumilus_marine	K00525
N1_Nitrosopumilus_marine	K00548
N1_Nitrosopumilus_marine	K00555
N1_Nitrosopumilus_marine	K00558
N1_Nitrosopumilus_marine	K00571
N1_Nitrosopumilus_marine	K00577
N1_Nitrosopumilus_marine	K00600
N1_Nitrosopumilus_marine	K00606
N1_Nitrosopumilus_marine	K00609
N1_Nitrosopumilus_marine	K00610
N1_Nitrosopumilus_marine	K00611
N1_Nitrosopumilus_marine	K00612
N1_Nitrosopumilus_marine	K00615
N1_Nitrosopumilus_marine	K00616
N1_Nitrosopumilus_marine	K00621
N1_Nitrosopumilus_marine	K00662
N1_Nitrosopumilus_marine	K00721
N1_Nitrosopumilus_marine	K00759
N1_Nitrosopumilus_marine	K00762
N1_Nitrosopumilus_marine	K00764
N1_Nitrosopumilus_marine	K00765
N1_Nitrosopumilus_marine	K00766
N1_Nitrosopumilus_marine	K00767
N1_Nitrosopumilus_marine	K00768
N1_Nitrosopumilus_marine	K00772
N1_Nitrosopumilus_marine	K00784
N1_Nitrosopumilus_marine	K00789
N1_Nitrosopumilus_marine	K00793
N1_Nitrosopumilus_marine	K00794
N1_Nitrosopumilus_marine	K00797
N1_Nitrosopumilus_marine	K00798
N1_Nitrosopumilus_marine	K00800
N1_Nitrosopumilus_marine	K00809
N1_Nitrosopumilus_marine	K00817
N1_Nitrosopumilus_marine	K00820
N1_Nitrosopumilus_marine	K00826
N1_Nitrosopumilus_marine	K00833
N1_Nitrosopumilus_marine	K00836
N1_Nitrosopumilus_marine	K00858
N1_Nitrosopumilus_marine	K00869
N1_Nitrosopumilus_marine	K00872
N1_Nitrosopumilus_marine	K00927
N1_Nitrosopumilus_marine	K00928
N1_Nitrosopumilus_marine	K00930
N1_Nitrosopumilus_marine	K00940
N1_Nitrosopumilus_marine	K00943
N1_Nitrosopumilus_marine	K00946
N1_Nitrosopumilus_marine	K00948
N1_Nitrosopumilus_marine	K00952
N1_Nitrosopumilus_marine	K00958
N1_Nitrosopumilus_marine	K00965
N1_Nitrosopumilus_marine	K00973
N1_Nitrosopumilus_marine	K00997
N1_Nitrosopumilus_marine	K01006
N1_Nitrosopumilus_marine	K01009
N1_Nitrosopumilus_marine	K01011
N1_Nitrosopumilus_marine	K01012
N1_Nitrosopumilus_marine	K01069
N1_Nitrosopumilus_marine	K01079
N1_Nitrosopumilus_marine	K01082
N1_Nitrosopumilus_marine	K01151
N1_Nitrosopumilus_marine	K01153
N1_Nitrosopumilus_marine	K01154
N1_Nitrosopumilus_marine	K01170
N1_Nitrosopumilus_marine	K01246
N1_Nitrosopumilus_marine	K01251
N1_Nitrosopumilus_marine	K01255
N1_Nitrosopumilus_marine	K01265
N1_Nitrosopumilus_marine	K01424
N1_Nitrosopumilus_marine	K01426
N1_Nitrosopumilus_marine	K01433
N1_Nitrosopumilus_marine	K01470
N1_Nitrosopumilus_marine	K01486
N1_Nitrosopumilus_marine	K01489
N1_Nitrosopumilus_marine	K01491
N1_Nitrosopumilus_marine	K01493
N1_Nitrosopumilus_marine	K01495
N1_Nitrosopumilus_marine	K01507
N1_Nitrosopumilus_marine	K01512
N1_Nitrosopumilus_marine	K01515
N1_Nitrosopumilus_marine	K01518
N1_Nitrosopumilus_marine	K01519
N1_Nitrosopumilus_marine	K01588
N1_Nitrosopumilus_marine	K01589
N1_Nitrosopumilus_marine	K01610
N1_Nitrosopumilus_marine	K01622
N1_Nitrosopumilus_marine	K01641
N1_Nitrosopumilus_marine	K01644
N1_Nitrosopumilus_marine	K01649
N1_Nitrosopumilus_marine	K01652
N1_Nitrosopumilus_marine	K01653
N1_Nitrosopumilus_marine	K01654
N1_Nitrosopumilus_marine	K01657
N1_Nitrosopumilus_marine	K01658
N1_Nitrosopumilus_marine	K01659
N1_Nitrosopumilus_marine	K01666
N1_Nitrosopumilus_marine	K01687
N1_Nitrosopumilus_marine	K01689
N1_Nitrosopumilus_marine	K01695
N1_Nitrosopumilus_marine	K01696
N1_Nitrosopumilus_marine	K01698
N1_Nitrosopumilus_marine	K01703
N1_Nitrosopumilus_marine	K01704
N1_Nitrosopumilus_marine	K01710
N1_Nitrosopumilus_marine	K01711
N1_Nitrosopumilus_marine	K01715
N1_Nitrosopumilus_marine	K01719
N1_Nitrosopumilus_marine	K01724
N1_Nitrosopumilus_marine	K01733
N1_Nitrosopumilus_marine	K01736
N1_Nitrosopumilus_marine	K01737
N1_Nitrosopumilus_marine	K01749
N1_Nitrosopumilus_marine	K01754
N1_Nitrosopumilus_marine	K01755
N1_Nitrosopumilus_marine	K01756
N1_Nitrosopumilus_marine	K01776
N1_Nitrosopumilus_marine	K01784
N1_Nitrosopumilus_marine	K01803
N1_Nitrosopumilus_marine	K01807
N1_Nitrosopumilus_marine	K01814
N1_Nitrosopumilus_marine	K01821
N1_Nitrosopumilus_marine	K01823
N1_Nitrosopumilus_marine	K01841
N1_Nitrosopumilus_marine	K01845
N1_Nitrosopumilus_marine	K01848
N1_Nitrosopumilus_marine	K01849
N1_Nitrosopumilus_marine	K01858
N1_Nitrosopumilus_marine	K01866
N1_Nitrosopumilus_marine	K01867
N1_Nitrosopumilus_marine	K01868
N1_Nitrosopumilus_marine	K01869
N1_Nitrosopumilus_marine	K01870
N1_Nitrosopumilus_marine	K01872
N1_Nitrosopumilus_marine	K01873
N1_Nitrosopumilus_marine	K01874
N1_Nitrosopumilus_marine	K01875
N1_Nitrosopumilus_marine	K01880
N1_Nitrosopumilus_marine	K01881
N1_Nitrosopumilus_marine	K01883
N1_Nitrosopumilus_marine	K01887
N1_Nitrosopumilus_marine	K01889
N1_Nitrosopumilus_marine	K01890
N1_Nitrosopumilus_marine	K01892
N1_Nitrosopumilus_marine	K01895
N1_Nitrosopumilus_marine	K01902
N1_Nitrosopumilus_marine	K01905
N1_Nitrosopumilus_marine	K01915
N1_Nitrosopumilus_marine	K01921
N1_Nitrosopumilus_marine	K01923
N1_Nitrosopumilus_marine	K01933
N1_Nitrosopumilus_marine	K01934
N1_Nitrosopumilus_marine	K01935
N1_Nitrosopumilus_marine	K01937
N1_Nitrosopumilus_marine	K01939
N1_Nitrosopumilus_marine	K01940
N1_Nitrosopumilus_marine	K01945
N1_Nitrosopumilus_marine	K01951
N1_Nitrosopumilus_marine	K01953
N1_Nitrosopumilus_marine	K01974
N1_Nitrosopumilus_marine	K01975
N1_Nitrosopumilus_marine	K01990
N1_Nitrosopumilus_marine	K01992
N1_Nitrosopumilus_marine	K02004
N1_Nitrosopumilus_marine	K02013
N1_Nitrosopumilus_marine	K02033
N1_Nitrosopumilus_marine	K02034
N1_Nitrosopumilus_marine	K02036
N1_Nitrosopumilus_marine	K02037
N1_Nitrosopumilus_marine	K02038
N1_Nitrosopumilus_marine	K02039
N1_Nitrosopumilus_marine	K02040
N1_Nitrosopumilus_marine	K02041
N1_Nitrosopumilus_marine	K02042
N1_Nitrosopumilus_marine	K02044
N1_Nitrosopumilus_marine	K02049
N1_Nitrosopumilus_marine	K02050
N1_Nitrosopumilus_marine	K02107
N1_Nitrosopumilus_marine	K02117
N1_Nitrosopumilus_marine	K02118
N1_Nitrosopumilus_marine	K02119
N1_Nitrosopumilus_marine	K02120
N1_Nitrosopumilus_marine	K02121
N1_Nitrosopumilus_marine	K02122
N1_Nitrosopumilus_marine	K02123
N1_Nitrosopumilus_marine	K02188
N1_Nitrosopumilus_marine	K02189
N1_Nitrosopumilus_marine	K02191
N1_Nitrosopumilus_marine	K02217
N1_Nitrosopumilus_marine	K02224
N1_Nitrosopumilus_marine	K02227
N1_Nitrosopumilus_marine	K02232
N1_Nitrosopumilus_marine	K02233
N1_Nitrosopumilus_marine	K02257
N1_Nitrosopumilus_marine	K02259
N1_Nitrosopumilus_marine	K02303
N1_Nitrosopumilus_marine	K02319
N1_Nitrosopumilus_marine	K02322
N1_Nitrosopumilus_marine	K02323
N1_Nitrosopumilus_marine	K02433
N1_Nitrosopumilus_marine	K02434
N1_Nitrosopumilus_marine	K02435
N1_Nitrosopumilus_marine	K02492
N1_Nitrosopumilus_marine	K02500
N1_Nitrosopumilus_marine	K02501
N1_Nitrosopumilus_marine	K02503
N1_Nitrosopumilus_marine	K02600
N1_Nitrosopumilus_marine	K02626
N1_Nitrosopumilus_marine	K02683
N1_Nitrosopumilus_marine	K02863
N1_Nitrosopumilus_marine	K02866
N1_Nitrosopumilus_marine	K02867
N1_Nitrosopumilus_marine	K02869
N1_Nitrosopumilus_marine	K02877
N1_Nitrosopumilus_marine	K02881
N1_Nitrosopumilus_marine	K02883
N1_Nitrosopumilus_marine	K02885
N1_Nitrosopumilus_marine	K02889
N1_Nitrosopumilus_marine	K02896
N1_Nitrosopumilus_marine	K02907
N1_Nitrosopumilus_marine	K02908
N1_Nitrosopumilus_marine	K02910
N1_Nitrosopumilus_marine	K02912
N1_Nitrosopumilus_marine	K02921
N1_Nitrosopumilus_marine	K02929
N1_Nitrosopumilus_marine	K02930
N1_Nitrosopumilus_marine	K02931
N1_Nitrosopumilus_marine	K02950
N1_Nitrosopumilus_marine	K02962
N1_Nitrosopumilus_marine	K02966
N1_Nitrosopumilus_marine	K02975
N1_Nitrosopumilus_marine	K02976
N1_Nitrosopumilus_marine	K02978
N1_Nitrosopumilus_marine	K02979
N1_Nitrosopumilus_marine	K02982
N1_Nitrosopumilus_marine	K02984
N1_Nitrosopumilus_marine	K02987
N1_Nitrosopumilus_marine	K02991
N1_Nitrosopumilus_marine	K02992
N1_Nitrosopumilus_marine	K02995
N1_Nitrosopumilus_marine	K02996
N1_Nitrosopumilus_marine	K03014
N1_Nitrosopumilus_marine	K03041
N1_Nitrosopumilus_marine	K03047
N1_Nitrosopumilus_marine	K03049
N1_Nitrosopumilus_marine	K03051
N1_Nitrosopumilus_marine	K03053
N1_Nitrosopumilus_marine	K03057
N1_Nitrosopumilus_marine	K03058
N1_Nitrosopumilus_marine	K03059
N1_Nitrosopumilus_marine	K03076
N1_Nitrosopumilus_marine	K03105
N1_Nitrosopumilus_marine	K03106
N1_Nitrosopumilus_marine	K03110
N1_Nitrosopumilus_marine	K03113
N1_Nitrosopumilus_marine	K03118
N1_Nitrosopumilus_marine	K03120
N1_Nitrosopumilus_marine	K03124
N1_Nitrosopumilus_marine	K03136
N1_Nitrosopumilus_marine	K03147
N1_Nitrosopumilus_marine	K03163
N1_Nitrosopumilus_marine	K03166
N1_Nitrosopumilus_marine	K03167
N1_Nitrosopumilus_marine	K03182
N1_Nitrosopumilus_marine	K03186
N1_Nitrosopumilus_marine	K03231
N1_Nitrosopumilus_marine	K03236
N1_Nitrosopumilus_marine	K03237
N1_Nitrosopumilus_marine	K03238
N1_Nitrosopumilus_marine	K03242
N1_Nitrosopumilus_marine	K03243
N1_Nitrosopumilus_marine	K03263
N1_Nitrosopumilus_marine	K03264
N1_Nitrosopumilus_marine	K03265
N1_Nitrosopumilus_marine	K03284
N1_Nitrosopumilus_marine	K03320
N1_Nitrosopumilus_marine	K03330
N1_Nitrosopumilus_marine	K03394
N1_Nitrosopumilus_marine	K03399
N1_Nitrosopumilus_marine	K03424
N1_Nitrosopumilus_marine	K03427
N1_Nitrosopumilus_marine	K03432
N1_Nitrosopumilus_marine	K03433
N1_Nitrosopumilus_marine	K03470
N1_Nitrosopumilus_marine	K03497
N1_Nitrosopumilus_marine	K03498
N1_Nitrosopumilus_marine	K03517
N1_Nitrosopumilus_marine	K03524
N1_Nitrosopumilus_marine	K03529
N1_Nitrosopumilus_marine	K03538
N1_Nitrosopumilus_marine	K03547
N1_Nitrosopumilus_marine	K03564
N1_Nitrosopumilus_marine	K03568
N1_Nitrosopumilus_marine	K03593
N1_Nitrosopumilus_marine	K03622
N1_Nitrosopumilus_marine	K03626
N1_Nitrosopumilus_marine	K03636
N1_Nitrosopumilus_marine	K03651
N1_Nitrosopumilus_marine	K03652
N1_Nitrosopumilus_marine	K03660
N1_Nitrosopumilus_marine	K03665
N1_Nitrosopumilus_marine	K03671
N1_Nitrosopumilus_marine	K03679
N1_Nitrosopumilus_marine	K03686
N1_Nitrosopumilus_marine	K03687
N1_Nitrosopumilus_marine	K03699
N1_Nitrosopumilus_marine	K03701
N1_Nitrosopumilus_marine	K03702
N1_Nitrosopumilus_marine	K03703
N1_Nitrosopumilus_marine	K03704
N1_Nitrosopumilus_marine	K03724
N1_Nitrosopumilus_marine	K03726
N1_Nitrosopumilus_marine	K03789
N1_Nitrosopumilus_marine	K03795
N1_Nitrosopumilus_marine	K03821
N1_Nitrosopumilus_marine	K03839
N1_Nitrosopumilus_marine	K03885
N1_Nitrosopumilus_marine	K03923
N1_Nitrosopumilus_marine	K03924
N1_Nitrosopumilus_marine	K03926
N1_Nitrosopumilus_marine	K03975
N1_Nitrosopumilus_marine	K04043
N1_Nitrosopumilus_marine	K04069
N1_Nitrosopumilus_marine	K04085
N1_Nitrosopumilus_marine	K04479
N1_Nitrosopumilus_marine	K04483
N1_Nitrosopumilus_marine	K04487
N1_Nitrosopumilus_marine	K04518
N1_Nitrosopumilus_marine	K04564
N1_Nitrosopumilus_marine	K04566
N1_Nitrosopumilus_marine	K04719
N1_Nitrosopumilus_marine	K04720
N1_Nitrosopumilus_marine	K04748
N1_Nitrosopumilus_marine	K04794
N1_Nitrosopumilus_marine	K04795
N1_Nitrosopumilus_marine	K04796
N1_Nitrosopumilus_marine	K04797
N1_Nitrosopumilus_marine	K04798
N1_Nitrosopumilus_marine	K04799
N1_Nitrosopumilus_marine	K04800
N1_Nitrosopumilus_marine	K04801
N1_Nitrosopumilus_marine	K04802
N1_Nitrosopumilus_marine	K05337
N1_Nitrosopumilus_marine	K05394
N1_Nitrosopumilus_marine	K05540
N1_Nitrosopumilus_marine	K05606
N1_Nitrosopumilus_marine	K05710
N1_Nitrosopumilus_marine	K05826
N1_Nitrosopumilus_marine	K05827
N1_Nitrosopumilus_marine	K05828
N1_Nitrosopumilus_marine	K05829
N1_Nitrosopumilus_marine	K05830
N1_Nitrosopumilus_marine	K05831
N1_Nitrosopumilus_marine	K05896
N1_Nitrosopumilus_marine	K05934
N1_Nitrosopumilus_marine	K05936
N1_Nitrosopumilus_marine	K05967
N1_Nitrosopumilus_marine	K06024
N1_Nitrosopumilus_marine	K06042
N1_Nitrosopumilus_marine	K06137
N1_Nitrosopumilus_marine	K06174
N1_Nitrosopumilus_marine	K06176
N1_Nitrosopumilus_marine	K06196
N1_Nitrosopumilus_marine	K06199
N1_Nitrosopumilus_marine	K06215
N1_Nitrosopumilus_marine	K06223
N1_Nitrosopumilus_marine	K06718
N1_Nitrosopumilus_marine	K06720
N1_Nitrosopumilus_marine	K06863
N1_Nitrosopumilus_marine	K06864
N1_Nitrosopumilus_marine	K06865
N1_Nitrosopumilus_marine	K06869
N1_Nitrosopumilus_marine	K06875
N1_Nitrosopumilus_marine	K06877
N1_Nitrosopumilus_marine	K06885
N1_Nitrosopumilus_marine	K06888
N1_Nitrosopumilus_marine	K06898
N1_Nitrosopumilus_marine	K06915
N1_Nitrosopumilus_marine	K06920
N1_Nitrosopumilus_marine	K06927
N1_Nitrosopumilus_marine	K06929
N1_Nitrosopumilus_marine	K06932
N1_Nitrosopumilus_marine	K06937
N1_Nitrosopumilus_marine	K06940
N1_Nitrosopumilus_marine	K06941
N1_Nitrosopumilus_marine	K06950
N1_Nitrosopumilus_marine	K06953
N1_Nitrosopumilus_marine	K06961
N1_Nitrosopumilus_marine	K06963
N1_Nitrosopumilus_marine	K06965
N1_Nitrosopumilus_marine	K06981
N1_Nitrosopumilus_marine	K06982
N1_Nitrosopumilus_marine	K06989
N1_Nitrosopumilus_marine	K06990
N1_Nitrosopumilus_marine	K06996
N1_Nitrosopumilus_marine	K07005
N1_Nitrosopumilus_marine	K07006
N1_Nitrosopumilus_marine	K07010
N1_Nitrosopumilus_marine	K07041
N1_Nitrosopumilus_marine	K07052
N1_Nitrosopumilus_marine	K07059
N1_Nitrosopumilus_marine	K07060
N1_Nitrosopumilus_marine	K07086
N1_Nitrosopumilus_marine	K07090
N1_Nitrosopumilus_marine	K07108
N1_Nitrosopumilus_marine	K07114
N1_Nitrosopumilus_marine	K07124
N1_Nitrosopumilus_marine	K07130
N1_Nitrosopumilus_marine	K07142
N1_Nitrosopumilus_marine	K07143
N1_Nitrosopumilus_marine	K07151
N1_Nitrosopumilus_marine	K07159
N1_Nitrosopumilus_marine	K07176
N1_Nitrosopumilus_marine	K07178
N1_Nitrosopumilus_marine	K07220
N1_Nitrosopumilus_marine	K07238
N1_Nitrosopumilus_marine	K07254
N1_Nitrosopumilus_marine	K07257
N1_Nitrosopumilus_marine	K07301
N1_Nitrosopumilus_marine	K07304
N1_Nitrosopumilus_marine	K07305
N1_Nitrosopumilus_marine	K07442
N1_Nitrosopumilus_marine	K07446
N1_Nitrosopumilus_marine	K07462
N1_Nitrosopumilus_marine	K07463
N1_Nitrosopumilus_marine	K07477
N1_Nitrosopumilus_marine	K07558
N1_Nitrosopumilus_marine	K07566
N1_Nitrosopumilus_marine	K07569
N1_Nitrosopumilus_marine	K07572
N1_Nitrosopumilus_marine	K07577
N1_Nitrosopumilus_marine	K07580
N1_Nitrosopumilus_marine	K07581
N1_Nitrosopumilus_marine	K07583
N1_Nitrosopumilus_marine	K07588
N1_Nitrosopumilus_marine	K07722
N1_Nitrosopumilus_marine	K07732
N1_Nitrosopumilus_marine	K07739
N1_Nitrosopumilus_marine	K08096
N1_Nitrosopumilus_marine	K08321
N1_Nitrosopumilus_marine	K08590
N1_Nitrosopumilus_marine	K08602
N1_Nitrosopumilus_marine	K08681
N1_Nitrosopumilus_marine	K08963
N1_Nitrosopumilus_marine	K08970
N1_Nitrosopumilus_marine	K08975
N1_Nitrosopumilus_marine	K08979
N1_Nitrosopumilus_marine	K08999
N1_Nitrosopumilus_marine	K09005
N1_Nitrosopumilus_marine	K09013
N1_Nitrosopumilus_marine	K09014
N1_Nitrosopumilus_marine	K09015
N1_Nitrosopumilus_marine	K09118
N1_Nitrosopumilus_marine	K09120
N1_Nitrosopumilus_marine	K09121
N1_Nitrosopumilus_marine	K09128
N1_Nitrosopumilus_marine	K09140
N1_Nitrosopumilus_marine	K09141
N1_Nitrosopumilus_marine	K09142
N1_Nitrosopumilus_marine	K09143
N1_Nitrosopumilus_marine	K09148
N1_Nitrosopumilus_marine	K09149
N1_Nitrosopumilus_marine	K09152
N1_Nitrosopumilus_marine	K09162
N1_Nitrosopumilus_marine	K09388
N1_Nitrosopumilus_marine	K09482
N1_Nitrosopumilus_marine	K09716
N1_Nitrosopumilus_marine	K09721
N1_Nitrosopumilus_marine	K09722
N1_Nitrosopumilus_marine	K09723
N1_Nitrosopumilus_marine	K09726
N1_Nitrosopumilus_marine	K09735
N1_Nitrosopumilus_marine	K09736
N1_Nitrosopumilus_marine	K09738
N1_Nitrosopumilus_marine	K09759
N1_Nitrosopumilus_marine	K09763
N1_Nitrosopumilus_marine	K09771
N1_Nitrosopumilus_marine	K09791
N1_Nitrosopumilus_marine	K09807
N1_Nitrosopumilus_marine	K09808
N1_Nitrosopumilus_marine	K09815
N1_Nitrosopumilus_marine	K09816
N1_Nitrosopumilus_marine	K09817
N1_Nitrosopumilus_marine	K09903
N1_Nitrosopumilus_marine	K10026
N1_Nitrosopumilus_marine	K10106
N1_Nitrosopumilus_marine	K10536
N1_Nitrosopumilus_marine	K10674
N1_Nitrosopumilus_marine	K10725
N1_Nitrosopumilus_marine	K10726
N1_Nitrosopumilus_marine	K10747
N1_Nitrosopumilus_marine	K10773
N1_Nitrosopumilus_marine	K10806
N1_Nitrosopumilus_marine	K10848
N1_Nitrosopumilus_marine	K11130
N1_Nitrosopumilus_marine	K11175
N1_Nitrosopumilus_marine	K11212
N1_Nitrosopumilus_marine	K11529
N1_Nitrosopumilus_marine	K11600
N1_Nitrosopumilus_marine	K11646
N1_Nitrosopumilus_marine	K11707
N1_Nitrosopumilus_marine	K11708
N1_Nitrosopumilus_marine	K11709
N1_Nitrosopumilus_marine	K11710
N1_Nitrosopumilus_marine	K11717
N1_Nitrosopumilus_marine	K11780
N1_Nitrosopumilus_marine	K11781
N1_Nitrosopumilus_marine	K11782
N1_Nitrosopumilus_marine	K11784
N1_Nitrosopumilus_marine	K11785
N1_Nitrosopumilus_marine	K11924
N1_Nitrosopumilus_marine	K12234
N1_Nitrosopumilus_marine	K12410
N1_Nitrosopumilus_marine	K12630
N1_Nitrosopumilus_marine	K13038
N1_Nitrosopumilus_marine	K13280
N1_Nitrosopumilus_marine	K13283
N1_Nitrosopumilus_marine	K13525
N1_Nitrosopumilus_marine	K13628
N1_Nitrosopumilus_marine	K13722
N1_Nitrosopumilus_marine	K13787
N1_Nitrosopumilus_marine	K13798
N1_Nitrosopumilus_marine	K13953
N1_Nitrosopumilus_marine	K14166
N1_Nitrosopumilus_marine	K14168
N1_Nitrosopumilus_marine	K14373
N1_Nitrosopumilus_marine	K14415
N1_Nitrosopumilus_marine	K14534
N1_Nitrosopumilus_marine	K14568
N1_Nitrosopumilus_marine	K14574
N1_Nitrosopumilus_marine	K14604
N1_Nitrosopumilus_marine	K14654
N1_Nitrosopumilus_marine	K14656
N1_Nitrosopumilus_marine	K14728
N1_Nitrosopumilus_marine	K14746
N1_Nitrosopumilus_marine	K14941
N1_Nitrosopumilus_marine	K14952
N1_Nitrosopumilus_marine	K15016
N1_Nitrosopumilus_marine	K15019
N1_Nitrosopumilus_marine	K15171
N1_Nitrosopumilus_marine	K15172
N1_Nitrosopumilus_marine	K15383
N1_Nitrosopumilus_marine	K15429
N1_Nitrosopumilus_marine	K15449
N1_Nitrosopumilus_marine	K15554
N1_Nitrosopumilus_marine	K15555
N1_Nitrosopumilus_marine	K15557
N1_Nitrosopumilus_marine	K15558
N1_Nitrosopumilus_marine	K15635
N1_Nitrosopumilus_marine	K15724
N1_Nitrosopumilus_marine	K15865
N1_Nitrosopumilus_marine	K15894
N1_Nitrosopumilus_marine	K15916
N1_Nitrosopumilus_marine	K15932
N1_Nitrosopumilus_marine	K15977
N1_Nitrosopumilus_marine	K16109
N1_Nitrosopumilus_marine	K16111
N1_Nitrosopumilus_marine	K16112
N1_Nitrosopumilus_marine	K16116
N1_Nitrosopumilus_marine	K16117
N1_Nitrosopumilus_marine	K16306
N1_Nitrosopumilus_marine	K16399
N1_Nitrosopumilus_marine	K16870
N1_Nitrosopumilus_marine	K17104
N1_Nitrosopumilus_marine	K17247
N1_Nitrosopumilus_marine	K17725
N1_Nitrosopumilus_marine	K17828
N1_Nitrosopumilus_marine	K17830
N1_Nitrosopumilus_marine	K17832
N1_Nitrosopumilus_marine	K17884
N1_Nitrosopumilus_marine	K18014
N1_Nitrosopumilus_marine	K18049
N1_Nitrosopumilus_marine	K18235
N1_Nitrosopumilus_marine	K18285
N1_Nitrosopumilus_marine	K18532
N1_Nitrosopumilus_marine	K18535
N1_Nitrosopumilus_marine	K18570
N1_Nitrosopumilus_marine	K18593
N1_Nitrosopumilus_marine	K18594
N1_Nitrosopumilus_marine	K18601
N1_Nitrosopumilus_marine	K18602
N1_Nitrosopumilus_marine	K18603
N1_Nitrosopumilus_marine	K18604
N1_Nitrosopumilus_marine	K18605
N1_Nitrosopumilus_marine	K18779
N1_Nitrosopumilus_marine	K18825
N1_Nitrosopumilus_marine	K18882
N1_Nitrosopumilus_marine	K18911
N1_Nitrosopumilus_marine	K19180
N1_Nitrosopumilus_marine	K19221
N1_Nitrosopumilus_marine	K19653
N1_Nitrosopumilus_marine	K19712
N1_Nitrosopumilus_marine	K19784
N1_Nitrosopumilus_marine	K19960
N1_Nitrosopumilus_marine	K19961
N1_Nitrosopumilus_marine	K19962
N1_Nitrosopumilus_marine	K20215
N1_Nitrosopumilus_marine	K20386
N1_Nitrosopumilus_marine	K20454
N1_Nitrosopumilus_marine	K20567
N1_Nitrosopumilus_marine	K20572
N1_Nitrosopumilus_marine	K20615
N1_Nitrosopumilus_marine	K21219
N1_Nitrosopumilus_marine	K21326
N1_Nitrosopumilus_marine	K21430
N1_Nitrosopumilus_marine	K21586
N1_Nitrosopumilus_marine	K21636
N1_Nitrosopumilus_marine	K21836
N1_Nitrosopumilus_marine	K21929
N1_Nitrosopumilus_marine	K21947
N1_Nitrosopumilus_marine	K22223
N1_Nitrosopumilus_marine	K22225
N1_Nitrosopumilus_marine	K22424
N1_Nitrosopumilus_marine	K22447
N1_Nitrosopumilus_marine	K22585
N1_Nitrosopumilus_marine	K22699
N1_Nitrosopumilus_marine	K22717
N1_Nitrosopumilus_marine	K22881
N1_Nitrosopumilus_marine	K23102
N1_Nitrosopumilus_marine	K23150
N1_Nitrosopumilus_marine	K23229
N1_Nitrosopumilus_marine	K23264
N1_Nitrosopumilus_marine	K23265
N1_Nitrosopumilus_marine	K23269
N1_Nitrosopumilus_marine	K23356
N1_Nitrosopumilus_marine	K23397
N1_Nitrosopumilus_marine	K23398
N1_Nitrosopumilus_marine	K23738
N1_Nitrosopumilus_marine	K24012
N1_Nitrosopumilus_marine	K24104
N1_Nitrosopumilus_marine	K24129
N1_Nitrosopumilus_marine	K24450
N1_Nitrosopumilus_marine	K24866
N1_Nitrosopumilus_marine	K24956
N1_Nitrosopumilus_marine	K25510
N1_Nitrosopumilus_marine	K25517
N1_Nitrosopumilus_marine	K25518
N1_Nitrosopumilus_marine	K26217
N1_Nitrosopumilus_marine	K26730
N1_Nitrosopumilus_marine	K27305
N1_Nitrosopumilus_marine	K28013
N1_Nitrosopumilus_marine	K28204
N1_Nitrosopumilus_marine	K28504
N1_Nitrosopumilus_marine	K28569
N1_Nitrosopumilus_marine	K28570
N1_Nitrosopumilus_marine	K28588
N1_Nitrosopumilus_marine	K28589
N1_Nitrosopumilus_marine	K28640
N1_Nitrosopumilus_marine	K28641
N2_Nitrosomonas_AOB	K00003
N2_Nitrosomonas_AOB	K00012
N2_Nitrosomonas_AOB	K00013
N2_Nitrosomonas_AOB	K00014
N2_Nitrosomonas_AOB	K00018
N2_Nitrosomonas_AOB	K00024
N2_Nitrosomonas_AOB	K00029
N2_Nitrosomonas_AOB	K00031
N2_Nitrosomonas_AOB	K00033
N2_Nitrosomonas_AOB	K00036
N2_Nitrosomonas_AOB	K00042
N2_Nitrosomonas_AOB	K00052
N2_Nitrosomonas_AOB	K00053
N2_Nitrosomonas_AOB	K00055
N2_Nitrosomonas_AOB	K00057
N2_Nitrosomonas_AOB	K00058
N2_Nitrosomonas_AOB	K00059
N2_Nitrosomonas_AOB	K00067
N2_Nitrosomonas_AOB	K00075
N2_Nitrosomonas_AOB	K00088
N2_Nitrosomonas_AOB	K00091
N2_Nitrosomonas_AOB	K00097
N2_Nitrosomonas_AOB	K00099
N2_Nitrosomonas_AOB	K00104
N2_Nitrosomonas_AOB	K00111
N2_Nitrosomonas_AOB	K00121
N2_Nitrosomonas_AOB	K00133
N2_Nitrosomonas_AOB	K00134
N2_Nitrosomonas_AOB	K00145
N2_Nitrosomonas_AOB	K00147
N2_Nitrosomonas_AOB	K00163
N2_Nitrosomonas_AOB	K00164
N2_Nitrosomonas_AOB	K00208
N2_Nitrosomonas_AOB	K00215
N2_Nitrosomonas_AOB	K00228
N2_Nitrosomonas_AOB	K00239
N2_Nitrosomonas_AOB	K00240
N2_Nitrosomonas_AOB	K00241
N2_Nitrosomonas_AOB	K00242
N2_Nitrosomonas_AOB	K00254
N2_Nitrosomonas_AOB	K00259
N2_Nitrosomonas_AOB	K00262
N2_Nitrosomonas_AOB	K00278
N2_Nitrosomonas_AOB	K00282
N2_Nitrosomonas_AOB	K00283
N2_Nitrosomonas_AOB	K00286
N2_Nitrosomonas_AOB	K00287
N2_Nitrosomonas_AOB	K00297
N2_Nitrosomonas_AOB	K00324
N2_Nitrosomonas_AOB	K00325
N2_Nitrosomonas_AOB	K00330
N2_Nitrosomonas_AOB	K00331
N2_Nitrosomonas_AOB	K00332
N2_Nitrosomonas_AOB	K00333
N2_Nitrosomonas_AOB	K00334
N2_Nitrosomonas_AOB	K00335
N2_Nitrosomonas_AOB	K00336
N2_Nitrosomonas_AOB	K00337
N2_Nitrosomonas_AOB	K00338
N2_Nitrosomonas_AOB	K00339
N2_Nitrosomonas_AOB	K00340
N2_Nitrosomonas_AOB	K00341
N2_Nitrosomonas_AOB	K00342
N2_Nitrosomonas_AOB	K00343
N2_Nitrosomonas_AOB	K00346
N2_Nitrosomonas_AOB	K00347
N2_Nitrosomonas_AOB	K00348
N2_Nitrosomonas_AOB	K00349
N2_Nitrosomonas_AOB	K00350
N2_Nitrosomonas_AOB	K00351
N2_Nitrosomonas_AOB	K00368
N2_Nitrosomonas_AOB	K00380
N2_Nitrosomonas_AOB	K00381
N2_Nitrosomonas_AOB	K00382
N2_Nitrosomonas_AOB	K00384
N2_Nitrosomonas_AOB	K00389
N2_Nitrosomonas_AOB	K00390
N2_Nitrosomonas_AOB	K00411
N2_Nitrosomonas_AOB	K00412
N2_Nitrosomonas_AOB	K00413
N2_Nitrosomonas_AOB	K00428
N2_Nitrosomonas_AOB	K00432
N2_Nitrosomonas_AOB	K00505
N2_Nitrosomonas_AOB	K00507
N2_Nitrosomonas_AOB	K00520
N2_Nitrosomonas_AOB	K00523
N2_Nitrosomonas_AOB	K00525
N2_Nitrosomonas_AOB	K00526
N2_Nitrosomonas_AOB	K00529
N2_Nitrosomonas_AOB	K00537
N2_Nitrosomonas_AOB	K00548
N2_Nitrosomonas_AOB	K00549
N2_Nitrosomonas_AOB	K00554
N2_Nitrosomonas_AOB	K00560
N2_Nitrosomonas_AOB	K00566
N2_Nitrosomonas_AOB	K00567
N2_Nitrosomonas_AOB	K00568
N2_Nitrosomonas_AOB	K00573
N2_Nitrosomonas_AOB	K00575
N2_Nitrosomonas_AOB	K00600
N2_Nitrosomonas_AOB	K00602
N2_Nitrosomonas_AOB	K00604
N2_Nitrosomonas_AOB	K00605
N2_Nitrosomonas_AOB	K00606
N2_Nitrosomonas_AOB	K00609
N2_Nitrosomonas_AOB	K00611
N2_Nitrosomonas_AOB	K00615
N2_Nitrosomonas_AOB	K00616
N2_Nitrosomonas_AOB	K00620
N2_Nitrosomonas_AOB	K00625
N2_Nitrosomonas_AOB	K00626
N2_Nitrosomonas_AOB	K00627
N2_Nitrosomonas_AOB	K00632
N2_Nitrosomonas_AOB	K00640
N2_Nitrosomonas_AOB	K00641
N2_Nitrosomonas_AOB	K00645
N2_Nitrosomonas_AOB	K00648
N2_Nitrosomonas_AOB	K00652
N2_Nitrosomonas_AOB	K00655
N2_Nitrosomonas_AOB	K00658
N2_Nitrosomonas_AOB	K00674
N2_Nitrosomonas_AOB	K00681
N2_Nitrosomonas_AOB	K00684
N2_Nitrosomonas_AOB	K00688
N2_Nitrosomonas_AOB	K00695
N2_Nitrosomonas_AOB	K00696
N2_Nitrosomonas_AOB	K00700
N2_Nitrosomonas_AOB	K00703
N2_Nitrosomonas_AOB	K00721
N2_Nitrosomonas_AOB	K00759
N2_Nitrosomonas_AOB	K00762
N2_Nitrosomonas_AOB	K00764
N2_Nitrosomonas_AOB	K00765
N2_Nitrosomonas_AOB	K00766
N2_Nitrosomonas_AOB	K00767
N2_Nitrosomonas_AOB	K00773
N2_Nitrosomonas_AOB	K00783
N2_Nitrosomonas_AOB	K00788
N2_Nitrosomonas_AOB	K00789
N2_Nitrosomonas_AOB	K00790
N2_Nitrosomonas_AOB	K00791
N2_Nitrosomonas_AOB	K00793
N2_Nitrosomonas_AOB	K00794
N2_Nitrosomonas_AOB	K00795
N2_Nitrosomonas_AOB	K00796
N2_Nitrosomonas_AOB	K00797
N2_Nitrosomonas_AOB	K00799
N2_Nitrosomonas_AOB	K00800
N2_Nitrosomonas_AOB	K00801
N2_Nitrosomonas_AOB	K00806
N2_Nitrosomonas_AOB	K00808
N2_Nitrosomonas_AOB	K00812
N2_Nitrosomonas_AOB	K00817
N2_Nitrosomonas_AOB	K00820
N2_Nitrosomonas_AOB	K00821
N2_Nitrosomonas_AOB	K00824
N2_Nitrosomonas_AOB	K00826
N2_Nitrosomonas_AOB	K00830
N2_Nitrosomonas_AOB	K00831
N2_Nitrosomonas_AOB	K00833
N2_Nitrosomonas_AOB	K00845
N2_Nitrosomonas_AOB	K00858
N2_Nitrosomonas_AOB	K00859
N2_Nitrosomonas_AOB	K00873
N2_Nitrosomonas_AOB	K00891
N2_Nitrosomonas_AOB	K00912
N2_Nitrosomonas_AOB	K00919
N2_Nitrosomonas_AOB	K00925
N2_Nitrosomonas_AOB	K00927
N2_Nitrosomonas_AOB	K00928
N2_Nitrosomonas_AOB	K00930
N2_Nitrosomonas_AOB	K00931
N2_Nitrosomonas_AOB	K00937
N2_Nitrosomonas_AOB	K00939
N2_Nitrosomonas_AOB	K00940
N2_Nitrosomonas_AOB	K00941
N2_Nitrosomonas_AOB	K00942
N2_Nitrosomonas_AOB	K00943
N2_Nitrosomonas_AOB	K00945
N2_Nitrosomonas_AOB	K00946
N2_Nitrosomonas_AOB	K00948
N2_Nitrosomonas_AOB	K00950
N2_Nitrosomonas_AOB	K00954
N2_Nitrosomonas_AOB	K00956
N2_Nitrosomonas_AOB	K00957
N2_Nitrosomonas_AOB	K00962
N2_Nitrosomonas_AOB	K00969
N2_Nitrosomonas_AOB	K00970
N2_Nitrosomonas_AOB	K00971
N2_Nitrosomonas_AOB	K00973
N2_Nitrosomonas_AOB	K00974
N2_Nitrosomonas_AOB	K00975
N2_Nitrosomonas_AOB	K00979
N2_Nitrosomonas_AOB	K00981
N2_Nitrosomonas_AOB	K00982
N2_Nitrosomonas_AOB	K00986
N2_Nitrosomonas_AOB	K00989
N2_Nitrosomonas_AOB	K00991
N2_Nitrosomonas_AOB	K00992
N2_Nitrosomonas_AOB	K00995
N2_Nitrosomonas_AOB	K00997
N2_Nitrosomonas_AOB	K01000
N2_Nitrosomonas_AOB	K01007
N2_Nitrosomonas_AOB	K01008
N2_Nitrosomonas_AOB	K01012
N2_Nitrosomonas_AOB	K01046
N2_Nitrosomonas_AOB	K01056
N2_Nitrosomonas_AOB	K01057
N2_Nitrosomonas_AOB	K01069
N2_Nitrosomonas_AOB	K01070
N2_Nitrosomonas_AOB	K01079
N2_Nitrosomonas_AOB	K01091
N2_Nitrosomonas_AOB	K01092
N2_Nitrosomonas_AOB	K01095
N2_Nitrosomonas_AOB	K01129
N2_Nitrosomonas_AOB	K01139
N2_Nitrosomonas_AOB	K01141
N2_Nitrosomonas_AOB	K01142
N2_Nitrosomonas_AOB	K01147
N2_Nitrosomonas_AOB	K01153
N2_Nitrosomonas_AOB	K01154
N2_Nitrosomonas_AOB	K01156
N2_Nitrosomonas_AOB	K01159
N2_Nitrosomonas_AOB	K01174
N2_Nitrosomonas_AOB	K01185
N2_Nitrosomonas_AOB	K01207
N2_Nitrosomonas_AOB	K01246
N2_Nitrosomonas_AOB	K01247
N2_Nitrosomonas_AOB	K01251
N2_Nitrosomonas_AOB	K01255
N2_Nitrosomonas_AOB	K01256
N2_Nitrosomonas_AOB	K01259
N2_Nitrosomonas_AOB	K01262
N2_Nitrosomonas_AOB	K01265
N2_Nitrosomonas_AOB	K01338
N2_Nitrosomonas_AOB	K01358
N2_Nitrosomonas_AOB	K01414
N2_Nitrosomonas_AOB	K01419
N2_Nitrosomonas_AOB	K01420
N2_Nitrosomonas_AOB	K01423
N2_Nitrosomonas_AOB	K01426
N2_Nitrosomonas_AOB	K01434
N2_Nitrosomonas_AOB	K01439
N2_Nitrosomonas_AOB	K01448
N2_Nitrosomonas_AOB	K01462
N2_Nitrosomonas_AOB	K01465
N2_Nitrosomonas_AOB	K01480
N2_Nitrosomonas_AOB	K01491
N2_Nitrosomonas_AOB	K01494
N2_Nitrosomonas_AOB	K01496
N2_Nitrosomonas_AOB	K01515
N2_Nitrosomonas_AOB	K01519
N2_Nitrosomonas_AOB	K01520
N2_Nitrosomonas_AOB	K01523
N2_Nitrosomonas_AOB	K01524
N2_Nitrosomonas_AOB	K01525
N2_Nitrosomonas_AOB	K01533
N2_Nitrosomonas_AOB	K01581
N2_Nitrosomonas_AOB	K01586
N2_Nitrosomonas_AOB	K01588
N2_Nitrosomonas_AOB	K01589
N2_Nitrosomonas_AOB	K01591
N2_Nitrosomonas_AOB	K01595
N2_Nitrosomonas_AOB	K01599
N2_Nitrosomonas_AOB	K01602
N2_Nitrosomonas_AOB	K01609
N2_Nitrosomonas_AOB	K01611
N2_Nitrosomonas_AOB	K01613
N2_Nitrosomonas_AOB	K01621
N2_Nitrosomonas_AOB	K01624
N2_Nitrosomonas_AOB	K01626
N2_Nitrosomonas_AOB	K01633
N2_Nitrosomonas_AOB	K01644
N2_Nitrosomonas_AOB	K01647
N2_Nitrosomonas_AOB	K01649
N2_Nitrosomonas_AOB	K01652
N2_Nitrosomonas_AOB	K01653
N2_Nitrosomonas_AOB	K01657
N2_Nitrosomonas_AOB	K01658
N2_Nitrosomonas_AOB	K01662
N2_Nitrosomonas_AOB	K01664
N2_Nitrosomonas_AOB	K01673
N2_Nitrosomonas_AOB	K01679
N2_Nitrosomonas_AOB	K01687
N2_Nitrosomonas_AOB	K01689
N2_Nitrosomonas_AOB	K01693
N2_Nitrosomonas_AOB	K01695
N2_Nitrosomonas_AOB	K01696
N2_Nitrosomonas_AOB	K01698
N2_Nitrosomonas_AOB	K01703
N2_Nitrosomonas_AOB	K01704
N2_Nitrosomonas_AOB	K01710
N2_Nitrosomonas_AOB	K01714
N2_Nitrosomonas_AOB	K01719
N2_Nitrosomonas_AOB	K01724
N2_Nitrosomonas_AOB	K01733
N2_Nitrosomonas_AOB	K01735
N2_Nitrosomonas_AOB	K01736
N2_Nitrosomonas_AOB	K01737
N2_Nitrosomonas_AOB	K01740
N2_Nitrosomonas_AOB	K01749
N2_Nitrosomonas_AOB	K01752
N2_Nitrosomonas_AOB	K01754
N2_Nitrosomonas_AOB	K01755
N2_Nitrosomonas_AOB	K01756
N2_Nitrosomonas_AOB	K01759
N2_Nitrosomonas_AOB	K01768
N2_Nitrosomonas_AOB	K01770
N2_Nitrosomonas_AOB	K01772
N2_Nitrosomonas_AOB	K01775
N2_Nitrosomonas_AOB	K01776
N2_Nitrosomonas_AOB	K01778
N2_Nitrosomonas_AOB	K01783
N2_Nitrosomonas_AOB	K01784
N2_Nitrosomonas_AOB	K01790
N2_Nitrosomonas_AOB	K01791
N2_Nitrosomonas_AOB	K01792
N2_Nitrosomonas_AOB	K01802
N2_Nitrosomonas_AOB	K01803
N2_Nitrosomonas_AOB	K01807
N2_Nitrosomonas_AOB	K01810
N2_Nitrosomonas_AOB	K01814
N2_Nitrosomonas_AOB	K01817
N2_Nitrosomonas_AOB	K01821
N2_Nitrosomonas_AOB	K01834
N2_Nitrosomonas_AOB	K01845
N2_Nitrosomonas_AOB	K01866
N2_Nitrosomonas_AOB	K01867
N2_Nitrosomonas_AOB	K01868
N2_Nitrosomonas_AOB	K01869
N2_Nitrosomonas_AOB	K01870
N2_Nitrosomonas_AOB	K01872
N2_Nitrosomonas_AOB	K01873
N2_Nitrosomonas_AOB	K01874
N2_Nitrosomonas_AOB	K01875
N2_Nitrosomonas_AOB	K01876
N2_Nitrosomonas_AOB	K01878
N2_Nitrosomonas_AOB	K01879
N2_Nitrosomonas_AOB	K01881
N2_Nitrosomonas_AOB	K01883
N2_Nitrosomonas_AOB	K01885
N2_Nitrosomonas_AOB	K01886
N2_Nitrosomonas_AOB	K01887
N2_Nitrosomonas_AOB	K01889
N2_Nitrosomonas_AOB	K01890
N2_Nitrosomonas_AOB	K01892
N2_Nitrosomonas_AOB	K01895
N2_Nitrosomonas_AOB	K01897
N2_Nitrosomonas_AOB	K01902
N2_Nitrosomonas_AOB	K01903
N2_Nitrosomonas_AOB	K01915
N2_Nitrosomonas_AOB	K01918
N2_Nitrosomonas_AOB	K01920
N2_Nitrosomonas_AOB	K01921
N2_Nitrosomonas_AOB	K01923
N2_Nitrosomonas_AOB	K01924
N2_Nitrosomonas_AOB	K01925
N2_Nitrosomonas_AOB	K01928
N2_Nitrosomonas_AOB	K01929
N2_Nitrosomonas_AOB	K01933
N2_Nitrosomonas_AOB	K01934
N2_Nitrosomonas_AOB	K01935
N2_Nitrosomonas_AOB	K01937
N2_Nitrosomonas_AOB	K01939
N2_Nitrosomonas_AOB	K01940
N2_Nitrosomonas_AOB	K01941
N2_Nitrosomonas_AOB	K01945
N2_Nitrosomonas_AOB	K01951
N2_Nitrosomonas_AOB	K01952
N2_Nitrosomonas_AOB	K01953
N2_Nitrosomonas_AOB	K01955
N2_Nitrosomonas_AOB	K01956
N2_Nitrosomonas_AOB	K01961
N2_Nitrosomonas_AOB	K01962
N2_Nitrosomonas_AOB	K01963
N2_Nitrosomonas_AOB	K01972
N2_Nitrosomonas_AOB	K01975
N2_Nitrosomonas_AOB	K01990
N2_Nitrosomonas_AOB	K01991
N2_Nitrosomonas_AOB	K01992
N2_Nitrosomonas_AOB	K01993
N2_Nitrosomonas_AOB	K02003
N2_Nitrosomonas_AOB	K02004
N2_Nitrosomonas_AOB	K02005
N2_Nitrosomonas_AOB	K02010
N2_Nitrosomonas_AOB	K02011
N2_Nitrosomonas_AOB	K02012
N2_Nitrosomonas_AOB	K02014
N2_Nitrosomonas_AOB	K02017
N2_Nitrosomonas_AOB	K02031
N2_Nitrosomonas_AOB	K02032
N2_Nitrosomonas_AOB	K02036
N2_Nitrosomonas_AOB	K02037
N2_Nitrosomonas_AOB	K02038
N2_Nitrosomonas_AOB	K02039
N2_Nitrosomonas_AOB	K02040
N2_Nitrosomonas_AOB	K02045
N2_Nitrosomonas_AOB	K02046
N2_Nitrosomonas_AOB	K02047
N2_Nitrosomonas_AOB	K02049
N2_Nitrosomonas_AOB	K02050
N2_Nitrosomonas_AOB	K02065
N2_Nitrosomonas_AOB	K02066
N2_Nitrosomonas_AOB	K02067
N2_Nitrosomonas_AOB	K02078
N2_Nitrosomonas_AOB	K02108
N2_Nitrosomonas_AOB	K02109
N2_Nitrosomonas_AOB	K02111
N2_Nitrosomonas_AOB	K02112
N2_Nitrosomonas_AOB	K02113
N2_Nitrosomonas_AOB	K02114
N2_Nitrosomonas_AOB	K02115
N2_Nitrosomonas_AOB	K02160
N2_Nitrosomonas_AOB	K02169
N2_Nitrosomonas_AOB	K02170
N2_Nitrosomonas_AOB	K02193
N2_Nitrosomonas_AOB	K02194
N2_Nitrosomonas_AOB	K02195
N2_Nitrosomonas_AOB	K02196
N2_Nitrosomonas_AOB	K02197
N2_Nitrosomonas_AOB	K02198
N2_Nitrosomonas_AOB	K02199
N2_Nitrosomonas_AOB	K02200
N2_Nitrosomonas_AOB	K02204
N2_Nitrosomonas_AOB	K02221
N2_Nitrosomonas_AOB	K02230
N2_Nitrosomonas_AOB	K02237
N2_Nitrosomonas_AOB	K02238
N2_Nitrosomonas_AOB	K02242
N2_Nitrosomonas_AOB	K02257
N2_Nitrosomonas_AOB	K02258
N2_Nitrosomonas_AOB	K02259
N2_Nitrosomonas_AOB	K02274
N2_Nitrosomonas_AOB	K02275
N2_Nitrosomonas_AOB	K02276
N2_Nitrosomonas_AOB	K02302
N2_Nitrosomonas_AOB	K02303
N2_Nitrosomonas_AOB	K02305
N2_Nitrosomonas_AOB	K02313
N2_Nitrosomonas_AOB	K02314
N2_Nitrosomonas_AOB	K02316
N2_Nitrosomonas_AOB	K02335
N2_Nitrosomonas_AOB	K02337
N2_Nitrosomonas_AOB	K02338
N2_Nitrosomonas_AOB	K02339
N2_Nitrosomonas_AOB	K02340
N2_Nitrosomonas_AOB	K02341
N2_Nitrosomonas_AOB	K02342
N2_Nitrosomonas_AOB	K02343
N2_Nitrosomonas_AOB	K02346
N2_Nitrosomonas_AOB	K02355
N2_Nitrosomonas_AOB	K02356
N2_Nitrosomonas_AOB	K02357
N2_Nitrosomonas_AOB	K02358
N2_Nitrosomonas_AOB	K02372
N2_Nitrosomonas_AOB	K02386
N2_Nitrosomonas_AOB	K02387
N2_Nitrosomonas_AOB	K02388
N2_Nitrosomonas_AOB	K02389
N2_Nitrosomonas_AOB	K02390
N2_Nitrosomonas_AOB	K02391
N2_Nitrosomonas_AOB	K02392
N2_Nitrosomonas_AOB	K02393
N2_Nitrosomonas_AOB	K02394
N2_Nitrosomonas_AOB	K02395
N2_Nitrosomonas_AOB	K02396
N2_Nitrosomonas_AOB	K02397
N2_Nitrosomonas_AOB	K02398
N2_Nitrosomonas_AOB	K02399
N2_Nitrosomonas_AOB	K02400
N2_Nitrosomonas_AOB	K02401
N2_Nitrosomonas_AOB	K02402
N2_Nitrosomonas_AOB	K02403
N2_Nitrosomonas_AOB	K02404
N2_Nitrosomonas_AOB	K02405
N2_Nitrosomonas_AOB	K02406
N2_Nitrosomonas_AOB	K02407
N2_Nitrosomonas_AOB	K02408
N2_Nitrosomonas_AOB	K02409
N2_Nitrosomonas_AOB	K02410
N2_Nitrosomonas_AOB	K02411
N2_Nitrosomonas_AOB	K02412
N2_Nitrosomonas_AOB	K02413
N2_Nitrosomonas_AOB	K02414
N2_Nitrosomonas_AOB	K02415
N2_Nitrosomonas_AOB	K02416
N2_Nitrosomonas_AOB	K02417
N2_Nitrosomonas_AOB	K02418
N2_Nitrosomonas_AOB	K02419
N2_Nitrosomonas_AOB	K02420
N2_Nitrosomonas_AOB	K02421
N2_Nitrosomonas_AOB	K02422
N2_Nitrosomonas_AOB	K02423
N2_Nitrosomonas_AOB	K02427
N2_Nitrosomonas_AOB	K02433
N2_Nitrosomonas_AOB	K02434
N2_Nitrosomonas_AOB	K02435
N2_Nitrosomonas_AOB	K02437
N2_Nitrosomonas_AOB	K02448
N2_Nitrosomonas_AOB	K02453
N2_Nitrosomonas_AOB	K02456
N2_Nitrosomonas_AOB	K02458
N2_Nitrosomonas_AOB	K02469
N2_Nitrosomonas_AOB	K02470
N2_Nitrosomonas_AOB	K02474
N2_Nitrosomonas_AOB	K02481
N2_Nitrosomonas_AOB	K02483
N2_Nitrosomonas_AOB	K02492
N2_Nitrosomonas_AOB	K02493
N2_Nitrosomonas_AOB	K02494
N2_Nitrosomonas_AOB	K02496
N2_Nitrosomonas_AOB	K02498
N2_Nitrosomonas_AOB	K02500
N2_Nitrosomonas_AOB	K02501
N2_Nitrosomonas_AOB	K02502
N2_Nitrosomonas_AOB	K02503
N2_Nitrosomonas_AOB	K02510
N2_Nitrosomonas_AOB	K02518
N2_Nitrosomonas_AOB	K02519
N2_Nitrosomonas_AOB	K02520
N2_Nitrosomonas_AOB	K02523
N2_Nitrosomonas_AOB	K02528
N2_Nitrosomonas_AOB	K02533
N2_Nitrosomonas_AOB	K02556
N2_Nitrosomonas_AOB	K02557
N2_Nitrosomonas_AOB	K02558
N2_Nitrosomonas_AOB	K02563
N2_Nitrosomonas_AOB	K02600
N2_Nitrosomonas_AOB	K02601
N2_Nitrosomonas_AOB	K02650
N2_Nitrosomonas_AOB	K02653
N2_Nitrosomonas_AOB	K02654
N2_Nitrosomonas_AOB	K02655
N2_Nitrosomonas_AOB	K02656
N2_Nitrosomonas_AOB	K02657
N2_Nitrosomonas_AOB	K02658
N2_Nitrosomonas_AOB	K02659
N2_Nitrosomonas_AOB	K02662
N2_Nitrosomonas_AOB	K02663
N2_Nitrosomonas_AOB	K02664
N2_Nitrosomonas_AOB	K02665
N2_Nitrosomonas_AOB	K02666
N2_Nitrosomonas_AOB	K02669
N2_Nitrosomonas_AOB	K02670
N2_Nitrosomonas_AOB	K02671
N2_Nitrosomonas_AOB	K02672
N2_Nitrosomonas_AOB	K02673
N2_Nitrosomonas_AOB	K02674
N2_Nitrosomonas_AOB	K02686
N2_Nitrosomonas_AOB	K02687
N2_Nitrosomonas_AOB	K02784
N2_Nitrosomonas_AOB	K02793
N2_Nitrosomonas_AOB	K02805
N2_Nitrosomonas_AOB	K02806
N2_Nitrosomonas_AOB	K02825
N2_Nitrosomonas_AOB	K02834
N2_Nitrosomonas_AOB	K02835
N2_Nitrosomonas_AOB	K02836
N2_Nitrosomonas_AOB	K02837
N2_Nitrosomonas_AOB	K02838
N2_Nitrosomonas_AOB	K02847
N2_Nitrosomonas_AOB	K02851
N2_Nitrosomonas_AOB	K02860
N2_Nitrosomonas_AOB	K02863
N2_Nitrosomonas_AOB	K02864
N2_Nitrosomonas_AOB	K02867
N2_Nitrosomonas_AOB	K02871
N2_Nitrosomonas_AOB	K02874
N2_Nitrosomonas_AOB	K02876
N2_Nitrosomonas_AOB	K02878
N2_Nitrosomonas_AOB	K02879
N2_Nitrosomonas_AOB	K02881
N2_Nitrosomonas_AOB	K02884
N2_Nitrosomonas_AOB	K02886
N2_Nitrosomonas_AOB	K02887
N2_Nitrosomonas_AOB	K02888
N2_Nitrosomonas_AOB	K02890
N2_Nitrosomonas_AOB	K02892
N2_Nitrosomonas_AOB	K02895
N2_Nitrosomonas_AOB	K02897
N2_Nitrosomonas_AOB	K02899
N2_Nitrosomonas_AOB	K02902
N2_Nitrosomonas_AOB	K02904
N2_Nitrosomonas_AOB	K02906
N2_Nitrosomonas_AOB	K02909
N2_Nitrosomonas_AOB	K02911
N2_Nitrosomonas_AOB	K02913
N2_Nitrosomonas_AOB	K02916
N2_Nitrosomonas_AOB	K02926
N2_Nitrosomonas_AOB	K02931
N2_Nitrosomonas_AOB	K02933
N2_Nitrosomonas_AOB	K02935
N2_Nitrosomonas_AOB	K02939
N2_Nitrosomonas_AOB	K02945
N2_Nitrosomonas_AOB	K02946
N2_Nitrosomonas_AOB	K02948
N2_Nitrosomonas_AOB	K02950
N2_Nitrosomonas_AOB	K02952
N2_Nitrosomonas_AOB	K02954
N2_Nitrosomonas_AOB	K02956
N2_Nitrosomonas_AOB	K02959
N2_Nitrosomonas_AOB	K02961
N2_Nitrosomonas_AOB	K02963
N2_Nitrosomonas_AOB	K02965
N2_Nitrosomonas_AOB	K02967
N2_Nitrosomonas_AOB	K02968
N2_Nitrosomonas_AOB	K02970
N2_Nitrosomonas_AOB	K02982
N2_Nitrosomonas_AOB	K02986
N2_Nitrosomonas_AOB	K02988
N2_Nitrosomonas_AOB	K02990
N2_Nitrosomonas_AOB	K02992
N2_Nitrosomonas_AOB	K02994
N2_Nitrosomonas_AOB	K02996
N2_Nitrosomonas_AOB	K03040
N2_Nitrosomonas_AOB	K03043
N2_Nitrosomonas_AOB	K03046
N2_Nitrosomonas_AOB	K03060
N2_Nitrosomonas_AOB	K03070
N2_Nitrosomonas_AOB	K03071
N2_Nitrosomonas_AOB	K03072
N2_Nitrosomonas_AOB	K03073
N2_Nitrosomonas_AOB	K03074
N2_Nitrosomonas_AOB	K03075
N2_Nitrosomonas_AOB	K03076
N2_Nitrosomonas_AOB	K03086
N2_Nitrosomonas_AOB	K03088
N2_Nitrosomonas_AOB	K03089
N2_Nitrosomonas_AOB	K03092
N2_Nitrosomonas_AOB	K03100
N2_Nitrosomonas_AOB	K03101
N2_Nitrosomonas_AOB	K03106
N2_Nitrosomonas_AOB	K03110
N2_Nitrosomonas_AOB	K03111
N2_Nitrosomonas_AOB	K03116
N2_Nitrosomonas_AOB	K03117
N2_Nitrosomonas_AOB	K03118
N2_Nitrosomonas_AOB	K03147
N2_Nitrosomonas_AOB	K03149
N2_Nitrosomonas_AOB	K03153
N2_Nitrosomonas_AOB	K03154
N2_Nitrosomonas_AOB	K03169
N2_Nitrosomonas_AOB	K03177
N2_Nitrosomonas_AOB	K03179
N2_Nitrosomonas_AOB	K03181
N2_Nitrosomonas_AOB	K03182
N2_Nitrosomonas_AOB	K03183
N2_Nitrosomonas_AOB	K03185
N2_Nitrosomonas_AOB	K03186
N2_Nitrosomonas_AOB	K03210
N2_Nitrosomonas_AOB	K03216
N2_Nitrosomonas_AOB	K03217
N2_Nitrosomonas_AOB	K03218
N2_Nitrosomonas_AOB	K03273
N2_Nitrosomonas_AOB	K03286
N2_Nitrosomonas_AOB	K03294
N2_Nitrosomonas_AOB	K03315
N2_Nitrosomonas_AOB	K03406
N2_Nitrosomonas_AOB	K03407
N2_Nitrosomonas_AOB	K03408
N2_Nitrosomonas_AOB	K03411
N2_Nitrosomonas_AOB	K03412
N2_Nitrosomonas_AOB	K03413
N2_Nitrosomonas_AOB	K03414
N2_Nitrosomonas_AOB	K03424
N2_Nitrosomonas_AOB	K03427
N2_Nitrosomonas_AOB	K03431
N2_Nitrosomonas_AOB	K03437
N2_Nitrosomonas_AOB	K03438
N2_Nitrosomonas_AOB	K03439
N2_Nitrosomonas_AOB	K03466
N2_Nitrosomonas_AOB	K03469
N2_Nitrosomonas_AOB	K03470
N2_Nitrosomonas_AOB	K03474
N2_Nitrosomonas_AOB	K03495
N2_Nitrosomonas_AOB	K03496
N2_Nitrosomonas_AOB	K03497
N2_Nitrosomonas_AOB	K03498
N2_Nitrosomonas_AOB	K03499
N2_Nitrosomonas_AOB	K03500
N2_Nitrosomonas_AOB	K03501
N2_Nitrosomonas_AOB	K03517
N2_Nitrosomonas_AOB	K03524
N2_Nitrosomonas_AOB	K03525
N2_Nitrosomonas_AOB	K03526
N2_Nitrosomonas_AOB	K03527
N2_Nitrosomonas_AOB	K03528
N2_Nitrosomonas_AOB	K03529
N2_Nitrosomonas_AOB	K03530
N2_Nitrosomonas_AOB	K03531
N2_Nitrosomonas_AOB	K03536
N2_Nitrosomonas_AOB	K03544
N2_Nitrosomonas_AOB	K03545
N2_Nitrosomonas_AOB	K03546
N2_Nitrosomonas_AOB	K03547
N2_Nitrosomonas_AOB	K03550
N2_Nitrosomonas_AOB	K03551
N2_Nitrosomonas_AOB	K03553
N2_Nitrosomonas_AOB	K03554
N2_Nitrosomonas_AOB	K03555
N2_Nitrosomonas_AOB	K03557
N2_Nitrosomonas_AOB	K03558
N2_Nitrosomonas_AOB	K03559
N2_Nitrosomonas_AOB	K03560
N2_Nitrosomonas_AOB	K03561
N2_Nitrosomonas_AOB	K03562
N2_Nitrosomonas_AOB	K03564
N2_Nitrosomonas_AOB	K03565
N2_Nitrosomonas_AOB	K03568
N2_Nitrosomonas_AOB	K03569
N2_Nitrosomonas_AOB	K03570
N2_Nitrosomonas_AOB	K03571
N2_Nitrosomonas_AOB	K03572
N2_Nitrosomonas_AOB	K03574
N2_Nitrosomonas_AOB	K03575
N2_Nitrosomonas_AOB	K03576
N2_Nitrosomonas_AOB	K03578
N2_Nitrosomonas_AOB	K03585
N2_Nitrosomonas_AOB	K03586
N2_Nitrosomonas_AOB	K03587
N2_Nitrosomonas_AOB	K03588
N2_Nitrosomonas_AOB	K03589
N2_Nitrosomonas_AOB	K03590
N2_Nitrosomonas_AOB	K03592
N2_Nitrosomonas_AOB	K03593
N2_Nitrosomonas_AOB	K03594
N2_Nitrosomonas_AOB	K03595
N2_Nitrosomonas_AOB	K03596
N2_Nitrosomonas_AOB	K03597
N2_Nitrosomonas_AOB	K03599
N2_Nitrosomonas_AOB	K03600
N2_Nitrosomonas_AOB	K03601
N2_Nitrosomonas_AOB	K03602
N2_Nitrosomonas_AOB	K03608
N2_Nitrosomonas_AOB	K03609
N2_Nitrosomonas_AOB	K03610
N2_Nitrosomonas_AOB	K03611
N2_Nitrosomonas_AOB	K03616
N2_Nitrosomonas_AOB	K03621
N2_Nitrosomonas_AOB	K03624
N2_Nitrosomonas_AOB	K03625
N2_Nitrosomonas_AOB	K03628
N2_Nitrosomonas_AOB	K03630
N2_Nitrosomonas_AOB	K03631
N2_Nitrosomonas_AOB	K03634
N2_Nitrosomonas_AOB	K03636
N2_Nitrosomonas_AOB	K03640
N2_Nitrosomonas_AOB	K03641
N2_Nitrosomonas_AOB	K03642
N2_Nitrosomonas_AOB	K03643
N2_Nitrosomonas_AOB	K03644
N2_Nitrosomonas_AOB	K03646
N2_Nitrosomonas_AOB	K03650
N2_Nitrosomonas_AOB	K03654
N2_Nitrosomonas_AOB	K03655
N2_Nitrosomonas_AOB	K03657
N2_Nitrosomonas_AOB	K03664
N2_Nitrosomonas_AOB	K03665
N2_Nitrosomonas_AOB	K03666
N2_Nitrosomonas_AOB	K03667
N2_Nitrosomonas_AOB	K03669
N2_Nitrosomonas_AOB	K03670
N2_Nitrosomonas_AOB	K03671
N2_Nitrosomonas_AOB	K03673
N2_Nitrosomonas_AOB	K03676
N2_Nitrosomonas_AOB	K03685
N2_Nitrosomonas_AOB	K03686
N2_Nitrosomonas_AOB	K03687
N2_Nitrosomonas_AOB	K03688
N2_Nitrosomonas_AOB	K03690
N2_Nitrosomonas_AOB	K03694
N2_Nitrosomonas_AOB	K03695
N2_Nitrosomonas_AOB	K03701
N2_Nitrosomonas_AOB	K03702
N2_Nitrosomonas_AOB	K03703
N2_Nitrosomonas_AOB	K03704
N2_Nitrosomonas_AOB	K03705
N2_Nitrosomonas_AOB	K03711
N2_Nitrosomonas_AOB	K03722
N2_Nitrosomonas_AOB	K03723
N2_Nitrosomonas_AOB	K03733
N2_Nitrosomonas_AOB	K03734
N2_Nitrosomonas_AOB	K03743
N2_Nitrosomonas_AOB	K03744
N2_Nitrosomonas_AOB	K03746
N2_Nitrosomonas_AOB	K03747
N2_Nitrosomonas_AOB	K03749
N2_Nitrosomonas_AOB	K03769
N2_Nitrosomonas_AOB	K03770
N2_Nitrosomonas_AOB	K03771
N2_Nitrosomonas_AOB	K03775
N2_Nitrosomonas_AOB	K03778
N2_Nitrosomonas_AOB	K03781
N2_Nitrosomonas_AOB	K03782
N2_Nitrosomonas_AOB	K03786
N2_Nitrosomonas_AOB	K03787
N2_Nitrosomonas_AOB	K03789
N2_Nitrosomonas_AOB	K03791
N2_Nitrosomonas_AOB	K03793
N2_Nitrosomonas_AOB	K03797
N2_Nitrosomonas_AOB	K03798
N2_Nitrosomonas_AOB	K03799
N2_Nitrosomonas_AOB	K03801
N2_Nitrosomonas_AOB	K03802
N2_Nitrosomonas_AOB	K03806
N2_Nitrosomonas_AOB	K03814
N2_Nitrosomonas_AOB	K03820
N2_Nitrosomonas_AOB	K03832
N2_Nitrosomonas_AOB	K03841
N2_Nitrosomonas_AOB	K03925
N2_Nitrosomonas_AOB	K03926
N2_Nitrosomonas_AOB	K03975
N2_Nitrosomonas_AOB	K03977
N2_Nitrosomonas_AOB	K03978
N2_Nitrosomonas_AOB	K03979
N2_Nitrosomonas_AOB	K03980
N2_Nitrosomonas_AOB	K03981
N2_Nitrosomonas_AOB	K04042
N2_Nitrosomonas_AOB	K04043
N2_Nitrosomonas_AOB	K04061
N2_Nitrosomonas_AOB	K04066
N2_Nitrosomonas_AOB	K04075
N2_Nitrosomonas_AOB	K04077
N2_Nitrosomonas_AOB	K04078
N2_Nitrosomonas_AOB	K04079
N2_Nitrosomonas_AOB	K04084
N2_Nitrosomonas_AOB	K04085
N2_Nitrosomonas_AOB	K04087
N2_Nitrosomonas_AOB	K04088
N2_Nitrosomonas_AOB	K04095
N2_Nitrosomonas_AOB	K04096
N2_Nitrosomonas_AOB	K04485
N2_Nitrosomonas_AOB	K04487
N2_Nitrosomonas_AOB	K04488
N2_Nitrosomonas_AOB	K04517
N2_Nitrosomonas_AOB	K04518
N2_Nitrosomonas_AOB	K04561
N2_Nitrosomonas_AOB	K04562
N2_Nitrosomonas_AOB	K04564
N2_Nitrosomonas_AOB	K04567
N2_Nitrosomonas_AOB	K04691
N2_Nitrosomonas_AOB	K04744
N2_Nitrosomonas_AOB	K04748
N2_Nitrosomonas_AOB	K04750
N2_Nitrosomonas_AOB	K04754
N2_Nitrosomonas_AOB	K04760
N2_Nitrosomonas_AOB	K04762
N2_Nitrosomonas_AOB	K04763
N2_Nitrosomonas_AOB	K04764
N2_Nitrosomonas_AOB	K04770
N2_Nitrosomonas_AOB	K04771
N2_Nitrosomonas_AOB	K04772
N2_Nitrosomonas_AOB	K04773
N2_Nitrosomonas_AOB	K05297
N2_Nitrosomonas_AOB	K05366
N2_Nitrosomonas_AOB	K05515
N2_Nitrosomonas_AOB	K05516
N2_Nitrosomonas_AOB	K05524
N2_Nitrosomonas_AOB	K05527
N2_Nitrosomonas_AOB	K05540
N2_Nitrosomonas_AOB	K05559
N2_Nitrosomonas_AOB	K05560
N2_Nitrosomonas_AOB	K05561
N2_Nitrosomonas_AOB	K05562
N2_Nitrosomonas_AOB	K05563
N2_Nitrosomonas_AOB	K05564
N2_Nitrosomonas_AOB	K05565
N2_Nitrosomonas_AOB	K05566
N2_Nitrosomonas_AOB	K05589
N2_Nitrosomonas_AOB	K05590
N2_Nitrosomonas_AOB	K05685
N2_Nitrosomonas_AOB	K05785
N2_Nitrosomonas_AOB	K05788
N2_Nitrosomonas_AOB	K05797
N2_Nitrosomonas_AOB	K05805
N2_Nitrosomonas_AOB	K05807
N2_Nitrosomonas_AOB	K05808
N2_Nitrosomonas_AOB	K05810
N2_Nitrosomonas_AOB	K05837
N2_Nitrosomonas_AOB	K05896
N2_Nitrosomonas_AOB	K05939
N2_Nitrosomonas_AOB	K05952
N2_Nitrosomonas_AOB	K06006
N2_Nitrosomonas_AOB	K06013
N2_Nitrosomonas_AOB	K06020
N2_Nitrosomonas_AOB	K06023
N2_Nitrosomonas_AOB	K06024
N2_Nitrosomonas_AOB	K06045
N2_Nitrosomonas_AOB	K06076
N2_Nitrosomonas_AOB	K06078
N2_Nitrosomonas_AOB	K06131
N2_Nitrosomonas_AOB	K06134
N2_Nitrosomonas_AOB	K06137
N2_Nitrosomonas_AOB	K06140
N2_Nitrosomonas_AOB	K06142
N2_Nitrosomonas_AOB	K06147
N2_Nitrosomonas_AOB	K06149
N2_Nitrosomonas_AOB	K06153
N2_Nitrosomonas_AOB	K06158
N2_Nitrosomonas_AOB	K06168
N2_Nitrosomonas_AOB	K06173
N2_Nitrosomonas_AOB	K06178
N2_Nitrosomonas_AOB	K06179
N2_Nitrosomonas_AOB	K06180
N2_Nitrosomonas_AOB	K06182
N2_Nitrosomonas_AOB	K06186
N2_Nitrosomonas_AOB	K06189
N2_Nitrosomonas_AOB	K06190
N2_Nitrosomonas_AOB	K06194
N2_Nitrosomonas_AOB	K06195
N2_Nitrosomonas_AOB	K06199
N2_Nitrosomonas_AOB	K06200
N2_Nitrosomonas_AOB	K06204
N2_Nitrosomonas_AOB	K06207
N2_Nitrosomonas_AOB	K06213
N2_Nitrosomonas_AOB	K06217
N2_Nitrosomonas_AOB	K06218
N2_Nitrosomonas_AOB	K06287
N2_Nitrosomonas_AOB	K06320
N2_Nitrosomonas_AOB	K06445
N2_Nitrosomonas_AOB	K06596
N2_Nitrosomonas_AOB	K06603
N2_Nitrosomonas_AOB	K06861
N2_Nitrosomonas_AOB	K06867
N2_Nitrosomonas_AOB	K06872
N2_Nitrosomonas_AOB	K06886
N2_Nitrosomonas_AOB	K06888
N2_Nitrosomonas_AOB	K06889
N2_Nitrosomonas_AOB	K06891
N2_Nitrosomonas_AOB	K06911
N2_Nitrosomonas_AOB	K06915
N2_Nitrosomonas_AOB	K06917
N2_Nitrosomonas_AOB	K06920
N2_Nitrosomonas_AOB	K06923
N2_Nitrosomonas_AOB	K06925
N2_Nitrosomonas_AOB	K06926
N2_Nitrosomonas_AOB	K06941
N2_Nitrosomonas_AOB	K06942
N2_Nitrosomonas_AOB	K06949
N2_Nitrosomonas_AOB	K06958
N2_Nitrosomonas_AOB	K06959
N2_Nitrosomonas_AOB	K06980
N2_Nitrosomonas_AOB	K06992
N2_Nitrosomonas_AOB	K06997
N2_Nitrosomonas_AOB	K06999
N2_Nitrosomonas_AOB	K07001
N2_Nitrosomonas_AOB	K07003
N2_Nitrosomonas_AOB	K07007
N2_Nitrosomonas_AOB	K07012
N2_Nitrosomonas_AOB	K07016
N2_Nitrosomonas_AOB	K07018
N2_Nitrosomonas_AOB	K07019
N2_Nitrosomonas_AOB	K07038
N2_Nitrosomonas_AOB	K07040
N2_Nitrosomonas_AOB	K07042
N2_Nitrosomonas_AOB	K07053
N2_Nitrosomonas_AOB	K07056
N2_Nitrosomonas_AOB	K07062
N2_Nitrosomonas_AOB	K07063
N2_Nitrosomonas_AOB	K07075
N2_Nitrosomonas_AOB	K07082
N2_Nitrosomonas_AOB	K07090
N2_Nitrosomonas_AOB	K07091
N2_Nitrosomonas_AOB	K07100
N2_Nitrosomonas_AOB	K07102
N2_Nitrosomonas_AOB	K07107
N2_Nitrosomonas_AOB	K07112
N2_Nitrosomonas_AOB	K07122
N2_Nitrosomonas_AOB	K07126
N2_Nitrosomonas_AOB	K07133
N2_Nitrosomonas_AOB	K07152
N2_Nitrosomonas_AOB	K07154
N2_Nitrosomonas_AOB	K07156
N2_Nitrosomonas_AOB	K07165
N2_Nitrosomonas_AOB	K07168
N2_Nitrosomonas_AOB	K07171
N2_Nitrosomonas_AOB	K07172
N2_Nitrosomonas_AOB	K07184
N2_Nitrosomonas_AOB	K07221
N2_Nitrosomonas_AOB	K07222
N2_Nitrosomonas_AOB	K07233
N2_Nitrosomonas_AOB	K07234
N2_Nitrosomonas_AOB	K07243
N2_Nitrosomonas_AOB	K07258
N2_Nitrosomonas_AOB	K07259
N2_Nitrosomonas_AOB	K07263
N2_Nitrosomonas_AOB	K07277
N2_Nitrosomonas_AOB	K07278
N2_Nitrosomonas_AOB	K07283
N2_Nitrosomonas_AOB	K07285
N2_Nitrosomonas_AOB	K07287
N2_Nitrosomonas_AOB	K07304
N2_Nitrosomonas_AOB	K07305
N2_Nitrosomonas_AOB	K07316
N2_Nitrosomonas_AOB	K07320
N2_Nitrosomonas_AOB	K07323
N2_Nitrosomonas_AOB	K07334
N2_Nitrosomonas_AOB	K07336
N2_Nitrosomonas_AOB	K07341
N2_Nitrosomonas_AOB	K07390
N2_Nitrosomonas_AOB	K07391
N2_Nitrosomonas_AOB	K07393
N2_Nitrosomonas_AOB	K07396
N2_Nitrosomonas_AOB	K07397
N2_Nitrosomonas_AOB	K07403
N2_Nitrosomonas_AOB	K07447
N2_Nitrosomonas_AOB	K07448
N2_Nitrosomonas_AOB	K07452
N2_Nitrosomonas_AOB	K07460
N2_Nitrosomonas_AOB	K07461
N2_Nitrosomonas_AOB	K07462
N2_Nitrosomonas_AOB	K07478
N2_Nitrosomonas_AOB	K07481
N2_Nitrosomonas_AOB	K07483
N2_Nitrosomonas_AOB	K07487
N2_Nitrosomonas_AOB	K07497
N2_Nitrosomonas_AOB	K07566
N2_Nitrosomonas_AOB	K07568
N2_Nitrosomonas_AOB	K07574
N2_Nitrosomonas_AOB	K07576
N2_Nitrosomonas_AOB	K07636
N2_Nitrosomonas_AOB	K07637
N2_Nitrosomonas_AOB	K07642
N2_Nitrosomonas_AOB	K07649
N2_Nitrosomonas_AOB	K07657
N2_Nitrosomonas_AOB	K07660
N2_Nitrosomonas_AOB	K07664
N2_Nitrosomonas_AOB	K07711
N2_Nitrosomonas_AOB	K07715
N2_Nitrosomonas_AOB	K07726
N2_Nitrosomonas_AOB	K07735
N2_Nitrosomonas_AOB	K07738
N2_Nitrosomonas_AOB	K07746
N2_Nitrosomonas_AOB	K08084
N2_Nitrosomonas_AOB	K08086
N2_Nitrosomonas_AOB	K08218
N2_Nitrosomonas_AOB	K08227
N2_Nitrosomonas_AOB	K08296
N2_Nitrosomonas_AOB	K08300
N2_Nitrosomonas_AOB	K08301
N2_Nitrosomonas_AOB	K08303
N2_Nitrosomonas_AOB	K08304
N2_Nitrosomonas_AOB	K08305
N2_Nitrosomonas_AOB	K08307
N2_Nitrosomonas_AOB	K08309
N2_Nitrosomonas_AOB	K08310
N2_Nitrosomonas_AOB	K08311
N2_Nitrosomonas_AOB	K08316
N2_Nitrosomonas_AOB	K08363
N2_Nitrosomonas_AOB	K08364
N2_Nitrosomonas_AOB	K08365
N2_Nitrosomonas_AOB	K08483
N2_Nitrosomonas_AOB	K08590
N2_Nitrosomonas_AOB	K08591
N2_Nitrosomonas_AOB	K08679
N2_Nitrosomonas_AOB	K08691
N2_Nitrosomonas_AOB	K08692
N2_Nitrosomonas_AOB	K08973
N2_Nitrosomonas_AOB	K08998
N2_Nitrosomonas_AOB	K09001
N2_Nitrosomonas_AOB	K09002
N2_Nitrosomonas_AOB	K09005
N2_Nitrosomonas_AOB	K09007
N2_Nitrosomonas_AOB	K09008
N2_Nitrosomonas_AOB	K09013
N2_Nitrosomonas_AOB	K09014
N2_Nitrosomonas_AOB	K09015
N2_Nitrosomonas_AOB	K09022
N2_Nitrosomonas_AOB	K09117
N2_Nitrosomonas_AOB	K09131
N2_Nitrosomonas_AOB	K09137
N2_Nitrosomonas_AOB	K09158
N2_Nitrosomonas_AOB	K09159
N2_Nitrosomonas_AOB	K09457
N2_Nitrosomonas_AOB	K09458
N2_Nitrosomonas_AOB	K09667
N2_Nitrosomonas_AOB	K09688
N2_Nitrosomonas_AOB	K09689
N2_Nitrosomonas_AOB	K09690
N2_Nitrosomonas_AOB	K09691
N2_Nitrosomonas_AOB	K09700
N2_Nitrosomonas_AOB	K09710
N2_Nitrosomonas_AOB	K09747
N2_Nitrosomonas_AOB	K09748
N2_Nitrosomonas_AOB	K09761
N2_Nitrosomonas_AOB	K09765
N2_Nitrosomonas_AOB	K09767
N2_Nitrosomonas_AOB	K09774
N2_Nitrosomonas_AOB	K09780
N2_Nitrosomonas_AOB	K09790
N2_Nitrosomonas_AOB	K09791
N2_Nitrosomonas_AOB	K09800
N2_Nitrosomonas_AOB	K09801
N2_Nitrosomonas_AOB	K09803
N2_Nitrosomonas_AOB	K09806
N2_Nitrosomonas_AOB	K09808
N2_Nitrosomonas_AOB	K09810
N2_Nitrosomonas_AOB	K09811
N2_Nitrosomonas_AOB	K09812
N2_Nitrosomonas_AOB	K09888
N2_Nitrosomonas_AOB	K09889
N2_Nitrosomonas_AOB	K09891
N2_Nitrosomonas_AOB	K09892
N2_Nitrosomonas_AOB	K09903
N2_Nitrosomonas_AOB	K09921
N2_Nitrosomonas_AOB	K09922
N2_Nitrosomonas_AOB	K09928
N2_Nitrosomonas_AOB	K09933
N2_Nitrosomonas_AOB	K09937
N2_Nitrosomonas_AOB	K09951
N2_Nitrosomonas_AOB	K09978
N2_Nitrosomonas_AOB	K10026
N2_Nitrosomonas_AOB	K10107
N2_Nitrosomonas_AOB	K10208
N2_Nitrosomonas_AOB	K10535
N2_Nitrosomonas_AOB	K10563
N2_Nitrosomonas_AOB	K10680
N2_Nitrosomonas_AOB	K10763
N2_Nitrosomonas_AOB	K10764
N2_Nitrosomonas_AOB	K10773
N2_Nitrosomonas_AOB	K10804
N2_Nitrosomonas_AOB	K10914
N2_Nitrosomonas_AOB	K10942
N2_Nitrosomonas_AOB	K10943
N2_Nitrosomonas_AOB	K10954
N2_Nitrosomonas_AOB	K10961
N2_Nitrosomonas_AOB	K10966
N2_Nitrosomonas_AOB	K11070
N2_Nitrosomonas_AOB	K11071
N2_Nitrosomonas_AOB	K11072
N2_Nitrosomonas_AOB	K11175
N2_Nitrosomonas_AOB	K11206
N2_Nitrosomonas_AOB	K11312
N2_Nitrosomonas_AOB	K11472
N2_Nitrosomonas_AOB	K11473
N2_Nitrosomonas_AOB	K11529
N2_Nitrosomonas_AOB	K11530
N2_Nitrosomonas_AOB	K11717
N2_Nitrosomonas_AOB	K11719
N2_Nitrosomonas_AOB	K11720
N2_Nitrosomonas_AOB	K11741
N2_Nitrosomonas_AOB	K11749
N2_Nitrosomonas_AOB	K11752
N2_Nitrosomonas_AOB	K11753
N2_Nitrosomonas_AOB	K11754
N2_Nitrosomonas_AOB	K11927
N2_Nitrosomonas_AOB	K11991
N2_Nitrosomonas_AOB	K12152
N2_Nitrosomonas_AOB	K12267
N2_Nitrosomonas_AOB	K12339
N2_Nitrosomonas_AOB	K12340
N2_Nitrosomonas_AOB	K12541
N2_Nitrosomonas_AOB	K12542
N2_Nitrosomonas_AOB	K12573
N2_Nitrosomonas_AOB	K12630
N2_Nitrosomonas_AOB	K12634
N2_Nitrosomonas_AOB	K12953
N2_Nitrosomonas_AOB	K13004
N2_Nitrosomonas_AOB	K13012
N2_Nitrosomonas_AOB	K13038
N2_Nitrosomonas_AOB	K13288
N2_Nitrosomonas_AOB	K13292
N2_Nitrosomonas_AOB	K13590
N2_Nitrosomonas_AOB	K13598
N2_Nitrosomonas_AOB	K13628
N2_Nitrosomonas_AOB	K13634
N2_Nitrosomonas_AOB	K13635
N2_Nitrosomonas_AOB	K13643
N2_Nitrosomonas_AOB	K13670
N2_Nitrosomonas_AOB	K13694
N2_Nitrosomonas_AOB	K13771
N2_Nitrosomonas_AOB	K13788
N2_Nitrosomonas_AOB	K13829
N2_Nitrosomonas_AOB	K13888
N2_Nitrosomonas_AOB	K13926
N2_Nitrosomonas_AOB	K13979
N2_Nitrosomonas_AOB	K13993
N2_Nitrosomonas_AOB	K14058
N2_Nitrosomonas_AOB	K14060
N2_Nitrosomonas_AOB	K14067
N2_Nitrosomonas_AOB	K14155
N2_Nitrosomonas_AOB	K14170
N2_Nitrosomonas_AOB	K14260
N2_Nitrosomonas_AOB	K14371
N2_Nitrosomonas_AOB	K14373
N2_Nitrosomonas_AOB	K14441
N2_Nitrosomonas_AOB	K14645
N2_Nitrosomonas_AOB	K14652
N2_Nitrosomonas_AOB	K14682
N2_Nitrosomonas_AOB	K14742
N2_Nitrosomonas_AOB	K14746
N2_Nitrosomonas_AOB	K14998
N2_Nitrosomonas_AOB	K15011
N2_Nitrosomonas_AOB	K15012
N2_Nitrosomonas_AOB	K15342
N2_Nitrosomonas_AOB	K15523
N2_Nitrosomonas_AOB	K15539
N2_Nitrosomonas_AOB	K15557
N2_Nitrosomonas_AOB	K15558
N2_Nitrosomonas_AOB	K15724
N2_Nitrosomonas_AOB	K15725
N2_Nitrosomonas_AOB	K15726
N2_Nitrosomonas_AOB	K15727
N2_Nitrosomonas_AOB	K15738
N2_Nitrosomonas_AOB	K15753
N2_Nitrosomonas_AOB	K15773
N2_Nitrosomonas_AOB	K15777
N2_Nitrosomonas_AOB	K15778
N2_Nitrosomonas_AOB	K15932
N2_Nitrosomonas_AOB	K15956
N2_Nitrosomonas_AOB	K15977
N2_Nitrosomonas_AOB	K15987
N2_Nitrosomonas_AOB	K16011
N2_Nitrosomonas_AOB	K16030
N2_Nitrosomonas_AOB	K16032
N2_Nitrosomonas_AOB	K16087
N2_Nitrosomonas_AOB	K16088
N2_Nitrosomonas_AOB	K16090
N2_Nitrosomonas_AOB	K16092
N2_Nitrosomonas_AOB	K16106
N2_Nitrosomonas_AOB	K16108
N2_Nitrosomonas_AOB	K16109
N2_Nitrosomonas_AOB	K16110
N2_Nitrosomonas_AOB	K16111
N2_Nitrosomonas_AOB	K16112
N2_Nitrosomonas_AOB	K16116
N2_Nitrosomonas_AOB	K16117
N2_Nitrosomonas_AOB	K16267
N2_Nitrosomonas_AOB	K16291
N2_Nitrosomonas_AOB	K16348
N2_Nitrosomonas_AOB	K16399
N2_Nitrosomonas_AOB	K16418
N2_Nitrosomonas_AOB	K16419
N2_Nitrosomonas_AOB	K16450
N2_Nitrosomonas_AOB	K16692
N2_Nitrosomonas_AOB	K16870
N2_Nitrosomonas_AOB	K16898
N2_Nitrosomonas_AOB	K16899
N2_Nitrosomonas_AOB	K17103
N2_Nitrosomonas_AOB	K17686
N2_Nitrosomonas_AOB	K17713
N2_Nitrosomonas_AOB	K17725
N2_Nitrosomonas_AOB	K17832
N2_Nitrosomonas_AOB	K18094
N2_Nitrosomonas_AOB	K18095
N2_Nitrosomonas_AOB	K18129
N2_Nitrosomonas_AOB	K18138
N2_Nitrosomonas_AOB	K18139
N2_Nitrosomonas_AOB	K18480
N2_Nitrosomonas_AOB	K18535
N2_Nitrosomonas_AOB	K18581
N2_Nitrosomonas_AOB	K18587
N2_Nitrosomonas_AOB	K18588
N2_Nitrosomonas_AOB	K18778
N2_Nitrosomonas_AOB	K18799
N2_Nitrosomonas_AOB	K18800
N2_Nitrosomonas_AOB	K18825
N2_Nitrosomonas_AOB	K18828
N2_Nitrosomonas_AOB	K18829
N2_Nitrosomonas_AOB	K18831
N2_Nitrosomonas_AOB	K18841
N2_Nitrosomonas_AOB	K18893
N2_Nitrosomonas_AOB	K18904
N2_Nitrosomonas_AOB	K18918
N2_Nitrosomonas_AOB	K18923
N2_Nitrosomonas_AOB	K18997
N2_Nitrosomonas_AOB	K19000
N2_Nitrosomonas_AOB	K19057
N2_Nitrosomonas_AOB	K19058
N2_Nitrosomonas_AOB	K19059
N2_Nitrosomonas_AOB	K19092
N2_Nitrosomonas_AOB	K19138
N2_Nitrosomonas_AOB	K19139
N2_Nitrosomonas_AOB	K19140
N2_Nitrosomonas_AOB	K19145
N2_Nitrosomonas_AOB	K19147
N2_Nitrosomonas_AOB	K19155
N2_Nitrosomonas_AOB	K19156
N2_Nitrosomonas_AOB	K19158
N2_Nitrosomonas_AOB	K19159
N2_Nitrosomonas_AOB	K19163
N2_Nitrosomonas_AOB	K19164
N2_Nitrosomonas_AOB	K19166
N2_Nitrosomonas_AOB	K19168
N2_Nitrosomonas_AOB	K19191
N2_Nitrosomonas_AOB	K19221
N2_Nitrosomonas_AOB	K19222
N2_Nitrosomonas_AOB	K19294
N2_Nitrosomonas_AOB	K19295
N2_Nitrosomonas_AOB	K19304
N2_Nitrosomonas_AOB	K19416
N2_Nitrosomonas_AOB	K19585
N2_Nitrosomonas_AOB	K19586
N2_Nitrosomonas_AOB	K19653
N2_Nitrosomonas_AOB	K19882
N2_Nitrosomonas_AOB	K19960
N2_Nitrosomonas_AOB	K19961
N2_Nitrosomonas_AOB	K19962
N2_Nitrosomonas_AOB	K20200
N2_Nitrosomonas_AOB	K20386
N2_Nitrosomonas_AOB	K20567
N2_Nitrosomonas_AOB	K20572
N2_Nitrosomonas_AOB	K20615
N2_Nitrosomonas_AOB	K20707
N2_Nitrosomonas_AOB	K20976
N2_Nitrosomonas_AOB	K21023
N2_Nitrosomonas_AOB	K21029
N2_Nitrosomonas_AOB	K21071
N2_Nitrosomonas_AOB	K21087
N2_Nitrosomonas_AOB	K21101
N2_Nitrosomonas_AOB	K21140
N2_Nitrosomonas_AOB	K21147
N2_Nitrosomonas_AOB	K21254
N2_Nitrosomonas_AOB	K21320
N2_Nitrosomonas_AOB	K21326
N2_Nitrosomonas_AOB	K21420
N2_Nitrosomonas_AOB	K21430
N2_Nitrosomonas_AOB	K21470
N2_Nitrosomonas_AOB	K21472
N2_Nitrosomonas_AOB	K21495
N2_Nitrosomonas_AOB	K21498
N2_Nitrosomonas_AOB	K21703
N2_Nitrosomonas_AOB	K21836
N2_Nitrosomonas_AOB	K21900
N2_Nitrosomonas_AOB	K21929
N2_Nitrosomonas_AOB	K22042
N2_Nitrosomonas_AOB	K22278
N2_Nitrosomonas_AOB	K22292
N2_Nitrosomonas_AOB	K22349
N2_Nitrosomonas_AOB	K22362
N2_Nitrosomonas_AOB	K22441
N2_Nitrosomonas_AOB	K22451
N2_Nitrosomonas_AOB	K22719
N2_Nitrosomonas_AOB	K22736
N2_Nitrosomonas_AOB	K22747
N2_Nitrosomonas_AOB	K23101
N2_Nitrosomonas_AOB	K23102
N2_Nitrosomonas_AOB	K23104
N2_Nitrosomonas_AOB	K23130
N2_Nitrosomonas_AOB	K23163
N2_Nitrosomonas_AOB	K23202
N2_Nitrosomonas_AOB	K23229
N2_Nitrosomonas_AOB	K23230
N2_Nitrosomonas_AOB	K23250
N2_Nitrosomonas_AOB	K23365
N2_Nitrosomonas_AOB	K23367
N2_Nitrosomonas_AOB	K23397
N2_Nitrosomonas_AOB	K23514
N2_Nitrosomonas_AOB	K23541
N2_Nitrosomonas_AOB	K23738
N2_Nitrosomonas_AOB	K23744
N2_Nitrosomonas_AOB	K23997
N2_Nitrosomonas_AOB	K24119
N2_Nitrosomonas_AOB	K24245
N2_Nitrosomonas_AOB	K24300
N2_Nitrosomonas_AOB	K24310
N2_Nitrosomonas_AOB	K24312
N2_Nitrosomonas_AOB	K24528
N2_Nitrosomonas_AOB	K24557
N2_Nitrosomonas_AOB	K24558
N2_Nitrosomonas_AOB	K24559
N2_Nitrosomonas_AOB	K24567
N2_Nitrosomonas_AOB	K24568
N2_Nitrosomonas_AOB	K24569
N2_Nitrosomonas_AOB	K24649
N2_Nitrosomonas_AOB	K24866
N2_Nitrosomonas_AOB	K25137
N2_Nitrosomonas_AOB	K25152
N2_Nitrosomonas_AOB	K25153
N2_Nitrosomonas_AOB	K25181
N2_Nitrosomonas_AOB	K25182
N2_Nitrosomonas_AOB	K25183
N2_Nitrosomonas_AOB	K25307
N2_Nitrosomonas_AOB	K25422
N2_Nitrosomonas_AOB	K25590
N2_Nitrosomonas_AOB	K25706
N2_Nitrosomonas_AOB	K26217
N2_Nitrosomonas_AOB	K26569
N2_Nitrosomonas_AOB	K26576
N2_Nitrosomonas_AOB	K27305
N2_Nitrosomonas_AOB	K27802
N2_Nitrosomonas_AOB	K28014
N2_Nitrosomonas_AOB	K28186
N2_Nitrosomonas_AOB	K28187
N2_Nitrosomonas_AOB	K28280
N2_Nitrosomonas_AOB	K28369
N2_Nitrosomonas_AOB	K28462
N2_Nitrosomonas_AOB	K28504
N2_Nitrosomonas_AOB	K28560
N2_Nitrosomonas_AOB	K28561
N2_Nitrosomonas_AOB	K28568
N2_Nitrosomonas_AOB	K28569
N2_Nitrosomonas_AOB	K28570
N2_Nitrosomonas_AOB	K28588
N2_Nitrosomonas_AOB	K28589
N2_Nitrosomonas_AOB	K28640
N2_Nitrosomonas_AOB	K28641
N2_Nitrosomonas_AOB	K28692
N2_Nitrosomonas_AOB	K28693
N2_Nitrosomonas_AOB	K28842
N3_Nitrospina_NOB	K00003
N3_Nitrospina_NOB	K00012
N3_Nitrospina_NOB	K00013
N3_Nitrospina_NOB	K00014
N3_Nitrospina_NOB	K00015
N3_Nitrospina_NOB	K00031
N3_Nitrospina_NOB	K00033
N3_Nitrospina_NOB	K00036
N3_Nitrospina_NOB	K00052
N3_Nitrospina_NOB	K00053
N3_Nitrospina_NOB	K00057
N3_Nitrospina_NOB	K00058
N3_Nitrospina_NOB	K00059
N3_Nitrospina_NOB	K00067
N3_Nitrospina_NOB	K00074
N3_Nitrospina_NOB	K00075
N3_Nitrospina_NOB	K00077
N3_Nitrospina_NOB	K00088
N3_Nitrospina_NOB	K00091
N3_Nitrospina_NOB	K00097
N3_Nitrospina_NOB	K00099
N3_Nitrospina_NOB	K00133
N3_Nitrospina_NOB	K00134
N3_Nitrospina_NOB	K00145
N3_Nitrospina_NOB	K00147
N3_Nitrospina_NOB	K00163
N3_Nitrospina_NOB	K00169
N3_Nitrospina_NOB	K00215
N3_Nitrospina_NOB	K00231
N3_Nitrospina_NOB	K00239
N3_Nitrospina_NOB	K00240
N3_Nitrospina_NOB	K00241
N3_Nitrospina_NOB	K00259
N3_Nitrospina_NOB	K00261
N3_Nitrospina_NOB	K00262
N3_Nitrospina_NOB	K00265
N3_Nitrospina_NOB	K00266
N3_Nitrospina_NOB	K00278
N3_Nitrospina_NOB	K00282
N3_Nitrospina_NOB	K00283
N3_Nitrospina_NOB	K00286
N3_Nitrospina_NOB	K00297
N3_Nitrospina_NOB	K00324
N3_Nitrospina_NOB	K00325
N3_Nitrospina_NOB	K00330
N3_Nitrospina_NOB	K00331
N3_Nitrospina_NOB	K00332
N3_Nitrospina_NOB	K00333
N3_Nitrospina_NOB	K00334
N3_Nitrospina_NOB	K00335
N3_Nitrospina_NOB	K00337
N3_Nitrospina_NOB	K00338
N3_Nitrospina_NOB	K00339
N3_Nitrospina_NOB	K00340
N3_Nitrospina_NOB	K00341
N3_Nitrospina_NOB	K00342
N3_Nitrospina_NOB	K00343
N3_Nitrospina_NOB	K00344
N3_Nitrospina_NOB	K00363
N3_Nitrospina_NOB	K00366
N3_Nitrospina_NOB	K00368
N3_Nitrospina_NOB	K00370
N3_Nitrospina_NOB	K00371
N3_Nitrospina_NOB	K00382
N3_Nitrospina_NOB	K00384
N3_Nitrospina_NOB	K00390
N3_Nitrospina_NOB	K00404
N3_Nitrospina_NOB	K00405
N3_Nitrospina_NOB	K00406
N3_Nitrospina_NOB	K00425
N3_Nitrospina_NOB	K00428
N3_Nitrospina_NOB	K00449
N3_Nitrospina_NOB	K00451
N3_Nitrospina_NOB	K00507
N3_Nitrospina_NOB	K00525
N3_Nitrospina_NOB	K00537
N3_Nitrospina_NOB	K00548
N3_Nitrospina_NOB	K00554
N3_Nitrospina_NOB	K00558
N3_Nitrospina_NOB	K00566
N3_Nitrospina_NOB	K00567
N3_Nitrospina_NOB	K00570
N3_Nitrospina_NOB	K00573
N3_Nitrospina_NOB	K00574
N3_Nitrospina_NOB	K00600
N3_Nitrospina_NOB	K00602
N3_Nitrospina_NOB	K00604
N3_Nitrospina_NOB	K00605
N3_Nitrospina_NOB	K00606
N3_Nitrospina_NOB	K00609
N3_Nitrospina_NOB	K00611
N3_Nitrospina_NOB	K00612
N3_Nitrospina_NOB	K00615
N3_Nitrospina_NOB	K00616
N3_Nitrospina_NOB	K00620
N3_Nitrospina_NOB	K00626
N3_Nitrospina_NOB	K00639
N3_Nitrospina_NOB	K00640
N3_Nitrospina_NOB	K00645
N3_Nitrospina_NOB	K00648
N3_Nitrospina_NOB	K00655
N3_Nitrospina_NOB	K00675
N3_Nitrospina_NOB	K00677
N3_Nitrospina_NOB	K00681
N3_Nitrospina_NOB	K00688
N3_Nitrospina_NOB	K00695
N3_Nitrospina_NOB	K00696
N3_Nitrospina_NOB	K00703
N3_Nitrospina_NOB	K00721
N3_Nitrospina_NOB	K00748
N3_Nitrospina_NOB	K00759
N3_Nitrospina_NOB	K00762
N3_Nitrospina_NOB	K00763
N3_Nitrospina_NOB	K00764
N3_Nitrospina_NOB	K00765
N3_Nitrospina_NOB	K00766
N3_Nitrospina_NOB	K00767
N3_Nitrospina_NOB	K00768
N3_Nitrospina_NOB	K00772
N3_Nitrospina_NOB	K00773
N3_Nitrospina_NOB	K00784
N3_Nitrospina_NOB	K00788
N3_Nitrospina_NOB	K00789
N3_Nitrospina_NOB	K00790
N3_Nitrospina_NOB	K00791
N3_Nitrospina_NOB	K00793
N3_Nitrospina_NOB	K00794
N3_Nitrospina_NOB	K00796
N3_Nitrospina_NOB	K00798
N3_Nitrospina_NOB	K00800
N3_Nitrospina_NOB	K00801
N3_Nitrospina_NOB	K00806
N3_Nitrospina_NOB	K00809
N3_Nitrospina_NOB	K00812
N3_Nitrospina_NOB	K00817
N3_Nitrospina_NOB	K00819
N3_Nitrospina_NOB	K00820
N3_Nitrospina_NOB	K00821
N3_Nitrospina_NOB	K00826
N3_Nitrospina_NOB	K00833
N3_Nitrospina_NOB	K00845
N3_Nitrospina_NOB	K00856
N3_Nitrospina_NOB	K00858
N3_Nitrospina_NOB	K00859
N3_Nitrospina_NOB	K00891
N3_Nitrospina_NOB	K00912
N3_Nitrospina_NOB	K00919
N3_Nitrospina_NOB	K00926
N3_Nitrospina_NOB	K00927
N3_Nitrospina_NOB	K00928
N3_Nitrospina_NOB	K00930
N3_Nitrospina_NOB	K00931
N3_Nitrospina_NOB	K00939
N3_Nitrospina_NOB	K00940
N3_Nitrospina_NOB	K00941
N3_Nitrospina_NOB	K00943
N3_Nitrospina_NOB	K00945
N3_Nitrospina_NOB	K00946
N3_Nitrospina_NOB	K00948
N3_Nitrospina_NOB	K00950
N3_Nitrospina_NOB	K00954
N3_Nitrospina_NOB	K00957
N3_Nitrospina_NOB	K00962
N3_Nitrospina_NOB	K00963
N3_Nitrospina_NOB	K00965
N3_Nitrospina_NOB	K00969
N3_Nitrospina_NOB	K00971
N3_Nitrospina_NOB	K00973
N3_Nitrospina_NOB	K00975
N3_Nitrospina_NOB	K00981
N3_Nitrospina_NOB	K00982
N3_Nitrospina_NOB	K00989
N3_Nitrospina_NOB	K00990
N3_Nitrospina_NOB	K00991
N3_Nitrospina_NOB	K00992
N3_Nitrospina_NOB	K00997
N3_Nitrospina_NOB	K01000
N3_Nitrospina_NOB	K01006
N3_Nitrospina_NOB	K01011
N3_Nitrospina_NOB	K01012
N3_Nitrospina_NOB	K01056
N3_Nitrospina_NOB	K01057
N3_Nitrospina_NOB	K01061
N3_Nitrospina_NOB	K01069
N3_Nitrospina_NOB	K01079
N3_Nitrospina_NOB	K01091
N3_Nitrospina_NOB	K01092
N3_Nitrospina_NOB	K01129
N3_Nitrospina_NOB	K01139
N3_Nitrospina_NOB	K01142
N3_Nitrospina_NOB	K01159
N3_Nitrospina_NOB	K01160
N3_Nitrospina_NOB	K01207
N3_Nitrospina_NOB	K01214
N3_Nitrospina_NOB	K01243
N3_Nitrospina_NOB	K01247
N3_Nitrospina_NOB	K01251
N3_Nitrospina_NOB	K01255
N3_Nitrospina_NOB	K01265
N3_Nitrospina_NOB	K01297
N3_Nitrospina_NOB	K01299
N3_Nitrospina_NOB	K01338
N3_Nitrospina_NOB	K01356
N3_Nitrospina_NOB	K01358
N3_Nitrospina_NOB	K01419
N3_Nitrospina_NOB	K01423
N3_Nitrospina_NOB	K01426
N3_Nitrospina_NOB	K01448
N3_Nitrospina_NOB	K01462
N3_Nitrospina_NOB	K01465
N3_Nitrospina_NOB	K01468
N3_Nitrospina_NOB	K01469
N3_Nitrospina_NOB	K01479
N3_Nitrospina_NOB	K01482
N3_Nitrospina_NOB	K01491
N3_Nitrospina_NOB	K01494
N3_Nitrospina_NOB	K01495
N3_Nitrospina_NOB	K01496
N3_Nitrospina_NOB	K01497
N3_Nitrospina_NOB	K01507
N3_Nitrospina_NOB	K01512
N3_Nitrospina_NOB	K01519
N3_Nitrospina_NOB	K01520
N3_Nitrospina_NOB	K01524
N3_Nitrospina_NOB	K01533
N3_Nitrospina_NOB	K01563
N3_Nitrospina_NOB	K01579
N3_Nitrospina_NOB	K01585
N3_Nitrospina_NOB	K01586
N3_Nitrospina_NOB	K01588
N3_Nitrospina_NOB	K01589
N3_Nitrospina_NOB	K01591
N3_Nitrospina_NOB	K01599
N3_Nitrospina_NOB	K01610
N3_Nitrospina_NOB	K01613
N3_Nitrospina_NOB	K01620
N3_Nitrospina_NOB	K01624
N3_Nitrospina_NOB	K01625
N3_Nitrospina_NOB	K01627
N3_Nitrospina_NOB	K01647
N3_Nitrospina_NOB	K01649
N3_Nitrospina_NOB	K01652
N3_Nitrospina_NOB	K01653
N3_Nitrospina_NOB	K01657
N3_Nitrospina_NOB	K01658
N3_Nitrospina_NOB	K01662
N3_Nitrospina_NOB	K01664
N3_Nitrospina_NOB	K01666
N3_Nitrospina_NOB	K01669
N3_Nitrospina_NOB	K01673
N3_Nitrospina_NOB	K01679
N3_Nitrospina_NOB	K01687
N3_Nitrospina_NOB	K01689
N3_Nitrospina_NOB	K01693
N3_Nitrospina_NOB	K01695
N3_Nitrospina_NOB	K01696
N3_Nitrospina_NOB	K01698
N3_Nitrospina_NOB	K01703
N3_Nitrospina_NOB	K01704
N3_Nitrospina_NOB	K01710
N3_Nitrospina_NOB	K01711
N3_Nitrospina_NOB	K01712
N3_Nitrospina_NOB	K01714
N3_Nitrospina_NOB	K01719
N3_Nitrospina_NOB	K01720
N3_Nitrospina_NOB	K01724
N3_Nitrospina_NOB	K01725
N3_Nitrospina_NOB	K01726
N3_Nitrospina_NOB	K01733
N3_Nitrospina_NOB	K01735
N3_Nitrospina_NOB	K01736
N3_Nitrospina_NOB	K01737
N3_Nitrospina_NOB	K01738
N3_Nitrospina_NOB	K01745
N3_Nitrospina_NOB	K01749
N3_Nitrospina_NOB	K01755
N3_Nitrospina_NOB	K01756
N3_Nitrospina_NOB	K01759
N3_Nitrospina_NOB	K01768
N3_Nitrospina_NOB	K01770
N3_Nitrospina_NOB	K01772
N3_Nitrospina_NOB	K01775
N3_Nitrospina_NOB	K01778
N3_Nitrospina_NOB	K01783
N3_Nitrospina_NOB	K01790
N3_Nitrospina_NOB	K01803
N3_Nitrospina_NOB	K01808
N3_Nitrospina_NOB	K01810
N3_Nitrospina_NOB	K01814
N3_Nitrospina_NOB	K01817
N3_Nitrospina_NOB	K01823
N3_Nitrospina_NOB	K01834
N3_Nitrospina_NOB	K01841
N3_Nitrospina_NOB	K01843
N3_Nitrospina_NOB	K01845
N3_Nitrospina_NOB	K01866
N3_Nitrospina_NOB	K01867
N3_Nitrospina_NOB	K01868
N3_Nitrospina_NOB	K01869
N3_Nitrospina_NOB	K01870
N3_Nitrospina_NOB	K01872
N3_Nitrospina_NOB	K01873
N3_Nitrospina_NOB	K01874
N3_Nitrospina_NOB	K01875
N3_Nitrospina_NOB	K01876
N3_Nitrospina_NOB	K01878
N3_Nitrospina_NOB	K01879
N3_Nitrospina_NOB	K01881
N3_Nitrospina_NOB	K01883
N3_Nitrospina_NOB	K01885
N3_Nitrospina_NOB	K01886
N3_Nitrospina_NOB	K01887
N3_Nitrospina_NOB	K01889
N3_Nitrospina_NOB	K01890
N3_Nitrospina_NOB	K01892
N3_Nitrospina_NOB	K01893
N3_Nitrospina_NOB	K01895
N3_Nitrospina_NOB	K01902
N3_Nitrospina_NOB	K01903
N3_Nitrospina_NOB	K01907
N3_Nitrospina_NOB	K01915
N3_Nitrospina_NOB	K01918
N3_Nitrospina_NOB	K01921
N3_Nitrospina_NOB	K01923
N3_Nitrospina_NOB	K01924
N3_Nitrospina_NOB	K01928
N3_Nitrospina_NOB	K01929
N3_Nitrospina_NOB	K01933
N3_Nitrospina_NOB	K01934
N3_Nitrospina_NOB	K01935
N3_Nitrospina_NOB	K01937
N3_Nitrospina_NOB	K01939
N3_Nitrospina_NOB	K01940
N3_Nitrospina_NOB	K01945
N3_Nitrospina_NOB	K01950
N3_Nitrospina_NOB	K01951
N3_Nitrospina_NOB	K01953
N3_Nitrospina_NOB	K01955
N3_Nitrospina_NOB	K01956
N3_Nitrospina_NOB	K01962
N3_Nitrospina_NOB	K01963
N3_Nitrospina_NOB	K01972
N3_Nitrospina_NOB	K01975
N3_Nitrospina_NOB	K01990
N3_Nitrospina_NOB	K01992
N3_Nitrospina_NOB	K01999
N3_Nitrospina_NOB	K02003
N3_Nitrospina_NOB	K02004
N3_Nitrospina_NOB	K02005
N3_Nitrospina_NOB	K02013
N3_Nitrospina_NOB	K02014
N3_Nitrospina_NOB	K02016
N3_Nitrospina_NOB	K02017
N3_Nitrospina_NOB	K02018
N3_Nitrospina_NOB	K02019
N3_Nitrospina_NOB	K02020
N3_Nitrospina_NOB	K02028
N3_Nitrospina_NOB	K02029
N3_Nitrospina_NOB	K02030
N3_Nitrospina_NOB	K02031
N3_Nitrospina_NOB	K02032
N3_Nitrospina_NOB	K02033
N3_Nitrospina_NOB	K02034
N3_Nitrospina_NOB	K02035
N3_Nitrospina_NOB	K02036
N3_Nitrospina_NOB	K02037
N3_Nitrospina_NOB	K02038
N3_Nitrospina_NOB	K02039
N3_Nitrospina_NOB	K02040
N3_Nitrospina_NOB	K02041
N3_Nitrospina_NOB	K02042
N3_Nitrospina_NOB	K02044
N3_Nitrospina_NOB	K02065
N3_Nitrospina_NOB	K02066
N3_Nitrospina_NOB	K02067
N3_Nitrospina_NOB	K02068
N3_Nitrospina_NOB	K02069
N3_Nitrospina_NOB	K02078
N3_Nitrospina_NOB	K02108
N3_Nitrospina_NOB	K02109
N3_Nitrospina_NOB	K02111
N3_Nitrospina_NOB	K02112
N3_Nitrospina_NOB	K02113
N3_Nitrospina_NOB	K02114
N3_Nitrospina_NOB	K02115
N3_Nitrospina_NOB	K02116
N3_Nitrospina_NOB	K02168
N3_Nitrospina_NOB	K02169
N3_Nitrospina_NOB	K02193
N3_Nitrospina_NOB	K02194
N3_Nitrospina_NOB	K02195
N3_Nitrospina_NOB	K02197
N3_Nitrospina_NOB	K02198
N3_Nitrospina_NOB	K02199
N3_Nitrospina_NOB	K02200
N3_Nitrospina_NOB	K02203
N3_Nitrospina_NOB	K02221
N3_Nitrospina_NOB	K02224
N3_Nitrospina_NOB	K02231
N3_Nitrospina_NOB	K02232
N3_Nitrospina_NOB	K02233
N3_Nitrospina_NOB	K02234
N3_Nitrospina_NOB	K02238
N3_Nitrospina_NOB	K02242
N3_Nitrospina_NOB	K02303
N3_Nitrospina_NOB	K02305
N3_Nitrospina_NOB	K02313
N3_Nitrospina_NOB	K02314
N3_Nitrospina_NOB	K02315
N3_Nitrospina_NOB	K02316
N3_Nitrospina_NOB	K02335
N3_Nitrospina_NOB	K02337
N3_Nitrospina_NOB	K02338
N3_Nitrospina_NOB	K02340
N3_Nitrospina_NOB	K02341
N3_Nitrospina_NOB	K02343
N3_Nitrospina_NOB	K02346
N3_Nitrospina_NOB	K02355
N3_Nitrospina_NOB	K02356
N3_Nitrospina_NOB	K02357
N3_Nitrospina_NOB	K02358
N3_Nitrospina_NOB	K02372
N3_Nitrospina_NOB	K02377
N3_Nitrospina_NOB	K02386
N3_Nitrospina_NOB	K02387
N3_Nitrospina_NOB	K02388
N3_Nitrospina_NOB	K02389
N3_Nitrospina_NOB	K02390
N3_Nitrospina_NOB	K02391
N3_Nitrospina_NOB	K02392
N3_Nitrospina_NOB	K02393
N3_Nitrospina_NOB	K02394
N3_Nitrospina_NOB	K02395
N3_Nitrospina_NOB	K02396
N3_Nitrospina_NOB	K02397
N3_Nitrospina_NOB	K02398
N3_Nitrospina_NOB	K02399
N3_Nitrospina_NOB	K02400
N3_Nitrospina_NOB	K02401
N3_Nitrospina_NOB	K02404
N3_Nitrospina_NOB	K02405
N3_Nitrospina_NOB	K02406
N3_Nitrospina_NOB	K02407
N3_Nitrospina_NOB	K02408
N3_Nitrospina_NOB	K02409
N3_Nitrospina_NOB	K02410
N3_Nitrospina_NOB	K02411
N3_Nitrospina_NOB	K02412
N3_Nitrospina_NOB	K02413
N3_Nitrospina_NOB	K02414
N3_Nitrospina_NOB	K02415
N3_Nitrospina_NOB	K02416
N3_Nitrospina_NOB	K02417
N3_Nitrospina_NOB	K02418
N3_Nitrospina_NOB	K02419
N3_Nitrospina_NOB	K02420
N3_Nitrospina_NOB	K02421
N3_Nitrospina_NOB	K02422
N3_Nitrospina_NOB	K02423
N3_Nitrospina_NOB	K02424
N3_Nitrospina_NOB	K02433
N3_Nitrospina_NOB	K02434
N3_Nitrospina_NOB	K02435
N3_Nitrospina_NOB	K02437
N3_Nitrospina_NOB	K02439
N3_Nitrospina_NOB	K02450
N3_Nitrospina_NOB	K02454
N3_Nitrospina_NOB	K02455
N3_Nitrospina_NOB	K02469
N3_Nitrospina_NOB	K02470
N3_Nitrospina_NOB	K02481
N3_Nitrospina_NOB	K02482
N3_Nitrospina_NOB	K02483
N3_Nitrospina_NOB	K02484
N3_Nitrospina_NOB	K02492
N3_Nitrospina_NOB	K02493
N3_Nitrospina_NOB	K02495
N3_Nitrospina_NOB	K02497
N3_Nitrospina_NOB	K02500
N3_Nitrospina_NOB	K02501
N3_Nitrospina_NOB	K02503
N3_Nitrospina_NOB	K02510
N3_Nitrospina_NOB	K02517
N3_Nitrospina_NOB	K02518
N3_Nitrospina_NOB	K02519
N3_Nitrospina_NOB	K02520
N3_Nitrospina_NOB	K02523
N3_Nitrospina_NOB	K02527
N3_Nitrospina_NOB	K02528
N3_Nitrospina_NOB	K02535
N3_Nitrospina_NOB	K02536
N3_Nitrospina_NOB	K02556
N3_Nitrospina_NOB	K02557
N3_Nitrospina_NOB	K02558
N3_Nitrospina_NOB	K02563
N3_Nitrospina_NOB	K02573
N3_Nitrospina_NOB	K02575
N3_Nitrospina_NOB	K02598
N3_Nitrospina_NOB	K02600
N3_Nitrospina_NOB	K02601
N3_Nitrospina_NOB	K02619
N3_Nitrospina_NOB	K02636
N3_Nitrospina_NOB	K02650
N3_Nitrospina_NOB	K02652
N3_Nitrospina_NOB	K02653
N3_Nitrospina_NOB	K02662
N3_Nitrospina_NOB	K02663
N3_Nitrospina_NOB	K02664
N3_Nitrospina_NOB	K02666
N3_Nitrospina_NOB	K02667
N3_Nitrospina_NOB	K02668
N3_Nitrospina_NOB	K02669
N3_Nitrospina_NOB	K02672
N3_Nitrospina_NOB	K02806
N3_Nitrospina_NOB	K02825
N3_Nitrospina_NOB	K02834
N3_Nitrospina_NOB	K02835
N3_Nitrospina_NOB	K02836
N3_Nitrospina_NOB	K02838
N3_Nitrospina_NOB	K02841
N3_Nitrospina_NOB	K02843
N3_Nitrospina_NOB	K02847
N3_Nitrospina_NOB	K02860
N3_Nitrospina_NOB	K02863
N3_Nitrospina_NOB	K02864
N3_Nitrospina_NOB	K02867
N3_Nitrospina_NOB	K02871
N3_Nitrospina_NOB	K02874
N3_Nitrospina_NOB	K02876
N3_Nitrospina_NOB	K02878
N3_Nitrospina_NOB	K02879
N3_Nitrospina_NOB	K02881
N3_Nitrospina_NOB	K02884
N3_Nitrospina_NOB	K02886
N3_Nitrospina_NOB	K02887
N3_Nitrospina_NOB	K02888
N3_Nitrospina_NOB	K02890
N3_Nitrospina_NOB	K02892
N3_Nitrospina_NOB	K02895
N3_Nitrospina_NOB	K02897
N3_Nitrospina_NOB	K02899
N3_Nitrospina_NOB	K02902
N3_Nitrospina_NOB	K02904
N3_Nitrospina_NOB	K02906
N3_Nitrospina_NOB	K02909
N3_Nitrospina_NOB	K02911
N3_Nitrospina_NOB	K02914
N3_Nitrospina_NOB	K02916
N3_Nitrospina_NOB	K02919
N3_Nitrospina_NOB	K02926
N3_Nitrospina_NOB	K02931
N3_Nitrospina_NOB	K02933
N3_Nitrospina_NOB	K02935
N3_Nitrospina_NOB	K02939
N3_Nitrospina_NOB	K02945
N3_Nitrospina_NOB	K02946
N3_Nitrospina_NOB	K02948
N3_Nitrospina_NOB	K02950
N3_Nitrospina_NOB	K02952
N3_Nitrospina_NOB	K02954
N3_Nitrospina_NOB	K02956
N3_Nitrospina_NOB	K02959
N3_Nitrospina_NOB	K02961
N3_Nitrospina_NOB	K02963
N3_Nitrospina_NOB	K02965
N3_Nitrospina_NOB	K02967
N3_Nitrospina_NOB	K02968
N3_Nitrospina_NOB	K02982
N3_Nitrospina_NOB	K02986
N3_Nitrospina_NOB	K02988
N3_Nitrospina_NOB	K02990
N3_Nitrospina_NOB	K02992
N3_Nitrospina_NOB	K02994
N3_Nitrospina_NOB	K02996
N3_Nitrospina_NOB	K03040
N3_Nitrospina_NOB	K03043
N3_Nitrospina_NOB	K03046
N3_Nitrospina_NOB	K03060
N3_Nitrospina_NOB	K03070
N3_Nitrospina_NOB	K03072
N3_Nitrospina_NOB	K03073
N3_Nitrospina_NOB	K03075
N3_Nitrospina_NOB	K03076
N3_Nitrospina_NOB	K03086
N3_Nitrospina_NOB	K03088
N3_Nitrospina_NOB	K03089
N3_Nitrospina_NOB	K03092
N3_Nitrospina_NOB	K03100
N3_Nitrospina_NOB	K03101
N3_Nitrospina_NOB	K03106
N3_Nitrospina_NOB	K03110
N3_Nitrospina_NOB	K03111
N3_Nitrospina_NOB	K03116
N3_Nitrospina_NOB	K03118
N3_Nitrospina_NOB	K03147
N3_Nitrospina_NOB	K03149
N3_Nitrospina_NOB	K03151
N3_Nitrospina_NOB	K03152
N3_Nitrospina_NOB	K03153
N3_Nitrospina_NOB	K03154
N3_Nitrospina_NOB	K03168
N3_Nitrospina_NOB	K03177
N3_Nitrospina_NOB	K03179
N3_Nitrospina_NOB	K03182
N3_Nitrospina_NOB	K03183
N3_Nitrospina_NOB	K03186
N3_Nitrospina_NOB	K03210
N3_Nitrospina_NOB	K03214
N3_Nitrospina_NOB	K03215
N3_Nitrospina_NOB	K03216
N3_Nitrospina_NOB	K03217
N3_Nitrospina_NOB	K03218
N3_Nitrospina_NOB	K03271
N3_Nitrospina_NOB	K03272
N3_Nitrospina_NOB	K03274
N3_Nitrospina_NOB	K03281
N3_Nitrospina_NOB	K03306
N3_Nitrospina_NOB	K03307
N3_Nitrospina_NOB	K03308
N3_Nitrospina_NOB	K03310
N3_Nitrospina_NOB	K03313
N3_Nitrospina_NOB	K03316
N3_Nitrospina_NOB	K03320
N3_Nitrospina_NOB	K03321
N3_Nitrospina_NOB	K03386
N3_Nitrospina_NOB	K03424
N3_Nitrospina_NOB	K03430
N3_Nitrospina_NOB	K03433
N3_Nitrospina_NOB	K03438
N3_Nitrospina_NOB	K03439
N3_Nitrospina_NOB	K03453
N3_Nitrospina_NOB	K03466
N3_Nitrospina_NOB	K03469
N3_Nitrospina_NOB	K03470
N3_Nitrospina_NOB	K03474
N3_Nitrospina_NOB	K03495
N3_Nitrospina_NOB	K03496
N3_Nitrospina_NOB	K03497
N3_Nitrospina_NOB	K03498
N3_Nitrospina_NOB	K03499
N3_Nitrospina_NOB	K03501
N3_Nitrospina_NOB	K03517
N3_Nitrospina_NOB	K03521
N3_Nitrospina_NOB	K03522
N3_Nitrospina_NOB	K03524
N3_Nitrospina_NOB	K03525
N3_Nitrospina_NOB	K03526
N3_Nitrospina_NOB	K03527
N3_Nitrospina_NOB	K03529
N3_Nitrospina_NOB	K03530
N3_Nitrospina_NOB	K03531
N3_Nitrospina_NOB	K03536
N3_Nitrospina_NOB	K03544
N3_Nitrospina_NOB	K03545
N3_Nitrospina_NOB	K03547
N3_Nitrospina_NOB	K03550
N3_Nitrospina_NOB	K03551
N3_Nitrospina_NOB	K03553
N3_Nitrospina_NOB	K03555
N3_Nitrospina_NOB	K03557
N3_Nitrospina_NOB	K03558
N3_Nitrospina_NOB	K03559
N3_Nitrospina_NOB	K03561
N3_Nitrospina_NOB	K03563
N3_Nitrospina_NOB	K03564
N3_Nitrospina_NOB	K03565
N3_Nitrospina_NOB	K03567
N3_Nitrospina_NOB	K03569
N3_Nitrospina_NOB	K03570
N3_Nitrospina_NOB	K03571
N3_Nitrospina_NOB	K03572
N3_Nitrospina_NOB	K03574
N3_Nitrospina_NOB	K03575
N3_Nitrospina_NOB	K03584
N3_Nitrospina_NOB	K03585
N3_Nitrospina_NOB	K03586
N3_Nitrospina_NOB	K03587
N3_Nitrospina_NOB	K03588
N3_Nitrospina_NOB	K03589
N3_Nitrospina_NOB	K03590
N3_Nitrospina_NOB	K03593
N3_Nitrospina_NOB	K03594
N3_Nitrospina_NOB	K03595
N3_Nitrospina_NOB	K03596
N3_Nitrospina_NOB	K03600
N3_Nitrospina_NOB	K03601
N3_Nitrospina_NOB	K03602
N3_Nitrospina_NOB	K03605
N3_Nitrospina_NOB	K03621
N3_Nitrospina_NOB	K03625
N3_Nitrospina_NOB	K03628
N3_Nitrospina_NOB	K03630
N3_Nitrospina_NOB	K03631
N3_Nitrospina_NOB	K03634
N3_Nitrospina_NOB	K03635
N3_Nitrospina_NOB	K03636
N3_Nitrospina_NOB	K03637
N3_Nitrospina_NOB	K03638
N3_Nitrospina_NOB	K03639
N3_Nitrospina_NOB	K03640
N3_Nitrospina_NOB	K03641
N3_Nitrospina_NOB	K03642
N3_Nitrospina_NOB	K03643
N3_Nitrospina_NOB	K03644
N3_Nitrospina_NOB	K03650
N3_Nitrospina_NOB	K03655
N3_Nitrospina_NOB	K03657
N3_Nitrospina_NOB	K03664
N3_Nitrospina_NOB	K03665
N3_Nitrospina_NOB	K03667
N3_Nitrospina_NOB	K03671
N3_Nitrospina_NOB	K03673
N3_Nitrospina_NOB	K03684
N3_Nitrospina_NOB	K03685
N3_Nitrospina_NOB	K03686
N3_Nitrospina_NOB	K03687
N3_Nitrospina_NOB	K03695
N3_Nitrospina_NOB	K03696
N3_Nitrospina_NOB	K03699
N3_Nitrospina_NOB	K03701
N3_Nitrospina_NOB	K03702
N3_Nitrospina_NOB	K03703
N3_Nitrospina_NOB	K03704
N3_Nitrospina_NOB	K03705
N3_Nitrospina_NOB	K03707
N3_Nitrospina_NOB	K03711
N3_Nitrospina_NOB	K03717
N3_Nitrospina_NOB	K03722
N3_Nitrospina_NOB	K03723
N3_Nitrospina_NOB	K03732
N3_Nitrospina_NOB	K03733
N3_Nitrospina_NOB	K03734
N3_Nitrospina_NOB	K03743
N3_Nitrospina_NOB	K03744
N3_Nitrospina_NOB	K03750
N3_Nitrospina_NOB	K03752
N3_Nitrospina_NOB	K03753
N3_Nitrospina_NOB	K03769
N3_Nitrospina_NOB	K03770
N3_Nitrospina_NOB	K03771
N3_Nitrospina_NOB	K03775
N3_Nitrospina_NOB	K03787
N3_Nitrospina_NOB	K03797
N3_Nitrospina_NOB	K03798
N3_Nitrospina_NOB	K03820
N3_Nitrospina_NOB	K03832
N3_Nitrospina_NOB	K03841
N3_Nitrospina_NOB	K03856
N3_Nitrospina_NOB	K03887
N3_Nitrospina_NOB	K03924
N3_Nitrospina_NOB	K03925
N3_Nitrospina_NOB	K03926
N3_Nitrospina_NOB	K03975
N3_Nitrospina_NOB	K03977
N3_Nitrospina_NOB	K03978
N3_Nitrospina_NOB	K03979
N3_Nitrospina_NOB	K03980
N3_Nitrospina_NOB	K04043
N3_Nitrospina_NOB	K04061
N3_Nitrospina_NOB	K04063
N3_Nitrospina_NOB	K04066
N3_Nitrospina_NOB	K04069
N3_Nitrospina_NOB	K04070
N3_Nitrospina_NOB	K04075
N3_Nitrospina_NOB	K04077
N3_Nitrospina_NOB	K04078
N3_Nitrospina_NOB	K04087
N3_Nitrospina_NOB	K04088
N3_Nitrospina_NOB	K04094
N3_Nitrospina_NOB	K04096
N3_Nitrospina_NOB	K04485
N3_Nitrospina_NOB	K04487
N3_Nitrospina_NOB	K04488
N3_Nitrospina_NOB	K04517
N3_Nitrospina_NOB	K04518
N3_Nitrospina_NOB	K04562
N3_Nitrospina_NOB	K04567
N3_Nitrospina_NOB	K04651
N3_Nitrospina_NOB	K04653
N3_Nitrospina_NOB	K04654
N3_Nitrospina_NOB	K04655
N3_Nitrospina_NOB	K04656
N3_Nitrospina_NOB	K04719
N3_Nitrospina_NOB	K04744
N3_Nitrospina_NOB	K04751
N3_Nitrospina_NOB	K04754
N3_Nitrospina_NOB	K04763
N3_Nitrospina_NOB	K04764
N3_Nitrospina_NOB	K04767
N3_Nitrospina_NOB	K04771
N3_Nitrospina_NOB	K04773
N3_Nitrospina_NOB	K05020
N3_Nitrospina_NOB	K05366
N3_Nitrospina_NOB	K05367
N3_Nitrospina_NOB	K05394
N3_Nitrospina_NOB	K05515
N3_Nitrospina_NOB	K05516
N3_Nitrospina_NOB	K05527
N3_Nitrospina_NOB	K05540
N3_Nitrospina_NOB	K05555
N3_Nitrospina_NOB	K05566
N3_Nitrospina_NOB	K05569
N3_Nitrospina_NOB	K05571
N3_Nitrospina_NOB	K05589
N3_Nitrospina_NOB	K05788
N3_Nitrospina_NOB	K05801
N3_Nitrospina_NOB	K05807
N3_Nitrospina_NOB	K05808
N3_Nitrospina_NOB	K05810
N3_Nitrospina_NOB	K05837
N3_Nitrospina_NOB	K05851
N3_Nitrospina_NOB	K05896
N3_Nitrospina_NOB	K05939
N3_Nitrospina_NOB	K05982
N3_Nitrospina_NOB	K05986
N3_Nitrospina_NOB	K06006
N3_Nitrospina_NOB	K06024
N3_Nitrospina_NOB	K06034
N3_Nitrospina_NOB	K06041
N3_Nitrospina_NOB	K06045
N3_Nitrospina_NOB	K06076
N3_Nitrospina_NOB	K06142
N3_Nitrospina_NOB	K06147
N3_Nitrospina_NOB	K06153
N3_Nitrospina_NOB	K06158
N3_Nitrospina_NOB	K06167
N3_Nitrospina_NOB	K06168
N3_Nitrospina_NOB	K06173
N3_Nitrospina_NOB	K06178
N3_Nitrospina_NOB	K06180
N3_Nitrospina_NOB	K06187
N3_Nitrospina_NOB	K06194
N3_Nitrospina_NOB	K06196
N3_Nitrospina_NOB	K06199
N3_Nitrospina_NOB	K06200
N3_Nitrospina_NOB	K06204
N3_Nitrospina_NOB	K06206
N3_Nitrospina_NOB	K06207
N3_Nitrospina_NOB	K06213
N3_Nitrospina_NOB	K06217
N3_Nitrospina_NOB	K06287
N3_Nitrospina_NOB	K06320
N3_Nitrospina_NOB	K06373
N3_Nitrospina_NOB	K06374
N3_Nitrospina_NOB	K06412
N3_Nitrospina_NOB	K06442
N3_Nitrospina_NOB	K06603
N3_Nitrospina_NOB	K06607
N3_Nitrospina_NOB	K06861
N3_Nitrospina_NOB	K06864
N3_Nitrospina_NOB	K06867
N3_Nitrospina_NOB	K06888
N3_Nitrospina_NOB	K06889
N3_Nitrospina_NOB	K06890
N3_Nitrospina_NOB	K06891
N3_Nitrospina_NOB	K06894
N3_Nitrospina_NOB	K06898
N3_Nitrospina_NOB	K06901
N3_Nitrospina_NOB	K06903
N3_Nitrospina_NOB	K06905
N3_Nitrospina_NOB	K06907
N3_Nitrospina_NOB	K06911
N3_Nitrospina_NOB	K06920
N3_Nitrospina_NOB	K06925
N3_Nitrospina_NOB	K06940
N3_Nitrospina_NOB	K06941
N3_Nitrospina_NOB	K06942
N3_Nitrospina_NOB	K06950
N3_Nitrospina_NOB	K06960
N3_Nitrospina_NOB	K06969
N3_Nitrospina_NOB	K06972
N3_Nitrospina_NOB	K06985
N3_Nitrospina_NOB	K06987
N3_Nitrospina_NOB	K06990
N3_Nitrospina_NOB	K06997
N3_Nitrospina_NOB	K06998
N3_Nitrospina_NOB	K07000
N3_Nitrospina_NOB	K07003
N3_Nitrospina_NOB	K07010
N3_Nitrospina_NOB	K07025
N3_Nitrospina_NOB	K07027
N3_Nitrospina_NOB	K07031
N3_Nitrospina_NOB	K07040
N3_Nitrospina_NOB	K07042
N3_Nitrospina_NOB	K07052
N3_Nitrospina_NOB	K07053
N3_Nitrospina_NOB	K07056
N3_Nitrospina_NOB	K07059
N3_Nitrospina_NOB	K07071
N3_Nitrospina_NOB	K07079
N3_Nitrospina_NOB	K07082
N3_Nitrospina_NOB	K07089
N3_Nitrospina_NOB	K07090
N3_Nitrospina_NOB	K07091
N3_Nitrospina_NOB	K07098
N3_Nitrospina_NOB	K07102
N3_Nitrospina_NOB	K07113
N3_Nitrospina_NOB	K07114
N3_Nitrospina_NOB	K07126
N3_Nitrospina_NOB	K07130
N3_Nitrospina_NOB	K07147
N3_Nitrospina_NOB	K07157
N3_Nitrospina_NOB	K07164
N3_Nitrospina_NOB	K07165
N3_Nitrospina_NOB	K07182
N3_Nitrospina_NOB	K07219
N3_Nitrospina_NOB	K07220
N3_Nitrospina_NOB	K07221
N3_Nitrospina_NOB	K07234
N3_Nitrospina_NOB	K07243
N3_Nitrospina_NOB	K07259
N3_Nitrospina_NOB	K07267
N3_Nitrospina_NOB	K07277
N3_Nitrospina_NOB	K07283
N3_Nitrospina_NOB	K07285
N3_Nitrospina_NOB	K07301
N3_Nitrospina_NOB	K07304
N3_Nitrospina_NOB	K07305
N3_Nitrospina_NOB	K07323
N3_Nitrospina_NOB	K07334
N3_Nitrospina_NOB	K07337
N3_Nitrospina_NOB	K07390
N3_Nitrospina_NOB	K07391
N3_Nitrospina_NOB	K07395
N3_Nitrospina_NOB	K07400
N3_Nitrospina_NOB	K07403
N3_Nitrospina_NOB	K07448
N3_Nitrospina_NOB	K07454
N3_Nitrospina_NOB	K07456
N3_Nitrospina_NOB	K07458
N3_Nitrospina_NOB	K07460
N3_Nitrospina_NOB	K07461
N3_Nitrospina_NOB	K07462
N3_Nitrospina_NOB	K07478
N3_Nitrospina_NOB	K07481
N3_Nitrospina_NOB	K07487
N3_Nitrospina_NOB	K07507
N3_Nitrospina_NOB	K07533
N3_Nitrospina_NOB	K07560
N3_Nitrospina_NOB	K07566
N3_Nitrospina_NOB	K07568
N3_Nitrospina_NOB	K07644
N3_Nitrospina_NOB	K07675
N3_Nitrospina_NOB	K07689
N3_Nitrospina_NOB	K07708
N3_Nitrospina_NOB	K07712
N3_Nitrospina_NOB	K07713
N3_Nitrospina_NOB	K07714
N3_Nitrospina_NOB	K07735
N3_Nitrospina_NOB	K07738
N3_Nitrospina_NOB	K07755
N3_Nitrospina_NOB	K07755 
N3_Nitrospina_NOB	K07787
N3_Nitrospina_NOB	K07796
N3_Nitrospina_NOB	K07798
N3_Nitrospina_NOB	K07814
N3_Nitrospina_NOB	K08161
N3_Nitrospina_NOB	K08218
N3_Nitrospina_NOB	K08234
N3_Nitrospina_NOB	K08264
N3_Nitrospina_NOB	K08281
N3_Nitrospina_NOB	K08300
N3_Nitrospina_NOB	K08301
N3_Nitrospina_NOB	K08303
N3_Nitrospina_NOB	K08304
N3_Nitrospina_NOB	K08307
N3_Nitrospina_NOB	K08309
N3_Nitrospina_NOB	K08316
N3_Nitrospina_NOB	K08365
N3_Nitrospina_NOB	K08483
N3_Nitrospina_NOB	K08591
N3_Nitrospina_NOB	K08602
N3_Nitrospina_NOB	K08678
N3_Nitrospina_NOB	K08963
N3_Nitrospina_NOB	K08973
N3_Nitrospina_NOB	K08976
N3_Nitrospina_NOB	K08992
N3_Nitrospina_NOB	K08994
N3_Nitrospina_NOB	K08997
N3_Nitrospina_NOB	K08998
N3_Nitrospina_NOB	K08999
N3_Nitrospina_NOB	K09004
N3_Nitrospina_NOB	K09013
N3_Nitrospina_NOB	K09014
N3_Nitrospina_NOB	K09015
N3_Nitrospina_NOB	K09022
N3_Nitrospina_NOB	K09117
N3_Nitrospina_NOB	K09118
N3_Nitrospina_NOB	K09121
N3_Nitrospina_NOB	K09131
N3_Nitrospina_NOB	K09136
N3_Nitrospina_NOB	K09137
N3_Nitrospina_NOB	K09162
N3_Nitrospina_NOB	K09165
N3_Nitrospina_NOB	K09457
N3_Nitrospina_NOB	K09458
N3_Nitrospina_NOB	K09690
N3_Nitrospina_NOB	K09691
N3_Nitrospina_NOB	K09692
N3_Nitrospina_NOB	K09710
N3_Nitrospina_NOB	K09747
N3_Nitrospina_NOB	K09748
N3_Nitrospina_NOB	K09761
N3_Nitrospina_NOB	K09764
N3_Nitrospina_NOB	K09767
N3_Nitrospina_NOB	K09771
N3_Nitrospina_NOB	K09791
N3_Nitrospina_NOB	K09794
N3_Nitrospina_NOB	K09808
N3_Nitrospina_NOB	K09810
N3_Nitrospina_NOB	K09811
N3_Nitrospina_NOB	K09812
N3_Nitrospina_NOB	K09822
N3_Nitrospina_NOB	K09825
N3_Nitrospina_NOB	K09835
N3_Nitrospina_NOB	K09858
N3_Nitrospina_NOB	K09888
N3_Nitrospina_NOB	K09903
N3_Nitrospina_NOB	K09921
N3_Nitrospina_NOB	K09924
N3_Nitrospina_NOB	K09928
N3_Nitrospina_NOB	K09931
N3_Nitrospina_NOB	K09937
N3_Nitrospina_NOB	K09942
N3_Nitrospina_NOB	K09949
N3_Nitrospina_NOB	K09953
N3_Nitrospina_NOB	K10009
N3_Nitrospina_NOB	K10026
N3_Nitrospina_NOB	K10126
N3_Nitrospina_NOB	K10208
N3_Nitrospina_NOB	K10236
N3_Nitrospina_NOB	K10536
N3_Nitrospina_NOB	K10563
N3_Nitrospina_NOB	K10700
N3_Nitrospina_NOB	K10763
N3_Nitrospina_NOB	K10773
N3_Nitrospina_NOB	K10804
N3_Nitrospina_NOB	K10926
N3_Nitrospina_NOB	K10941
N3_Nitrospina_NOB	K10942
N3_Nitrospina_NOB	K10943
N3_Nitrospina_NOB	K11065
N3_Nitrospina_NOB	K11085
N3_Nitrospina_NOB	K11105
N3_Nitrospina_NOB	K11175
N3_Nitrospina_NOB	K11358
N3_Nitrospina_NOB	K11443
N3_Nitrospina_NOB	K11527
N3_Nitrospina_NOB	K11688
N3_Nitrospina_NOB	K11689
N3_Nitrospina_NOB	K11690
N3_Nitrospina_NOB	K11717
N3_Nitrospina_NOB	K11720
N3_Nitrospina_NOB	K11741
N3_Nitrospina_NOB	K11749
N3_Nitrospina_NOB	K11752
N3_Nitrospina_NOB	K11753
N3_Nitrospina_NOB	K11754
N3_Nitrospina_NOB	K11782
N3_Nitrospina_NOB	K11784
N3_Nitrospina_NOB	K11927
N3_Nitrospina_NOB	K11940
N3_Nitrospina_NOB	K12251
N3_Nitrospina_NOB	K12281
N3_Nitrospina_NOB	K12282
N3_Nitrospina_NOB	K12339
N3_Nitrospina_NOB	K12340
N3_Nitrospina_NOB	K12454
N3_Nitrospina_NOB	K12573
N3_Nitrospina_NOB	K12630
N3_Nitrospina_NOB	K12634
N3_Nitrospina_NOB	K12635
N3_Nitrospina_NOB	K12957
N3_Nitrospina_NOB	K12976
N3_Nitrospina_NOB	K13038
N3_Nitrospina_NOB	K13039
N3_Nitrospina_NOB	K13288
N3_Nitrospina_NOB	K13290
N3_Nitrospina_NOB	K13292
N3_Nitrospina_NOB	K13527
N3_Nitrospina_NOB	K13542
N3_Nitrospina_NOB	K13571
N3_Nitrospina_NOB	K13598
N3_Nitrospina_NOB	K13626
N3_Nitrospina_NOB	K13628
N3_Nitrospina_NOB	K13789
N3_Nitrospina_NOB	K13832
N3_Nitrospina_NOB	K13894
N3_Nitrospina_NOB	K13895
N3_Nitrospina_NOB	K13993
N3_Nitrospina_NOB	K14170
N3_Nitrospina_NOB	K14371
N3_Nitrospina_NOB	K14373
N3_Nitrospina_NOB	K14374
N3_Nitrospina_NOB	K14415
N3_Nitrospina_NOB	K14441
N3_Nitrospina_NOB	K14445
N3_Nitrospina_NOB	K14652
N3_Nitrospina_NOB	K14742
N3_Nitrospina_NOB	K14746
N3_Nitrospina_NOB	K15256
N3_Nitrospina_NOB	K15460
N3_Nitrospina_NOB	K15518
N3_Nitrospina_NOB	K15523
N3_Nitrospina_NOB	K15539
N3_Nitrospina_NOB	K15558
N3_Nitrospina_NOB	K15580
N3_Nitrospina_NOB	K15581
N3_Nitrospina_NOB	K15582
N3_Nitrospina_NOB	K15635
N3_Nitrospina_NOB	K15725
N3_Nitrospina_NOB	K15726
N3_Nitrospina_NOB	K15727
N3_Nitrospina_NOB	K15762
N3_Nitrospina_NOB	K15777
N3_Nitrospina_NOB	K15778
N3_Nitrospina_NOB	K15836
N3_Nitrospina_NOB	K15865
N3_Nitrospina_NOB	K15886
N3_Nitrospina_NOB	K15954
N3_Nitrospina_NOB	K15956
N3_Nitrospina_NOB	K15970
N3_Nitrospina_NOB	K15977
N3_Nitrospina_NOB	K15987
N3_Nitrospina_NOB	K16011
N3_Nitrospina_NOB	K16030
N3_Nitrospina_NOB	K16032
N3_Nitrospina_NOB	K16052
N3_Nitrospina_NOB	K16091
N3_Nitrospina_NOB	K16092
N3_Nitrospina_NOB	K16106
N3_Nitrospina_NOB	K16110
N3_Nitrospina_NOB	K16112
N3_Nitrospina_NOB	K16114
N3_Nitrospina_NOB	K16115
N3_Nitrospina_NOB	K16116
N3_Nitrospina_NOB	K16117
N3_Nitrospina_NOB	K16149
N3_Nitrospina_NOB	K16264
N3_Nitrospina_NOB	K16399
N3_Nitrospina_NOB	K16418
N3_Nitrospina_NOB	K16419
N3_Nitrospina_NOB	K16450
N3_Nitrospina_NOB	K16868
N3_Nitrospina_NOB	K16870
N3_Nitrospina_NOB	K16898
N3_Nitrospina_NOB	K16899
N3_Nitrospina_NOB	K16922
N3_Nitrospina_NOB	K17049
N3_Nitrospina_NOB	K17103
N3_Nitrospina_NOB	K17223
N3_Nitrospina_NOB	K17686
N3_Nitrospina_NOB	K17725
N3_Nitrospina_NOB	K17828
N3_Nitrospina_NOB	K17832
N3_Nitrospina_NOB	K18138
N3_Nitrospina_NOB	K18139
N3_Nitrospina_NOB	K18235
N3_Nitrospina_NOB	K18285
N3_Nitrospina_NOB	K18429
N3_Nitrospina_NOB	K18430
N3_Nitrospina_NOB	K18535
N3_Nitrospina_NOB	K18682
N3_Nitrospina_NOB	K18691
N3_Nitrospina_NOB	K18825
N3_Nitrospina_NOB	K18843
N3_Nitrospina_NOB	K18889
N3_Nitrospina_NOB	K18896
N3_Nitrospina_NOB	K18897
N3_Nitrospina_NOB	K18904
N3_Nitrospina_NOB	K18940
N3_Nitrospina_NOB	K18979
N3_Nitrospina_NOB	K19191
N3_Nitrospina_NOB	K19221
N3_Nitrospina_NOB	K19302
N3_Nitrospina_NOB	K19304
N3_Nitrospina_NOB	K19430
N3_Nitrospina_NOB	K19591
N3_Nitrospina_NOB	K19710
N3_Nitrospina_NOB	K19804
N3_Nitrospina_NOB	K19960
N3_Nitrospina_NOB	K19961
N3_Nitrospina_NOB	K19962
N3_Nitrospina_NOB	K20333
N3_Nitrospina_NOB	K20386
N3_Nitrospina_NOB	K20509
N3_Nitrospina_NOB	K20523
N3_Nitrospina_NOB	K20572
N3_Nitrospina_NOB	K20615
N3_Nitrospina_NOB	K20707
N3_Nitrospina_NOB	K20810
N3_Nitrospina_NOB	K20814
N3_Nitrospina_NOB	K21029
N3_Nitrospina_NOB	K21071
N3_Nitrospina_NOB	K21147
N3_Nitrospina_NOB	K21153
N3_Nitrospina_NOB	K21195
N3_Nitrospina_NOB	K21219
N3_Nitrospina_NOB	K21254
N3_Nitrospina_NOB	K21326
N3_Nitrospina_NOB	K21344
N3_Nitrospina_NOB	K21420
N3_Nitrospina_NOB	K21472
N3_Nitrospina_NOB	K21498
N3_Nitrospina_NOB	K21552
N3_Nitrospina_NOB	K21721
N3_Nitrospina_NOB	K21836
N3_Nitrospina_NOB	K21929
N3_Nitrospina_NOB	K21949
N3_Nitrospina_NOB	K22024
N3_Nitrospina_NOB	K22041
N3_Nitrospina_NOB	K22083
N3_Nitrospina_NOB	K22187
N3_Nitrospina_NOB	K22205
N3_Nitrospina_NOB	K22227
N3_Nitrospina_NOB	K22269
N3_Nitrospina_NOB	K22317
N3_Nitrospina_NOB	K22318
N3_Nitrospina_NOB	K22319
N3_Nitrospina_NOB	K22360
N3_Nitrospina_NOB	K22451
N3_Nitrospina_NOB	K22452
N3_Nitrospina_NOB	K22491
N3_Nitrospina_NOB	K22522
N3_Nitrospina_NOB	K22577
N3_Nitrospina_NOB	K22719
N3_Nitrospina_NOB	K23054
N3_Nitrospina_NOB	K23130
N3_Nitrospina_NOB	K23229
N3_Nitrospina_NOB	K23230
N3_Nitrospina_NOB	K23264
N3_Nitrospina_NOB	K23265
N3_Nitrospina_NOB	K23269
N3_Nitrospina_NOB	K23361
N3_Nitrospina_NOB	K23365
N3_Nitrospina_NOB	K23367
N3_Nitrospina_NOB	K23372
N3_Nitrospina_NOB	K23373
N3_Nitrospina_NOB	K23374
N3_Nitrospina_NOB	K23375
N3_Nitrospina_NOB	K23376
N3_Nitrospina_NOB	K23397
N3_Nitrospina_NOB	K23424
N3_Nitrospina_NOB	K23514
N3_Nitrospina_NOB	K23541
N3_Nitrospina_NOB	K23734
N3_Nitrospina_NOB	K23738
N3_Nitrospina_NOB	K23744
N3_Nitrospina_NOB	K23992
N3_Nitrospina_NOB	K23996
N3_Nitrospina_NOB	K23999
N3_Nitrospina_NOB	K24158
N3_Nitrospina_NOB	K24180
N3_Nitrospina_NOB	K24288
N3_Nitrospina_NOB	K24312
N3_Nitrospina_NOB	K24528
N3_Nitrospina_NOB	K24557
N3_Nitrospina_NOB	K24558
N3_Nitrospina_NOB	K24559
N3_Nitrospina_NOB	K24567
N3_Nitrospina_NOB	K24568
N3_Nitrospina_NOB	K24569
N3_Nitrospina_NOB	K24866
N3_Nitrospina_NOB	K24956
N3_Nitrospina_NOB	K25152
N3_Nitrospina_NOB	K25153
N3_Nitrospina_NOB	K25197
N3_Nitrospina_NOB	K25307
N3_Nitrospina_NOB	K25578
N3_Nitrospina_NOB	K25706
N3_Nitrospina_NOB	K26075
N3_Nitrospina_NOB	K26217
N3_Nitrospina_NOB	K26569
N3_Nitrospina_NOB	K26576
N3_Nitrospina_NOB	K26735
N3_Nitrospina_NOB	K27305
N3_Nitrospina_NOB	K28014
N3_Nitrospina_NOB	K28065
N3_Nitrospina_NOB	K28165
N3_Nitrospina_NOB	K28192
N3_Nitrospina_NOB	K28561
N3_Nitrospina_NOB	K28568
N3_Nitrospina_NOB	K28570
N3_Nitrospina_NOB	K28640
N3_Nitrospina_NOB	K28641
N3_Nitrospina_NOB	K28685
N3_Nitrospina_NOB	K28880
N4_Nitrospira_comammox	K00003
N4_Nitrospira_comammox	K00012
N4_Nitrospira_comammox	K00013
N4_Nitrospira_comammox	K00014
N4_Nitrospira_comammox	K00015
N4_Nitrospira_comammox	K00019
N4_Nitrospira_comammox	K00024
N4_Nitrospira_comammox	K00027
N4_Nitrospira_comammox	K00030
N4_Nitrospira_comammox	K00033
N4_Nitrospira_comammox	K00036
N4_Nitrospira_comammox	K00052
N4_Nitrospira_comammox	K00053
N4_Nitrospira_comammox	K00057
N4_Nitrospira_comammox	K00058
N4_Nitrospira_comammox	K00059
N4_Nitrospira_comammox	K00060
N4_Nitrospira_comammox	K00067
N4_Nitrospira_comammox	K00074
N4_Nitrospira_comammox	K00075
N4_Nitrospira_comammox	K00077
N4_Nitrospira_comammox	K00088
N4_Nitrospira_comammox	K00091
N4_Nitrospira_comammox	K00097
N4_Nitrospira_comammox	K00099
N4_Nitrospira_comammox	K00113
N4_Nitrospira_comammox	K00133
N4_Nitrospira_comammox	K00134
N4_Nitrospira_comammox	K00145
N4_Nitrospira_comammox	K00147
N4_Nitrospira_comammox	K00169
N4_Nitrospira_comammox	K00208
N4_Nitrospira_comammox	K00215
N4_Nitrospira_comammox	K00226
N4_Nitrospira_comammox	K00231
N4_Nitrospira_comammox	K00239
N4_Nitrospira_comammox	K00240
N4_Nitrospira_comammox	K00241
N4_Nitrospira_comammox	K00259
N4_Nitrospira_comammox	K00261
N4_Nitrospira_comammox	K00265
N4_Nitrospira_comammox	K00266
N4_Nitrospira_comammox	K00278
N4_Nitrospira_comammox	K00281
N4_Nitrospira_comammox	K00284
N4_Nitrospira_comammox	K00286
N4_Nitrospira_comammox	K00297
N4_Nitrospira_comammox	K00322
N4_Nitrospira_comammox	K00324
N4_Nitrospira_comammox	K00325
N4_Nitrospira_comammox	K00326
N4_Nitrospira_comammox	K00330
N4_Nitrospira_comammox	K00331
N4_Nitrospira_comammox	K00332
N4_Nitrospira_comammox	K00333
N4_Nitrospira_comammox	K00334
N4_Nitrospira_comammox	K00335
N4_Nitrospira_comammox	K00337
N4_Nitrospira_comammox	K00338
N4_Nitrospira_comammox	K00339
N4_Nitrospira_comammox	K00340
N4_Nitrospira_comammox	K00341
N4_Nitrospira_comammox	K00342
N4_Nitrospira_comammox	K00343
N4_Nitrospira_comammox	K00344
N4_Nitrospira_comammox	K00368
N4_Nitrospira_comammox	K00370
N4_Nitrospira_comammox	K00371
N4_Nitrospira_comammox	K00382
N4_Nitrospira_comammox	K00384
N4_Nitrospira_comammox	K00390
N4_Nitrospira_comammox	K00406
N4_Nitrospira_comammox	K00425
N4_Nitrospira_comammox	K00426
N4_Nitrospira_comammox	K00428
N4_Nitrospira_comammox	K00451
N4_Nitrospira_comammox	K00463
N4_Nitrospira_comammox	K00507
N4_Nitrospira_comammox	K00525
N4_Nitrospira_comammox	K00526
N4_Nitrospira_comammox	K00537
N4_Nitrospira_comammox	K00548
N4_Nitrospira_comammox	K00549
N4_Nitrospira_comammox	K00554
N4_Nitrospira_comammox	K00558
N4_Nitrospira_comammox	K00566
N4_Nitrospira_comammox	K00567
N4_Nitrospira_comammox	K00570
N4_Nitrospira_comammox	K00573
N4_Nitrospira_comammox	K00574
N4_Nitrospira_comammox	K00575
N4_Nitrospira_comammox	K00600
N4_Nitrospira_comammox	K00602
N4_Nitrospira_comammox	K00603
N4_Nitrospira_comammox	K00604
N4_Nitrospira_comammox	K00605
N4_Nitrospira_comammox	K00606
N4_Nitrospira_comammox	K00609
N4_Nitrospira_comammox	K00611
N4_Nitrospira_comammox	K00612
N4_Nitrospira_comammox	K00615
N4_Nitrospira_comammox	K00616
N4_Nitrospira_comammox	K00620
N4_Nitrospira_comammox	K00626
N4_Nitrospira_comammox	K00639
N4_Nitrospira_comammox	K00640
N4_Nitrospira_comammox	K00645
N4_Nitrospira_comammox	K00647
N4_Nitrospira_comammox	K00648
N4_Nitrospira_comammox	K00652
N4_Nitrospira_comammox	K00655
N4_Nitrospira_comammox	K00677
N4_Nitrospira_comammox	K00684
N4_Nitrospira_comammox	K00688
N4_Nitrospira_comammox	K00697
N4_Nitrospira_comammox	K00700
N4_Nitrospira_comammox	K00703
N4_Nitrospira_comammox	K00705
N4_Nitrospira_comammox	K00721
N4_Nitrospira_comammox	K00748
N4_Nitrospira_comammox	K00759
N4_Nitrospira_comammox	K00760
N4_Nitrospira_comammox	K00762
N4_Nitrospira_comammox	K00763
N4_Nitrospira_comammox	K00764
N4_Nitrospira_comammox	K00765
N4_Nitrospira_comammox	K00766
N4_Nitrospira_comammox	K00768
N4_Nitrospira_comammox	K00772
N4_Nitrospira_comammox	K00773
N4_Nitrospira_comammox	K00784
N4_Nitrospira_comammox	K00788
N4_Nitrospira_comammox	K00789
N4_Nitrospira_comammox	K00790
N4_Nitrospira_comammox	K00791
N4_Nitrospira_comammox	K00793
N4_Nitrospira_comammox	K00794
N4_Nitrospira_comammox	K00795
N4_Nitrospira_comammox	K00796
N4_Nitrospira_comammox	K00797
N4_Nitrospira_comammox	K00798
N4_Nitrospira_comammox	K00800
N4_Nitrospira_comammox	K00801
N4_Nitrospira_comammox	K00806
N4_Nitrospira_comammox	K00809
N4_Nitrospira_comammox	K00812
N4_Nitrospira_comammox	K00817
N4_Nitrospira_comammox	K00820
N4_Nitrospira_comammox	K00821
N4_Nitrospira_comammox	K00824
N4_Nitrospira_comammox	K00826
N4_Nitrospira_comammox	K00833
N4_Nitrospira_comammox	K00845
N4_Nitrospira_comammox	K00851
N4_Nitrospira_comammox	K00858
N4_Nitrospira_comammox	K00859
N4_Nitrospira_comammox	K00860
N4_Nitrospira_comammox	K00873
N4_Nitrospira_comammox	K00891
N4_Nitrospira_comammox	K00912
N4_Nitrospira_comammox	K00919
N4_Nitrospira_comammox	K00925
N4_Nitrospira_comammox	K00927
N4_Nitrospira_comammox	K00928
N4_Nitrospira_comammox	K00930
N4_Nitrospira_comammox	K00931
N4_Nitrospira_comammox	K00939
N4_Nitrospira_comammox	K00940
N4_Nitrospira_comammox	K00941
N4_Nitrospira_comammox	K00942
N4_Nitrospira_comammox	K00943
N4_Nitrospira_comammox	K00945
N4_Nitrospira_comammox	K00946
N4_Nitrospira_comammox	K00948
N4_Nitrospira_comammox	K00950
N4_Nitrospira_comammox	K00954
N4_Nitrospira_comammox	K00957
N4_Nitrospira_comammox	K00962
N4_Nitrospira_comammox	K00965
N4_Nitrospira_comammox	K00969
N4_Nitrospira_comammox	K00971
N4_Nitrospira_comammox	K00973
N4_Nitrospira_comammox	K00974
N4_Nitrospira_comammox	K00975
N4_Nitrospira_comammox	K00978
N4_Nitrospira_comammox	K00979
N4_Nitrospira_comammox	K00981
N4_Nitrospira_comammox	K00982
N4_Nitrospira_comammox	K00989
N4_Nitrospira_comammox	K00991
N4_Nitrospira_comammox	K00992
N4_Nitrospira_comammox	K00995
N4_Nitrospira_comammox	K01000
N4_Nitrospira_comammox	K01006
N4_Nitrospira_comammox	K01011
N4_Nitrospira_comammox	K01012
N4_Nitrospira_comammox	K01056
N4_Nitrospira_comammox	K01057
N4_Nitrospira_comammox	K01061
N4_Nitrospira_comammox	K01069
N4_Nitrospira_comammox	K01081
N4_Nitrospira_comammox	K01091
N4_Nitrospira_comammox	K01113
N4_Nitrospira_comammox	K01126
N4_Nitrospira_comammox	K01139
N4_Nitrospira_comammox	K01142
N4_Nitrospira_comammox	K01153
N4_Nitrospira_comammox	K01154
N4_Nitrospira_comammox	K01156
N4_Nitrospira_comammox	K01160
N4_Nitrospira_comammox	K01163
N4_Nitrospira_comammox	K01207
N4_Nitrospira_comammox	K01214
N4_Nitrospira_comammox	K01236
N4_Nitrospira_comammox	K01247
N4_Nitrospira_comammox	K01251
N4_Nitrospira_comammox	K01255
N4_Nitrospira_comammox	K01265
N4_Nitrospira_comammox	K01299
N4_Nitrospira_comammox	K01338
N4_Nitrospira_comammox	K01356
N4_Nitrospira_comammox	K01358
N4_Nitrospira_comammox	K01406
N4_Nitrospira_comammox	K01419
N4_Nitrospira_comammox	K01423
N4_Nitrospira_comammox	K01426
N4_Nitrospira_comammox	K01428
N4_Nitrospira_comammox	K01429
N4_Nitrospira_comammox	K01430
N4_Nitrospira_comammox	K01433
N4_Nitrospira_comammox	K01448
N4_Nitrospira_comammox	K01462
N4_Nitrospira_comammox	K01465
N4_Nitrospira_comammox	K01480
N4_Nitrospira_comammox	K01491
N4_Nitrospira_comammox	K01494
N4_Nitrospira_comammox	K01495
N4_Nitrospira_comammox	K01497
N4_Nitrospira_comammox	K01512
N4_Nitrospira_comammox	K01515
N4_Nitrospira_comammox	K01519
N4_Nitrospira_comammox	K01524
N4_Nitrospira_comammox	K01525
N4_Nitrospira_comammox	K01531
N4_Nitrospira_comammox	K01534
N4_Nitrospira_comammox	K01537
N4_Nitrospira_comammox	K01546
N4_Nitrospira_comammox	K01547
N4_Nitrospira_comammox	K01548
N4_Nitrospira_comammox	K01579
N4_Nitrospira_comammox	K01586
N4_Nitrospira_comammox	K01588
N4_Nitrospira_comammox	K01589
N4_Nitrospira_comammox	K01591
N4_Nitrospira_comammox	K01599
N4_Nitrospira_comammox	K01607
N4_Nitrospira_comammox	K01609
N4_Nitrospira_comammox	K01613
N4_Nitrospira_comammox	K01619
N4_Nitrospira_comammox	K01620
N4_Nitrospira_comammox	K01621
N4_Nitrospira_comammox	K01626
N4_Nitrospira_comammox	K01627
N4_Nitrospira_comammox	K01633
N4_Nitrospira_comammox	K01640
N4_Nitrospira_comammox	K01647
N4_Nitrospira_comammox	K01649
N4_Nitrospira_comammox	K01652
N4_Nitrospira_comammox	K01653
N4_Nitrospira_comammox	K01657
N4_Nitrospira_comammox	K01658
N4_Nitrospira_comammox	K01659
N4_Nitrospira_comammox	K01662
N4_Nitrospira_comammox	K01664
N4_Nitrospira_comammox	K01665
N4_Nitrospira_comammox	K01669
N4_Nitrospira_comammox	K01673
N4_Nitrospira_comammox	K01674
N4_Nitrospira_comammox	K01679
N4_Nitrospira_comammox	K01687
N4_Nitrospira_comammox	K01689
N4_Nitrospira_comammox	K01693
N4_Nitrospira_comammox	K01695
N4_Nitrospira_comammox	K01696
N4_Nitrospira_comammox	K01698
N4_Nitrospira_comammox	K01703
N4_Nitrospira_comammox	K01704
N4_Nitrospira_comammox	K01709
N4_Nitrospira_comammox	K01710
N4_Nitrospira_comammox	K01711
N4_Nitrospira_comammox	K01714
N4_Nitrospira_comammox	K01719
N4_Nitrospira_comammox	K01720
N4_Nitrospira_comammox	K01724
N4_Nitrospira_comammox	K01726
N4_Nitrospira_comammox	K01733
N4_Nitrospira_comammox	K01735
N4_Nitrospira_comammox	K01736
N4_Nitrospira_comammox	K01737
N4_Nitrospira_comammox	K01738
N4_Nitrospira_comammox	K01749
N4_Nitrospira_comammox	K01755
N4_Nitrospira_comammox	K01756
N4_Nitrospira_comammox	K01759
N4_Nitrospira_comammox	K01772
N4_Nitrospira_comammox	K01775
N4_Nitrospira_comammox	K01778
N4_Nitrospira_comammox	K01783
N4_Nitrospira_comammox	K01784
N4_Nitrospira_comammox	K01790
N4_Nitrospira_comammox	K01791
N4_Nitrospira_comammox	K01802
N4_Nitrospira_comammox	K01803
N4_Nitrospira_comammox	K01807
N4_Nitrospira_comammox	K01814
N4_Nitrospira_comammox	K01817
N4_Nitrospira_comammox	K01834
N4_Nitrospira_comammox	K01835
N4_Nitrospira_comammox	K01839
N4_Nitrospira_comammox	K01841
N4_Nitrospira_comammox	K01843
N4_Nitrospira_comammox	K01845
N4_Nitrospira_comammox	K01848
N4_Nitrospira_comammox	K01849
N4_Nitrospira_comammox	K01866
N4_Nitrospira_comammox	K01867
N4_Nitrospira_comammox	K01868
N4_Nitrospira_comammox	K01869
N4_Nitrospira_comammox	K01870
N4_Nitrospira_comammox	K01872
N4_Nitrospira_comammox	K01873
N4_Nitrospira_comammox	K01874
N4_Nitrospira_comammox	K01875
N4_Nitrospira_comammox	K01876
N4_Nitrospira_comammox	K01878
N4_Nitrospira_comammox	K01879
N4_Nitrospira_comammox	K01881
N4_Nitrospira_comammox	K01883
N4_Nitrospira_comammox	K01885
N4_Nitrospira_comammox	K01886
N4_Nitrospira_comammox	K01887
N4_Nitrospira_comammox	K01889
N4_Nitrospira_comammox	K01890
N4_Nitrospira_comammox	K01892
N4_Nitrospira_comammox	K01895
N4_Nitrospira_comammox	K01897
N4_Nitrospira_comammox	K01902
N4_Nitrospira_comammox	K01903
N4_Nitrospira_comammox	K01915
N4_Nitrospira_comammox	K01918
N4_Nitrospira_comammox	K01921
N4_Nitrospira_comammox	K01923
N4_Nitrospira_comammox	K01924
N4_Nitrospira_comammox	K01925
N4_Nitrospira_comammox	K01928
N4_Nitrospira_comammox	K01929
N4_Nitrospira_comammox	K01933
N4_Nitrospira_comammox	K01935
N4_Nitrospira_comammox	K01937
N4_Nitrospira_comammox	K01939
N4_Nitrospira_comammox	K01940
N4_Nitrospira_comammox	K01945
N4_Nitrospira_comammox	K01951
N4_Nitrospira_comammox	K01953
N4_Nitrospira_comammox	K01955
N4_Nitrospira_comammox	K01956
N4_Nitrospira_comammox	K01959
N4_Nitrospira_comammox	K01961
N4_Nitrospira_comammox	K01962
N4_Nitrospira_comammox	K01963
N4_Nitrospira_comammox	K01969
N4_Nitrospira_comammox	K01972
N4_Nitrospira_comammox	K01975
N4_Nitrospira_comammox	K01989
N4_Nitrospira_comammox	K01990
N4_Nitrospira_comammox	K01991
N4_Nitrospira_comammox	K01992
N4_Nitrospira_comammox	K01993
N4_Nitrospira_comammox	K01997
N4_Nitrospira_comammox	K01999
N4_Nitrospira_comammox	K02003
N4_Nitrospira_comammox	K02004
N4_Nitrospira_comammox	K02005
N4_Nitrospira_comammox	K02010
N4_Nitrospira_comammox	K02011
N4_Nitrospira_comammox	K02012
N4_Nitrospira_comammox	K02013
N4_Nitrospira_comammox	K02014
N4_Nitrospira_comammox	K02016
N4_Nitrospira_comammox	K02017
N4_Nitrospira_comammox	K02018
N4_Nitrospira_comammox	K02020
N4_Nitrospira_comammox	K02025
N4_Nitrospira_comammox	K02027
N4_Nitrospira_comammox	K02036
N4_Nitrospira_comammox	K02037
N4_Nitrospira_comammox	K02038
N4_Nitrospira_comammox	K02039
N4_Nitrospira_comammox	K02040
N4_Nitrospira_comammox	K02065
N4_Nitrospira_comammox	K02066
N4_Nitrospira_comammox	K02067
N4_Nitrospira_comammox	K02078
N4_Nitrospira_comammox	K02108
N4_Nitrospira_comammox	K02109
N4_Nitrospira_comammox	K02110
N4_Nitrospira_comammox	K02111
N4_Nitrospira_comammox	K02112
N4_Nitrospira_comammox	K02113
N4_Nitrospira_comammox	K02114
N4_Nitrospira_comammox	K02115
N4_Nitrospira_comammox	K02116
N4_Nitrospira_comammox	K02160
N4_Nitrospira_comammox	K02193
N4_Nitrospira_comammox	K02194
N4_Nitrospira_comammox	K02195
N4_Nitrospira_comammox	K02196
N4_Nitrospira_comammox	K02197
N4_Nitrospira_comammox	K02198
N4_Nitrospira_comammox	K02199
N4_Nitrospira_comammox	K02200
N4_Nitrospira_comammox	K02203
N4_Nitrospira_comammox	K02221
N4_Nitrospira_comammox	K02227
N4_Nitrospira_comammox	K02231
N4_Nitrospira_comammox	K02233
N4_Nitrospira_comammox	K02237
N4_Nitrospira_comammox	K02238
N4_Nitrospira_comammox	K02242
N4_Nitrospira_comammox	K02279
N4_Nitrospira_comammox	K02280
N4_Nitrospira_comammox	K02282
N4_Nitrospira_comammox	K02283
N4_Nitrospira_comammox	K02291
N4_Nitrospira_comammox	K02303
N4_Nitrospira_comammox	K02313
N4_Nitrospira_comammox	K02314
N4_Nitrospira_comammox	K02316
N4_Nitrospira_comammox	K02335
N4_Nitrospira_comammox	K02337
N4_Nitrospira_comammox	K02338
N4_Nitrospira_comammox	K02340
N4_Nitrospira_comammox	K02341
N4_Nitrospira_comammox	K02343
N4_Nitrospira_comammox	K02346
N4_Nitrospira_comammox	K02355
N4_Nitrospira_comammox	K02356
N4_Nitrospira_comammox	K02357
N4_Nitrospira_comammox	K02358
N4_Nitrospira_comammox	K02372
N4_Nitrospira_comammox	K02377
N4_Nitrospira_comammox	K02386
N4_Nitrospira_comammox	K02387
N4_Nitrospira_comammox	K02388
N4_Nitrospira_comammox	K02389
N4_Nitrospira_comammox	K02390
N4_Nitrospira_comammox	K02391
N4_Nitrospira_comammox	K02392
N4_Nitrospira_comammox	K02393
N4_Nitrospira_comammox	K02394
N4_Nitrospira_comammox	K02395
N4_Nitrospira_comammox	K02396
N4_Nitrospira_comammox	K02397
N4_Nitrospira_comammox	K02398
N4_Nitrospira_comammox	K02399
N4_Nitrospira_comammox	K02400
N4_Nitrospira_comammox	K02401
N4_Nitrospira_comammox	K02404
N4_Nitrospira_comammox	K02405
N4_Nitrospira_comammox	K02406
N4_Nitrospira_comammox	K02407
N4_Nitrospira_comammox	K02408
N4_Nitrospira_comammox	K02409
N4_Nitrospira_comammox	K02410
N4_Nitrospira_comammox	K02411
N4_Nitrospira_comammox	K02412
N4_Nitrospira_comammox	K02413
N4_Nitrospira_comammox	K02415
N4_Nitrospira_comammox	K02416
N4_Nitrospira_comammox	K02417
N4_Nitrospira_comammox	K02418
N4_Nitrospira_comammox	K02419
N4_Nitrospira_comammox	K02420
N4_Nitrospira_comammox	K02421
N4_Nitrospira_comammox	K02422
N4_Nitrospira_comammox	K02433
N4_Nitrospira_comammox	K02434
N4_Nitrospira_comammox	K02435
N4_Nitrospira_comammox	K02437
N4_Nitrospira_comammox	K02438
N4_Nitrospira_comammox	K02448
N4_Nitrospira_comammox	K02452
N4_Nitrospira_comammox	K02453
N4_Nitrospira_comammox	K02454
N4_Nitrospira_comammox	K02455
N4_Nitrospira_comammox	K02456
N4_Nitrospira_comammox	K02458
N4_Nitrospira_comammox	K02459
N4_Nitrospira_comammox	K02460
N4_Nitrospira_comammox	K02461
N4_Nitrospira_comammox	K02462
N4_Nitrospira_comammox	K02469
N4_Nitrospira_comammox	K02470
N4_Nitrospira_comammox	K02474
N4_Nitrospira_comammox	K02477
N4_Nitrospira_comammox	K02481
N4_Nitrospira_comammox	K02482
N4_Nitrospira_comammox	K02483
N4_Nitrospira_comammox	K02484
N4_Nitrospira_comammox	K02492
N4_Nitrospira_comammox	K02493
N4_Nitrospira_comammox	K02495
N4_Nitrospira_comammox	K02497
N4_Nitrospira_comammox	K02500
N4_Nitrospira_comammox	K02501
N4_Nitrospira_comammox	K02502
N4_Nitrospira_comammox	K02503
N4_Nitrospira_comammox	K02519
N4_Nitrospira_comammox	K02520
N4_Nitrospira_comammox	K02523
N4_Nitrospira_comammox	K02527
N4_Nitrospira_comammox	K02528
N4_Nitrospira_comammox	K02535
N4_Nitrospira_comammox	K02536
N4_Nitrospira_comammox	K02556
N4_Nitrospira_comammox	K02557
N4_Nitrospira_comammox	K02563
N4_Nitrospira_comammox	K02567
N4_Nitrospira_comammox	K02573
N4_Nitrospira_comammox	K02584
N4_Nitrospira_comammox	K02600
N4_Nitrospira_comammox	K02601
N4_Nitrospira_comammox	K02619
N4_Nitrospira_comammox	K02626
N4_Nitrospira_comammox	K02650
N4_Nitrospira_comammox	K02651
N4_Nitrospira_comammox	K02652
N4_Nitrospira_comammox	K02653
N4_Nitrospira_comammox	K02654
N4_Nitrospira_comammox	K02662
N4_Nitrospira_comammox	K02663
N4_Nitrospira_comammox	K02664
N4_Nitrospira_comammox	K02666
N4_Nitrospira_comammox	K02667
N4_Nitrospira_comammox	K02668
N4_Nitrospira_comammox	K02669
N4_Nitrospira_comammox	K02670
N4_Nitrospira_comammox	K02671
N4_Nitrospira_comammox	K02672
N4_Nitrospira_comammox	K02673
N4_Nitrospira_comammox	K02674
N4_Nitrospira_comammox	K02676
N4_Nitrospira_comammox	K02687
N4_Nitrospira_comammox	K02825
N4_Nitrospira_comammox	K02834
N4_Nitrospira_comammox	K02835
N4_Nitrospira_comammox	K02836
N4_Nitrospira_comammox	K02837
N4_Nitrospira_comammox	K02838
N4_Nitrospira_comammox	K02841
N4_Nitrospira_comammox	K02843
N4_Nitrospira_comammox	K02847
N4_Nitrospira_comammox	K02849
N4_Nitrospira_comammox	K02851
N4_Nitrospira_comammox	K02858
N4_Nitrospira_comammox	K02860
N4_Nitrospira_comammox	K02863
N4_Nitrospira_comammox	K02864
N4_Nitrospira_comammox	K02867
N4_Nitrospira_comammox	K02871
N4_Nitrospira_comammox	K02874
N4_Nitrospira_comammox	K02876
N4_Nitrospira_comammox	K02878
N4_Nitrospira_comammox	K02879
N4_Nitrospira_comammox	K02881
N4_Nitrospira_comammox	K02884
N4_Nitrospira_comammox	K02886
N4_Nitrospira_comammox	K02887
N4_Nitrospira_comammox	K02888
N4_Nitrospira_comammox	K02890
N4_Nitrospira_comammox	K02892
N4_Nitrospira_comammox	K02895
N4_Nitrospira_comammox	K02897
N4_Nitrospira_comammox	K02899
N4_Nitrospira_comammox	K02902
N4_Nitrospira_comammox	K02904
N4_Nitrospira_comammox	K02906
N4_Nitrospira_comammox	K02909
N4_Nitrospira_comammox	K02911
N4_Nitrospira_comammox	K02913
N4_Nitrospira_comammox	K02916
N4_Nitrospira_comammox	K02926
N4_Nitrospira_comammox	K02931
N4_Nitrospira_comammox	K02933
N4_Nitrospira_comammox	K02935
N4_Nitrospira_comammox	K02939
N4_Nitrospira_comammox	K02945
N4_Nitrospira_comammox	K02946
N4_Nitrospira_comammox	K02948
N4_Nitrospira_comammox	K02950
N4_Nitrospira_comammox	K02952
N4_Nitrospira_comammox	K02954
N4_Nitrospira_comammox	K02956
N4_Nitrospira_comammox	K02959
N4_Nitrospira_comammox	K02961
N4_Nitrospira_comammox	K02963
N4_Nitrospira_comammox	K02965
N4_Nitrospira_comammox	K02967
N4_Nitrospira_comammox	K02968
N4_Nitrospira_comammox	K02982
N4_Nitrospira_comammox	K02986
N4_Nitrospira_comammox	K02988
N4_Nitrospira_comammox	K02990
N4_Nitrospira_comammox	K02992
N4_Nitrospira_comammox	K02994
N4_Nitrospira_comammox	K02996
N4_Nitrospira_comammox	K03040
N4_Nitrospira_comammox	K03043
N4_Nitrospira_comammox	K03046
N4_Nitrospira_comammox	K03060
N4_Nitrospira_comammox	K03070
N4_Nitrospira_comammox	K03072
N4_Nitrospira_comammox	K03073
N4_Nitrospira_comammox	K03074
N4_Nitrospira_comammox	K03075
N4_Nitrospira_comammox	K03076
N4_Nitrospira_comammox	K03086
N4_Nitrospira_comammox	K03088
N4_Nitrospira_comammox	K03089
N4_Nitrospira_comammox	K03092
N4_Nitrospira_comammox	K03098
N4_Nitrospira_comammox	K03100
N4_Nitrospira_comammox	K03101
N4_Nitrospira_comammox	K03106
N4_Nitrospira_comammox	K03110
N4_Nitrospira_comammox	K03111
N4_Nitrospira_comammox	K03116
N4_Nitrospira_comammox	K03118
N4_Nitrospira_comammox	K03147
N4_Nitrospira_comammox	K03149
N4_Nitrospira_comammox	K03151
N4_Nitrospira_comammox	K03154
N4_Nitrospira_comammox	K03166
N4_Nitrospira_comammox	K03167
N4_Nitrospira_comammox	K03168
N4_Nitrospira_comammox	K03177
N4_Nitrospira_comammox	K03179
N4_Nitrospira_comammox	K03183
N4_Nitrospira_comammox	K03188
N4_Nitrospira_comammox	K03189
N4_Nitrospira_comammox	K03190
N4_Nitrospira_comammox	K03195
N4_Nitrospira_comammox	K03196
N4_Nitrospira_comammox	K03197
N4_Nitrospira_comammox	K03199
N4_Nitrospira_comammox	K03200
N4_Nitrospira_comammox	K03201
N4_Nitrospira_comammox	K03203
N4_Nitrospira_comammox	K03204
N4_Nitrospira_comammox	K03205
N4_Nitrospira_comammox	K03208
N4_Nitrospira_comammox	K03210
N4_Nitrospira_comammox	K03216
N4_Nitrospira_comammox	K03217
N4_Nitrospira_comammox	K03218
N4_Nitrospira_comammox	K03269
N4_Nitrospira_comammox	K03270
N4_Nitrospira_comammox	K03271
N4_Nitrospira_comammox	K03273
N4_Nitrospira_comammox	K03274
N4_Nitrospira_comammox	K03282
N4_Nitrospira_comammox	K03286
N4_Nitrospira_comammox	K03294
N4_Nitrospira_comammox	K03301
N4_Nitrospira_comammox	K03313
N4_Nitrospira_comammox	K03316
N4_Nitrospira_comammox	K03325
N4_Nitrospira_comammox	K03385
N4_Nitrospira_comammox	K03406
N4_Nitrospira_comammox	K03407
N4_Nitrospira_comammox	K03408
N4_Nitrospira_comammox	K03411
N4_Nitrospira_comammox	K03412
N4_Nitrospira_comammox	K03413
N4_Nitrospira_comammox	K03414
N4_Nitrospira_comammox	K03417
N4_Nitrospira_comammox	K03424
N4_Nitrospira_comammox	K03427
N4_Nitrospira_comammox	K03431
N4_Nitrospira_comammox	K03432
N4_Nitrospira_comammox	K03433
N4_Nitrospira_comammox	K03438
N4_Nitrospira_comammox	K03442
N4_Nitrospira_comammox	K03466
N4_Nitrospira_comammox	K03469
N4_Nitrospira_comammox	K03470
N4_Nitrospira_comammox	K03471
N4_Nitrospira_comammox	K03474
N4_Nitrospira_comammox	K03495
N4_Nitrospira_comammox	K03496
N4_Nitrospira_comammox	K03497
N4_Nitrospira_comammox	K03500
N4_Nitrospira_comammox	K03501
N4_Nitrospira_comammox	K03517
N4_Nitrospira_comammox	K03524
N4_Nitrospira_comammox	K03525
N4_Nitrospira_comammox	K03526
N4_Nitrospira_comammox	K03527
N4_Nitrospira_comammox	K03529
N4_Nitrospira_comammox	K03530
N4_Nitrospira_comammox	K03531
N4_Nitrospira_comammox	K03544
N4_Nitrospira_comammox	K03545
N4_Nitrospira_comammox	K03550
N4_Nitrospira_comammox	K03551
N4_Nitrospira_comammox	K03553
N4_Nitrospira_comammox	K03555
N4_Nitrospira_comammox	K03559
N4_Nitrospira_comammox	K03560
N4_Nitrospira_comammox	K03561
N4_Nitrospira_comammox	K03563
N4_Nitrospira_comammox	K03564
N4_Nitrospira_comammox	K03565
N4_Nitrospira_comammox	K03568
N4_Nitrospira_comammox	K03569
N4_Nitrospira_comammox	K03570
N4_Nitrospira_comammox	K03572
N4_Nitrospira_comammox	K03574
N4_Nitrospira_comammox	K03575
N4_Nitrospira_comammox	K03579
N4_Nitrospira_comammox	K03584
N4_Nitrospira_comammox	K03585
N4_Nitrospira_comammox	K03586
N4_Nitrospira_comammox	K03587
N4_Nitrospira_comammox	K03588
N4_Nitrospira_comammox	K03589
N4_Nitrospira_comammox	K03590
N4_Nitrospira_comammox	K03592
N4_Nitrospira_comammox	K03593
N4_Nitrospira_comammox	K03594
N4_Nitrospira_comammox	K03595
N4_Nitrospira_comammox	K03596
N4_Nitrospira_comammox	K03601
N4_Nitrospira_comammox	K03602
N4_Nitrospira_comammox	K03605
N4_Nitrospira_comammox	K03621
N4_Nitrospira_comammox	K03624
N4_Nitrospira_comammox	K03625
N4_Nitrospira_comammox	K03628
N4_Nitrospira_comammox	K03630
N4_Nitrospira_comammox	K03631
N4_Nitrospira_comammox	K03634
N4_Nitrospira_comammox	K03635
N4_Nitrospira_comammox	K03636
N4_Nitrospira_comammox	K03637
N4_Nitrospira_comammox	K03638
N4_Nitrospira_comammox	K03639
N4_Nitrospira_comammox	K03640
N4_Nitrospira_comammox	K03641
N4_Nitrospira_comammox	K03642
N4_Nitrospira_comammox	K03644
N4_Nitrospira_comammox	K03650
N4_Nitrospira_comammox	K03652
N4_Nitrospira_comammox	K03655
N4_Nitrospira_comammox	K03657
N4_Nitrospira_comammox	K03664
N4_Nitrospira_comammox	K03665
N4_Nitrospira_comammox	K03667
N4_Nitrospira_comammox	K03671
N4_Nitrospira_comammox	K03672
N4_Nitrospira_comammox	K03673
N4_Nitrospira_comammox	K03684
N4_Nitrospira_comammox	K03685
N4_Nitrospira_comammox	K03686
N4_Nitrospira_comammox	K03687
N4_Nitrospira_comammox	K03688
N4_Nitrospira_comammox	K03695
N4_Nitrospira_comammox	K03696
N4_Nitrospira_comammox	K03699
N4_Nitrospira_comammox	K03701
N4_Nitrospira_comammox	K03702
N4_Nitrospira_comammox	K03703
N4_Nitrospira_comammox	K03704
N4_Nitrospira_comammox	K03707
N4_Nitrospira_comammox	K03711
N4_Nitrospira_comammox	K03717
N4_Nitrospira_comammox	K03723
N4_Nitrospira_comammox	K03724
N4_Nitrospira_comammox	K03733
N4_Nitrospira_comammox	K03743
N4_Nitrospira_comammox	K03744
N4_Nitrospira_comammox	K03750
N4_Nitrospira_comammox	K03752
N4_Nitrospira_comammox	K03753
N4_Nitrospira_comammox	K03772
N4_Nitrospira_comammox	K03781
N4_Nitrospira_comammox	K03786
N4_Nitrospira_comammox	K03787
N4_Nitrospira_comammox	K03789
N4_Nitrospira_comammox	K03797
N4_Nitrospira_comammox	K03798
N4_Nitrospira_comammox	K03799
N4_Nitrospira_comammox	K03801
N4_Nitrospira_comammox	K03809
N4_Nitrospira_comammox	K03814
N4_Nitrospira_comammox	K03820
N4_Nitrospira_comammox	K03832
N4_Nitrospira_comammox	K03841
N4_Nitrospira_comammox	K03856
N4_Nitrospira_comammox	K03885
N4_Nitrospira_comammox	K03893
N4_Nitrospira_comammox	K03924
N4_Nitrospira_comammox	K03925
N4_Nitrospira_comammox	K03926
N4_Nitrospira_comammox	K03932
N4_Nitrospira_comammox	K03975
N4_Nitrospira_comammox	K03977
N4_Nitrospira_comammox	K03978
N4_Nitrospira_comammox	K03979
N4_Nitrospira_comammox	K03980
N4_Nitrospira_comammox	K04042
N4_Nitrospira_comammox	K04043
N4_Nitrospira_comammox	K04044
N4_Nitrospira_comammox	K04047
N4_Nitrospira_comammox	K04062
N4_Nitrospira_comammox	K04063
N4_Nitrospira_comammox	K04066
N4_Nitrospira_comammox	K04069
N4_Nitrospira_comammox	K04070
N4_Nitrospira_comammox	K04074
N4_Nitrospira_comammox	K04075
N4_Nitrospira_comammox	K04077
N4_Nitrospira_comammox	K04078
N4_Nitrospira_comammox	K04082
N4_Nitrospira_comammox	K04085
N4_Nitrospira_comammox	K04087
N4_Nitrospira_comammox	K04088
N4_Nitrospira_comammox	K04094
N4_Nitrospira_comammox	K04096
N4_Nitrospira_comammox	K04485
N4_Nitrospira_comammox	K04487
N4_Nitrospira_comammox	K04517
N4_Nitrospira_comammox	K04518
N4_Nitrospira_comammox	K04562
N4_Nitrospira_comammox	K04567
N4_Nitrospira_comammox	K04651
N4_Nitrospira_comammox	K04653
N4_Nitrospira_comammox	K04654
N4_Nitrospira_comammox	K04655
N4_Nitrospira_comammox	K04656
N4_Nitrospira_comammox	K04720
N4_Nitrospira_comammox	K04744
N4_Nitrospira_comammox	K04748
N4_Nitrospira_comammox	K04749
N4_Nitrospira_comammox	K04750
N4_Nitrospira_comammox	K04751
N4_Nitrospira_comammox	K04754
N4_Nitrospira_comammox	K04757
N4_Nitrospira_comammox	K04761
N4_Nitrospira_comammox	K04763
N4_Nitrospira_comammox	K04764
N4_Nitrospira_comammox	K04765
N4_Nitrospira_comammox	K04767
N4_Nitrospira_comammox	K04770
N4_Nitrospira_comammox	K04771
N4_Nitrospira_comammox	K04772
N4_Nitrospira_comammox	K04773
N4_Nitrospira_comammox	K05365
N4_Nitrospira_comammox	K05366
N4_Nitrospira_comammox	K05515
N4_Nitrospira_comammox	K05516
N4_Nitrospira_comammox	K05589
N4_Nitrospira_comammox	K05592
N4_Nitrospira_comammox	K05606
N4_Nitrospira_comammox	K05710
N4_Nitrospira_comammox	K05785
N4_Nitrospira_comammox	K05788
N4_Nitrospira_comammox	K05807
N4_Nitrospira_comammox	K05808
N4_Nitrospira_comammox	K05810
N4_Nitrospira_comammox	K05837
N4_Nitrospira_comammox	K05896
N4_Nitrospira_comammox	K05939
N4_Nitrospira_comammox	K06006
N4_Nitrospira_comammox	K06020
N4_Nitrospira_comammox	K06024
N4_Nitrospira_comammox	K06034
N4_Nitrospira_comammox	K06041
N4_Nitrospira_comammox	K06044
N4_Nitrospira_comammox	K06045
N4_Nitrospira_comammox	K06076
N4_Nitrospira_comammox	K06133
N4_Nitrospira_comammox	K06142
N4_Nitrospira_comammox	K06147
N4_Nitrospira_comammox	K06153
N4_Nitrospira_comammox	K06158
N4_Nitrospira_comammox	K06168
N4_Nitrospira_comammox	K06173
N4_Nitrospira_comammox	K06176
N4_Nitrospira_comammox	K06178
N4_Nitrospira_comammox	K06180
N4_Nitrospira_comammox	K06181
N4_Nitrospira_comammox	K06182
N4_Nitrospira_comammox	K06183
N4_Nitrospira_comammox	K06187
N4_Nitrospira_comammox	K06196
N4_Nitrospira_comammox	K06199
N4_Nitrospira_comammox	K06200
N4_Nitrospira_comammox	K06204
N4_Nitrospira_comammox	K06207
N4_Nitrospira_comammox	K06213
N4_Nitrospira_comammox	K06217
N4_Nitrospira_comammox	K06218
N4_Nitrospira_comammox	K06287
N4_Nitrospira_comammox	K06320
N4_Nitrospira_comammox	K06324
N4_Nitrospira_comammox	K06350
N4_Nitrospira_comammox	K06351
N4_Nitrospira_comammox	K06381
N4_Nitrospira_comammox	K06402
N4_Nitrospira_comammox	K06442
N4_Nitrospira_comammox	K06603
N4_Nitrospira_comammox	K06861
N4_Nitrospira_comammox	K06864
N4_Nitrospira_comammox	K06872
N4_Nitrospira_comammox	K06885
N4_Nitrospira_comammox	K06886
N4_Nitrospira_comammox	K06888
N4_Nitrospira_comammox	K06889
N4_Nitrospira_comammox	K06891
N4_Nitrospira_comammox	K06898
N4_Nitrospira_comammox	K06911
N4_Nitrospira_comammox	K06920
N4_Nitrospira_comammox	K06940
N4_Nitrospira_comammox	K06941
N4_Nitrospira_comammox	K06942
N4_Nitrospira_comammox	K06958
N4_Nitrospira_comammox	K06962
N4_Nitrospira_comammox	K06969
N4_Nitrospira_comammox	K06980
N4_Nitrospira_comammox	K06996
N4_Nitrospira_comammox	K06997
N4_Nitrospira_comammox	K06998
N4_Nitrospira_comammox	K06999
N4_Nitrospira_comammox	K07007
N4_Nitrospira_comammox	K07010
N4_Nitrospira_comammox	K07012
N4_Nitrospira_comammox	K07019
N4_Nitrospira_comammox	K07025
N4_Nitrospira_comammox	K07026
N4_Nitrospira_comammox	K07040
N4_Nitrospira_comammox	K07042
N4_Nitrospira_comammox	K07045
N4_Nitrospira_comammox	K07052
N4_Nitrospira_comammox	K07053
N4_Nitrospira_comammox	K07056
N4_Nitrospira_comammox	K07058
N4_Nitrospira_comammox	K07059
N4_Nitrospira_comammox	K07061
N4_Nitrospira_comammox	K07071
N4_Nitrospira_comammox	K07082
N4_Nitrospira_comammox	K07086
N4_Nitrospira_comammox	K07090
N4_Nitrospira_comammox	K07091
N4_Nitrospira_comammox	K07092
N4_Nitrospira_comammox	K07093
N4_Nitrospira_comammox	K07100
N4_Nitrospira_comammox	K07102
N4_Nitrospira_comammox	K07104
N4_Nitrospira_comammox	K07107
N4_Nitrospira_comammox	K07121
N4_Nitrospira_comammox	K07126
N4_Nitrospira_comammox	K07130
N4_Nitrospira_comammox	K07133
N4_Nitrospira_comammox	K07152
N4_Nitrospira_comammox	K07156
N4_Nitrospira_comammox	K07157
N4_Nitrospira_comammox	K07160
N4_Nitrospira_comammox	K07164
N4_Nitrospira_comammox	K07219
N4_Nitrospira_comammox	K07221
N4_Nitrospira_comammox	K07233
N4_Nitrospira_comammox	K07234
N4_Nitrospira_comammox	K07258
N4_Nitrospira_comammox	K07263
N4_Nitrospira_comammox	K07277
N4_Nitrospira_comammox	K07283
N4_Nitrospira_comammox	K07285
N4_Nitrospira_comammox	K07304
N4_Nitrospira_comammox	K07305
N4_Nitrospira_comammox	K07316
N4_Nitrospira_comammox	K07323
N4_Nitrospira_comammox	K07334
N4_Nitrospira_comammox	K07337
N4_Nitrospira_comammox	K07341
N4_Nitrospira_comammox	K07390
N4_Nitrospira_comammox	K07391
N4_Nitrospira_comammox	K07393
N4_Nitrospira_comammox	K07403
N4_Nitrospira_comammox	K07442
N4_Nitrospira_comammox	K07447
N4_Nitrospira_comammox	K07448
N4_Nitrospira_comammox	K07456
N4_Nitrospira_comammox	K07458
N4_Nitrospira_comammox	K07460
N4_Nitrospira_comammox	K07461
N4_Nitrospira_comammox	K07462
N4_Nitrospira_comammox	K07464
N4_Nitrospira_comammox	K07478
N4_Nitrospira_comammox	K07480
N4_Nitrospira_comammox	K07483
N4_Nitrospira_comammox	K07491
N4_Nitrospira_comammox	K07497
N4_Nitrospira_comammox	K07501
N4_Nitrospira_comammox	K07502
N4_Nitrospira_comammox	K07535
N4_Nitrospira_comammox	K07560
N4_Nitrospira_comammox	K07566
N4_Nitrospira_comammox	K07568
N4_Nitrospira_comammox	K07576
N4_Nitrospira_comammox	K07588
N4_Nitrospira_comammox	K07636
N4_Nitrospira_comammox	K07644
N4_Nitrospira_comammox	K07646
N4_Nitrospira_comammox	K07667
N4_Nitrospira_comammox	K07682
N4_Nitrospira_comammox	K07692
N4_Nitrospira_comammox	K07695
N4_Nitrospira_comammox	K07711
N4_Nitrospira_comammox	K07713
N4_Nitrospira_comammox	K07714
N4_Nitrospira_comammox	K07715
N4_Nitrospira_comammox	K07722
N4_Nitrospira_comammox	K07729
N4_Nitrospira_comammox	K07735
N4_Nitrospira_comammox	K07738
N4_Nitrospira_comammox	K07743
N4_Nitrospira_comammox	K07755
N4_Nitrospira_comammox	K07755 
N4_Nitrospira_comammox	K07777
N4_Nitrospira_comammox	K07787
N4_Nitrospira_comammox	K07796
N4_Nitrospira_comammox	K07798
N4_Nitrospira_comammox	K07814
N4_Nitrospira_comammox	K08084
N4_Nitrospira_comammox	K08218
N4_Nitrospira_comammox	K08234
N4_Nitrospira_comammox	K08281
N4_Nitrospira_comammox	K08296
N4_Nitrospira_comammox	K08301
N4_Nitrospira_comammox	K08307
N4_Nitrospira_comammox	K08309
N4_Nitrospira_comammox	K08316
N4_Nitrospira_comammox	K08363
N4_Nitrospira_comammox	K08591
N4_Nitrospira_comammox	K08602
N4_Nitrospira_comammox	K08679
N4_Nitrospira_comammox	K08744
N4_Nitrospira_comammox	K08963
N4_Nitrospira_comammox	K08970
N4_Nitrospira_comammox	K08972
N4_Nitrospira_comammox	K08976
N4_Nitrospira_comammox	K08988
N4_Nitrospira_comammox	K08992
N4_Nitrospira_comammox	K08997
N4_Nitrospira_comammox	K08998
N4_Nitrospira_comammox	K08999
N4_Nitrospira_comammox	K09000
N4_Nitrospira_comammox	K09001
N4_Nitrospira_comammox	K09005
N4_Nitrospira_comammox	K09117
N4_Nitrospira_comammox	K09121
N4_Nitrospira_comammox	K09127
N4_Nitrospira_comammox	K09131
N4_Nitrospira_comammox	K09132
N4_Nitrospira_comammox	K09137
N4_Nitrospira_comammox	K09143
N4_Nitrospira_comammox	K09162
N4_Nitrospira_comammox	K09165
N4_Nitrospira_comammox	K09457
N4_Nitrospira_comammox	K09458
N4_Nitrospira_comammox	K09710
N4_Nitrospira_comammox	K09747
N4_Nitrospira_comammox	K09748
N4_Nitrospira_comammox	K09760
N4_Nitrospira_comammox	K09761
N4_Nitrospira_comammox	K09764
N4_Nitrospira_comammox	K09767
N4_Nitrospira_comammox	K09769
N4_Nitrospira_comammox	K09774
N4_Nitrospira_comammox	K09780
N4_Nitrospira_comammox	K09791
N4_Nitrospira_comammox	K09794
N4_Nitrospira_comammox	K09803
N4_Nitrospira_comammox	K09807
N4_Nitrospira_comammox	K09808
N4_Nitrospira_comammox	K09810
N4_Nitrospira_comammox	K09811
N4_Nitrospira_comammox	K09812
N4_Nitrospira_comammox	K09816
N4_Nitrospira_comammox	K09859
N4_Nitrospira_comammox	K09888
N4_Nitrospira_comammox	K09903
N4_Nitrospira_comammox	K09922
N4_Nitrospira_comammox	K09928
N4_Nitrospira_comammox	K09930
N4_Nitrospira_comammox	K09931
N4_Nitrospira_comammox	K09939
N4_Nitrospira_comammox	K09949
N4_Nitrospira_comammox	K09951
N4_Nitrospira_comammox	K09978
N4_Nitrospira_comammox	K10026
N4_Nitrospira_comammox	K10206
N4_Nitrospira_comammox	K10236
N4_Nitrospira_comammox	K10535
N4_Nitrospira_comammox	K10563
N4_Nitrospira_comammox	K10700
N4_Nitrospira_comammox	K10773
N4_Nitrospira_comammox	K10804
N4_Nitrospira_comammox	K10941
N4_Nitrospira_comammox	K10942
N4_Nitrospira_comammox	K10943
N4_Nitrospira_comammox	K10961
N4_Nitrospira_comammox	K10966
N4_Nitrospira_comammox	K11003
N4_Nitrospira_comammox	K11004
N4_Nitrospira_comammox	K11065
N4_Nitrospira_comammox	K11085
N4_Nitrospira_comammox	K11105
N4_Nitrospira_comammox	K11175
N4_Nitrospira_comammox	K11415
N4_Nitrospira_comammox	K11444
N4_Nitrospira_comammox	K11473
N4_Nitrospira_comammox	K11527
N4_Nitrospira_comammox	K11529
N4_Nitrospira_comammox	K11624
N4_Nitrospira_comammox	K11645
N4_Nitrospira_comammox	K11688
N4_Nitrospira_comammox	K11689
N4_Nitrospira_comammox	K11690
N4_Nitrospira_comammox	K11719
N4_Nitrospira_comammox	K11720
N4_Nitrospira_comammox	K11749
N4_Nitrospira_comammox	K11752
N4_Nitrospira_comammox	K11753
N4_Nitrospira_comammox	K11754
N4_Nitrospira_comammox	K11755
N4_Nitrospira_comammox	K11903
N4_Nitrospira_comammox	K11936
N4_Nitrospira_comammox	K11959
N4_Nitrospira_comammox	K11960
N4_Nitrospira_comammox	K11961
N4_Nitrospira_comammox	K11962
N4_Nitrospira_comammox	K11963
N4_Nitrospira_comammox	K11991
N4_Nitrospira_comammox	K12132
N4_Nitrospira_comammox	K12146
N4_Nitrospira_comammox	K12340
N4_Nitrospira_comammox	K12410
N4_Nitrospira_comammox	K12452
N4_Nitrospira_comammox	K12510
N4_Nitrospira_comammox	K12511
N4_Nitrospira_comammox	K12513
N4_Nitrospira_comammox	K12546
N4_Nitrospira_comammox	K12630
N4_Nitrospira_comammox	K12635
N4_Nitrospira_comammox	K12953
N4_Nitrospira_comammox	K12976
N4_Nitrospira_comammox	K13007
N4_Nitrospira_comammox	K13017
N4_Nitrospira_comammox	K13038
N4_Nitrospira_comammox	K13039
N4_Nitrospira_comammox	K13051
N4_Nitrospira_comammox	K13075
N4_Nitrospira_comammox	K13290
N4_Nitrospira_comammox	K13292
N4_Nitrospira_comammox	K13315
N4_Nitrospira_comammox	K13378
N4_Nitrospira_comammox	K13527
N4_Nitrospira_comammox	K13542
N4_Nitrospira_comammox	K13570
N4_Nitrospira_comammox	K13571
N4_Nitrospira_comammox	K13587
N4_Nitrospira_comammox	K13598
N4_Nitrospira_comammox	K13599
N4_Nitrospira_comammox	K13626
N4_Nitrospira_comammox	K13628
N4_Nitrospira_comammox	K13668
N4_Nitrospira_comammox	K13693
N4_Nitrospira_comammox	K13766
N4_Nitrospira_comammox	K13767
N4_Nitrospira_comammox	K13789
N4_Nitrospira_comammox	K13821
N4_Nitrospira_comammox	K13953
N4_Nitrospira_comammox	K13979
N4_Nitrospira_comammox	K13993
N4_Nitrospira_comammox	K14058
N4_Nitrospira_comammox	K14059
N4_Nitrospira_comammox	K14170
N4_Nitrospira_comammox	K14261
N4_Nitrospira_comammox	K14371
N4_Nitrospira_comammox	K14372
N4_Nitrospira_comammox	K14373
N4_Nitrospira_comammox	K14374
N4_Nitrospira_comammox	K14415
N4_Nitrospira_comammox	K14441
N4_Nitrospira_comammox	K14604
N4_Nitrospira_comammox	K14652
N4_Nitrospira_comammox	K14742
N4_Nitrospira_comammox	K14746
N4_Nitrospira_comammox	K15034
N4_Nitrospira_comammox	K15230
N4_Nitrospira_comammox	K15231
N4_Nitrospira_comammox	K15342
N4_Nitrospira_comammox	K15539
N4_Nitrospira_comammox	K15558
N4_Nitrospira_comammox	K15635
N4_Nitrospira_comammox	K15724
N4_Nitrospira_comammox	K15725
N4_Nitrospira_comammox	K15726
N4_Nitrospira_comammox	K15727
N4_Nitrospira_comammox	K15738
N4_Nitrospira_comammox	K15753
N4_Nitrospira_comammox	K15778
N4_Nitrospira_comammox	K15836
N4_Nitrospira_comammox	K15876
N4_Nitrospira_comammox	K15886
N4_Nitrospira_comammox	K15954
N4_Nitrospira_comammox	K15956
N4_Nitrospira_comammox	K15970
N4_Nitrospira_comammox	K15987
N4_Nitrospira_comammox	K16011
N4_Nitrospira_comammox	K16030
N4_Nitrospira_comammox	K16032
N4_Nitrospira_comammox	K16037
N4_Nitrospira_comammox	K16087
N4_Nitrospira_comammox	K16091
N4_Nitrospira_comammox	K16092
N4_Nitrospira_comammox	K16106
N4_Nitrospira_comammox	K16108
N4_Nitrospira_comammox	K16109
N4_Nitrospira_comammox	K16110
N4_Nitrospira_comammox	K16111
N4_Nitrospira_comammox	K16112
N4_Nitrospira_comammox	K16113
N4_Nitrospira_comammox	K16116
N4_Nitrospira_comammox	K16117
N4_Nitrospira_comammox	K16264
N4_Nitrospira_comammox	K16399
N4_Nitrospira_comammox	K16418
N4_Nitrospira_comammox	K16419
N4_Nitrospira_comammox	K16450
N4_Nitrospira_comammox	K16868
N4_Nitrospira_comammox	K16870
N4_Nitrospira_comammox	K16898
N4_Nitrospira_comammox	K16899
N4_Nitrospira_comammox	K17048
N4_Nitrospira_comammox	K17049
N4_Nitrospira_comammox	K17051
N4_Nitrospira_comammox	K17068
N4_Nitrospira_comammox	K17103
N4_Nitrospira_comammox	K17218
N4_Nitrospira_comammox	K17686
N4_Nitrospira_comammox	K17758
N4_Nitrospira_comammox	K17810
N4_Nitrospira_comammox	K17832
N4_Nitrospira_comammox	K17892
N4_Nitrospira_comammox	K18138
N4_Nitrospira_comammox	K18139
N4_Nitrospira_comammox	K18240
N4_Nitrospira_comammox	K18480
N4_Nitrospira_comammox	K18534
N4_Nitrospira_comammox	K18535
N4_Nitrospira_comammox	K18570
N4_Nitrospira_comammox	K18682
N4_Nitrospira_comammox	K18825
N4_Nitrospira_comammox	K18831
N4_Nitrospira_comammox	K18836
N4_Nitrospira_comammox	K18843
N4_Nitrospira_comammox	K18979
N4_Nitrospira_comammox	K18997
N4_Nitrospira_comammox	K19076
N4_Nitrospira_comammox	K19117
N4_Nitrospira_comammox	K19118
N4_Nitrospira_comammox	K19119
N4_Nitrospira_comammox	K19131
N4_Nitrospira_comammox	K19132
N4_Nitrospira_comammox	K19135
N4_Nitrospira_comammox	K19141
N4_Nitrospira_comammox	K19142
N4_Nitrospira_comammox	K19191
N4_Nitrospira_comammox	K19302
N4_Nitrospira_comammox	K19632
N4_Nitrospira_comammox	K19653
N4_Nitrospira_comammox	K19713
N4_Nitrospira_comammox	K19804
N4_Nitrospira_comammox	K19857
N4_Nitrospira_comammox	K19960
N4_Nitrospira_comammox	K19961
N4_Nitrospira_comammox	K19962
N4_Nitrospira_comammox	K20074
N4_Nitrospira_comammox	K20334
N4_Nitrospira_comammox	K20386
N4_Nitrospira_comammox	K20523
N4_Nitrospira_comammox	K20571
N4_Nitrospira_comammox	K20572
N4_Nitrospira_comammox	K20615
N4_Nitrospira_comammox	K20707
N4_Nitrospira_comammox	K20814
N4_Nitrospira_comammox	K20881
N4_Nitrospira_comammox	K20974
N4_Nitrospira_comammox	K20976
N4_Nitrospira_comammox	K21008
N4_Nitrospira_comammox	K21029
N4_Nitrospira_comammox	K21142
N4_Nitrospira_comammox	K21153
N4_Nitrospira_comammox	K21164
N4_Nitrospira_comammox	K21179
N4_Nitrospira_comammox	K21254
N4_Nitrospira_comammox	K21258
N4_Nitrospira_comammox	K21320
N4_Nitrospira_comammox	K21326
N4_Nitrospira_comammox	K21344
N4_Nitrospira_comammox	K21345
N4_Nitrospira_comammox	K21349
N4_Nitrospira_comammox	K21449
N4_Nitrospira_comammox	K21498
N4_Nitrospira_comammox	K21586
N4_Nitrospira_comammox	K21723
N4_Nitrospira_comammox	K21836
N4_Nitrospira_comammox	K21929
N4_Nitrospira_comammox	K21947
N4_Nitrospira_comammox	K22024
N4_Nitrospira_comammox	K22044
N4_Nitrospira_comammox	K22205
N4_Nitrospira_comammox	K22227
N4_Nitrospira_comammox	K22278
N4_Nitrospira_comammox	K22310
N4_Nitrospira_comammox	K22349
N4_Nitrospira_comammox	K22450
N4_Nitrospira_comammox	K22452
N4_Nitrospira_comammox	K22468
N4_Nitrospira_comammox	K22491
N4_Nitrospira_comammox	K22579
N4_Nitrospira_comammox	K22699
N4_Nitrospira_comammox	K22704
N4_Nitrospira_comammox	K22717
N4_Nitrospira_comammox	K22719
N4_Nitrospira_comammox	K22934
N4_Nitrospira_comammox	K22957
N4_Nitrospira_comammox	K23101
N4_Nitrospira_comammox	K23102
N4_Nitrospira_comammox	K23103
N4_Nitrospira_comammox	K23104
N4_Nitrospira_comammox	K23105
N4_Nitrospira_comammox	K23107
N4_Nitrospira_comammox	K23124
N4_Nitrospira_comammox	K23130
N4_Nitrospira_comammox	K23131
N4_Nitrospira_comammox	K23202
N4_Nitrospira_comammox	K23229
N4_Nitrospira_comammox	K23230
N4_Nitrospira_comammox	K23251
N4_Nitrospira_comammox	K23264
N4_Nitrospira_comammox	K23265
N4_Nitrospira_comammox	K23269
N4_Nitrospira_comammox	K23349
N4_Nitrospira_comammox	K23365
N4_Nitrospira_comammox	K23367
N4_Nitrospira_comammox	K23397
N4_Nitrospira_comammox	K23518
N4_Nitrospira_comammox	K23738
N4_Nitrospira_comammox	K23744
N4_Nitrospira_comammox	K23992
N4_Nitrospira_comammox	K23997
N4_Nitrospira_comammox	K24012
N4_Nitrospira_comammox	K24158
N4_Nitrospira_comammox	K24245
N4_Nitrospira_comammox	K24310
N4_Nitrospira_comammox	K24312
N4_Nitrospira_comammox	K24528
N4_Nitrospira_comammox	K24557
N4_Nitrospira_comammox	K24558
N4_Nitrospira_comammox	K24559
N4_Nitrospira_comammox	K24567
N4_Nitrospira_comammox	K24568
N4_Nitrospira_comammox	K24569
N4_Nitrospira_comammox	K24698
N4_Nitrospira_comammox	K24866
N4_Nitrospira_comammox	K24956
N4_Nitrospira_comammox	K25034
N4_Nitrospira_comammox	K25135
N4_Nitrospira_comammox	K25151
N4_Nitrospira_comammox	K25152
N4_Nitrospira_comammox	K25153
N4_Nitrospira_comammox	K25183
N4_Nitrospira_comammox	K25197
N4_Nitrospira_comammox	K25590
N4_Nitrospira_comammox	K25706
N4_Nitrospira_comammox	K26061
N4_Nitrospira_comammox	K26217
N4_Nitrospira_comammox	K26569
N4_Nitrospira_comammox	K26576
N4_Nitrospira_comammox	K26735
N4_Nitrospira_comammox	K26937
N4_Nitrospira_comammox	K26939
N4_Nitrospira_comammox	K27305
N4_Nitrospira_comammox	K27597
N4_Nitrospira_comammox	K27683
N4_Nitrospira_comammox	K28013
N4_Nitrospira_comammox	K28014
N4_Nitrospira_comammox	K28141
N4_Nitrospira_comammox	K28143
N4_Nitrospira_comammox	K28147
N4_Nitrospira_comammox	K28186
N4_Nitrospira_comammox	K28187
N4_Nitrospira_comammox	K28188
N4_Nitrospira_comammox	K28279
N4_Nitrospira_comammox	K28280
N4_Nitrospira_comammox	K28504
N4_Nitrospira_comammox	K28568
N4_Nitrospira_comammox	K28569
N4_Nitrospira_comammox	K28570
N4_Nitrospira_comammox	K28588
N4_Nitrospira_comammox	K28589
N4_Nitrospira_comammox	K28640
N4_Nitrospira_comammox	K28641
N4_Nitrospira_comammox	K28868
Neg1_Bacteroides_gut	K00012
Neg1_Bacteroides_gut	K00013
Neg1_Bacteroides_gut	K00018
Neg1_Bacteroides_gut	K00024
Neg1_Bacteroides_gut	K00029
Neg1_Bacteroides_gut	K00031
Neg1_Bacteroides_gut	K00033
Neg1_Bacteroides_gut	K00036
Neg1_Bacteroides_gut	K00041
Neg1_Bacteroides_gut	K00046
Neg1_Bacteroides_gut	K00048
Neg1_Bacteroides_gut	K00052
Neg1_Bacteroides_gut	K00053
Neg1_Bacteroides_gut	K00057
Neg1_Bacteroides_gut	K00059
Neg1_Bacteroides_gut	K00067
Neg1_Bacteroides_gut	K00075
Neg1_Bacteroides_gut	K00077
Neg1_Bacteroides_gut	K00088
Neg1_Bacteroides_gut	K00099
Neg1_Bacteroides_gut	K00133
Neg1_Bacteroides_gut	K00134
Neg1_Bacteroides_gut	K00145
Neg1_Bacteroides_gut	K00147
Neg1_Bacteroides_gut	K00174
Neg1_Bacteroides_gut	K00175
Neg1_Bacteroides_gut	K00176
Neg1_Bacteroides_gut	K00177
Neg1_Bacteroides_gut	K00179
Neg1_Bacteroides_gut	K00180
Neg1_Bacteroides_gut	K00215
Neg1_Bacteroides_gut	K00226
Neg1_Bacteroides_gut	K00239
Neg1_Bacteroides_gut	K00240
Neg1_Bacteroides_gut	K00241
Neg1_Bacteroides_gut	K00243
Neg1_Bacteroides_gut	K00254
Neg1_Bacteroides_gut	K00259
Neg1_Bacteroides_gut	K00262
Neg1_Bacteroides_gut	K00265
Neg1_Bacteroides_gut	K00266
Neg1_Bacteroides_gut	K00275
Neg1_Bacteroides_gut	K00278
Neg1_Bacteroides_gut	K00281
Neg1_Bacteroides_gut	K00286
Neg1_Bacteroides_gut	K00287
Neg1_Bacteroides_gut	K00297
Neg1_Bacteroides_gut	K00330
Neg1_Bacteroides_gut	K00331
Neg1_Bacteroides_gut	K00334
Neg1_Bacteroides_gut	K00335
Neg1_Bacteroides_gut	K00337
Neg1_Bacteroides_gut	K00338
Neg1_Bacteroides_gut	K00339
Neg1_Bacteroides_gut	K00340
Neg1_Bacteroides_gut	K00341
Neg1_Bacteroides_gut	K00343
Neg1_Bacteroides_gut	K00346
Neg1_Bacteroides_gut	K00347
Neg1_Bacteroides_gut	K00348
Neg1_Bacteroides_gut	K00349
Neg1_Bacteroides_gut	K00350
Neg1_Bacteroides_gut	K00351
Neg1_Bacteroides_gut	K00382
Neg1_Bacteroides_gut	K00384
Neg1_Bacteroides_gut	K00425
Neg1_Bacteroides_gut	K00426
Neg1_Bacteroides_gut	K00428
Neg1_Bacteroides_gut	K00432
Neg1_Bacteroides_gut	K00459
Neg1_Bacteroides_gut	K00525
Neg1_Bacteroides_gut	K00548
Neg1_Bacteroides_gut	K00554
Neg1_Bacteroides_gut	K00558
Neg1_Bacteroides_gut	K00560
Neg1_Bacteroides_gut	K00567
Neg1_Bacteroides_gut	K00600
Neg1_Bacteroides_gut	K00602
Neg1_Bacteroides_gut	K00603
Neg1_Bacteroides_gut	K00604
Neg1_Bacteroides_gut	K00605
Neg1_Bacteroides_gut	K00606
Neg1_Bacteroides_gut	K00609
Neg1_Bacteroides_gut	K00610
Neg1_Bacteroides_gut	K00615
Neg1_Bacteroides_gut	K00616
Neg1_Bacteroides_gut	K00625
Neg1_Bacteroides_gut	K00639
Neg1_Bacteroides_gut	K00640
Neg1_Bacteroides_gut	K00645
Neg1_Bacteroides_gut	K00648
Neg1_Bacteroides_gut	K00651
Neg1_Bacteroides_gut	K00652
Neg1_Bacteroides_gut	K00654
Neg1_Bacteroides_gut	K00655
Neg1_Bacteroides_gut	K00656
Neg1_Bacteroides_gut	K00661
Neg1_Bacteroides_gut	K00666
Neg1_Bacteroides_gut	K00677
Neg1_Bacteroides_gut	K00688
Neg1_Bacteroides_gut	K00700
Neg1_Bacteroides_gut	K00705
Neg1_Bacteroides_gut	K00712
Neg1_Bacteroides_gut	K00721
Neg1_Bacteroides_gut	K00748
Neg1_Bacteroides_gut	K00757
Neg1_Bacteroides_gut	K00759
Neg1_Bacteroides_gut	K00760
Neg1_Bacteroides_gut	K00762
Neg1_Bacteroides_gut	K00763
Neg1_Bacteroides_gut	K00764
Neg1_Bacteroides_gut	K00765
Neg1_Bacteroides_gut	K00766
Neg1_Bacteroides_gut	K00767
Neg1_Bacteroides_gut	K00773
Neg1_Bacteroides_gut	K00782
Neg1_Bacteroides_gut	K00783
Neg1_Bacteroides_gut	K00784
Neg1_Bacteroides_gut	K00788
Neg1_Bacteroides_gut	K00789
Neg1_Bacteroides_gut	K00790
Neg1_Bacteroides_gut	K00791
Neg1_Bacteroides_gut	K00793
Neg1_Bacteroides_gut	K00794
Neg1_Bacteroides_gut	K00796
Neg1_Bacteroides_gut	K00798
Neg1_Bacteroides_gut	K00800
Neg1_Bacteroides_gut	K00806
Neg1_Bacteroides_gut	K00812
Neg1_Bacteroides_gut	K00817
Neg1_Bacteroides_gut	K00820
Neg1_Bacteroides_gut	K00826
Neg1_Bacteroides_gut	K00831
Neg1_Bacteroides_gut	K00833
Neg1_Bacteroides_gut	K00844
Neg1_Bacteroides_gut	K00847
Neg1_Bacteroides_gut	K00848
Neg1_Bacteroides_gut	K00849
Neg1_Bacteroides_gut	K00850
Neg1_Bacteroides_gut	K00852
Neg1_Bacteroides_gut	K00856
Neg1_Bacteroides_gut	K00857
Neg1_Bacteroides_gut	K00858
Neg1_Bacteroides_gut	K00859
Neg1_Bacteroides_gut	K00865
Neg1_Bacteroides_gut	K00868
Neg1_Bacteroides_gut	K00873
Neg1_Bacteroides_gut	K00874
Neg1_Bacteroides_gut	K00876
Neg1_Bacteroides_gut	K00891
Neg1_Bacteroides_gut	K00895
Neg1_Bacteroides_gut	K00912
Neg1_Bacteroides_gut	K00919
Neg1_Bacteroides_gut	K00925
Neg1_Bacteroides_gut	K00927
Neg1_Bacteroides_gut	K00928
Neg1_Bacteroides_gut	K00929
Neg1_Bacteroides_gut	K00930
Neg1_Bacteroides_gut	K00931
Neg1_Bacteroides_gut	K00937
Neg1_Bacteroides_gut	K00939
Neg1_Bacteroides_gut	K00940
Neg1_Bacteroides_gut	K00941
Neg1_Bacteroides_gut	K00942
Neg1_Bacteroides_gut	K00945
Neg1_Bacteroides_gut	K00946
Neg1_Bacteroides_gut	K00948
Neg1_Bacteroides_gut	K00949
Neg1_Bacteroides_gut	K00950
Neg1_Bacteroides_gut	K00954
Neg1_Bacteroides_gut	K00956
Neg1_Bacteroides_gut	K00957
Neg1_Bacteroides_gut	K00962
Neg1_Bacteroides_gut	K00969
Neg1_Bacteroides_gut	K00971
Neg1_Bacteroides_gut	K00973
Neg1_Bacteroides_gut	K00974
Neg1_Bacteroides_gut	K00978
Neg1_Bacteroides_gut	K00979
Neg1_Bacteroides_gut	K00981
Neg1_Bacteroides_gut	K00986
Neg1_Bacteroides_gut	K00992
Neg1_Bacteroides_gut	K01000
Neg1_Bacteroides_gut	K01006
Neg1_Bacteroides_gut	K01012
Neg1_Bacteroides_gut	K01051
Neg1_Bacteroides_gut	K01056
Neg1_Bacteroides_gut	K01057
Neg1_Bacteroides_gut	K01060
Neg1_Bacteroides_gut	K01069
Neg1_Bacteroides_gut	K01077
Neg1_Bacteroides_gut	K01079
Neg1_Bacteroides_gut	K01082
Neg1_Bacteroides_gut	K01089
Neg1_Bacteroides_gut	K01091
Neg1_Bacteroides_gut	K01092
Neg1_Bacteroides_gut	K01095
Neg1_Bacteroides_gut	K01104
Neg1_Bacteroides_gut	K01119
Neg1_Bacteroides_gut	K01126
Neg1_Bacteroides_gut	K01129
Neg1_Bacteroides_gut	K01135
Neg1_Bacteroides_gut	K01136
Neg1_Bacteroides_gut	K01139
Neg1_Bacteroides_gut	K01142
Neg1_Bacteroides_gut	K01151
Neg1_Bacteroides_gut	K01153
Neg1_Bacteroides_gut	K01154
Neg1_Bacteroides_gut	K01159
Neg1_Bacteroides_gut	K01163
Neg1_Bacteroides_gut	K01173
Neg1_Bacteroides_gut	K01176
Neg1_Bacteroides_gut	K01183
Neg1_Bacteroides_gut	K01186
Neg1_Bacteroides_gut	K01190
Neg1_Bacteroides_gut	K01191
Neg1_Bacteroides_gut	K01192
Neg1_Bacteroides_gut	K01193
Neg1_Bacteroides_gut	K01198
Neg1_Bacteroides_gut	K01200
Neg1_Bacteroides_gut	K01201
Neg1_Bacteroides_gut	K01205
Neg1_Bacteroides_gut	K01206
Neg1_Bacteroides_gut	K01207
Neg1_Bacteroides_gut	K01209
Neg1_Bacteroides_gut	K01224
Neg1_Bacteroides_gut	K01235
Neg1_Bacteroides_gut	K01241
Neg1_Bacteroides_gut	K01246
Neg1_Bacteroides_gut	K01251
Neg1_Bacteroides_gut	K01258
Neg1_Bacteroides_gut	K01262
Neg1_Bacteroides_gut	K01265
Neg1_Bacteroides_gut	K01270
Neg1_Bacteroides_gut	K01277
Neg1_Bacteroides_gut	K01278
Neg1_Bacteroides_gut	K01284
Neg1_Bacteroides_gut	K01297
Neg1_Bacteroides_gut	K01303
Neg1_Bacteroides_gut	K01338
Neg1_Bacteroides_gut	K01358
Neg1_Bacteroides_gut	K01372
Neg1_Bacteroides_gut	K01424
Neg1_Bacteroides_gut	K01425
Neg1_Bacteroides_gut	K01433
Neg1_Bacteroides_gut	K01443
Neg1_Bacteroides_gut	K01448
Neg1_Bacteroides_gut	K01462
Neg1_Bacteroides_gut	K01465
Neg1_Bacteroides_gut	K01468
Neg1_Bacteroides_gut	K01489
Neg1_Bacteroides_gut	K01491
Neg1_Bacteroides_gut	K01493
Neg1_Bacteroides_gut	K01495
Neg1_Bacteroides_gut	K01497
Neg1_Bacteroides_gut	K01500
Neg1_Bacteroides_gut	K01519
Neg1_Bacteroides_gut	K01520
Neg1_Bacteroides_gut	K01524
Neg1_Bacteroides_gut	K01531
Neg1_Bacteroides_gut	K01534
Neg1_Bacteroides_gut	K01546
Neg1_Bacteroides_gut	K01547
Neg1_Bacteroides_gut	K01548
Neg1_Bacteroides_gut	K01551
Neg1_Bacteroides_gut	K01565
Neg1_Bacteroides_gut	K01573
Neg1_Bacteroides_gut	K01579
Neg1_Bacteroides_gut	K01580
Neg1_Bacteroides_gut	K01585
Neg1_Bacteroides_gut	K01586
Neg1_Bacteroides_gut	K01588
Neg1_Bacteroides_gut	K01591
Neg1_Bacteroides_gut	K01604
Neg1_Bacteroides_gut	K01607
Neg1_Bacteroides_gut	K01609
Neg1_Bacteroides_gut	K01610
Neg1_Bacteroides_gut	K01613
Neg1_Bacteroides_gut	K01619
Neg1_Bacteroides_gut	K01620
Neg1_Bacteroides_gut	K01624
Neg1_Bacteroides_gut	K01625
Neg1_Bacteroides_gut	K01627
Neg1_Bacteroides_gut	K01629
Neg1_Bacteroides_gut	K01633
Neg1_Bacteroides_gut	K01649
Neg1_Bacteroides_gut	K01652
Neg1_Bacteroides_gut	K01653
Neg1_Bacteroides_gut	K01657
Neg1_Bacteroides_gut	K01658
Neg1_Bacteroides_gut	K01661
Neg1_Bacteroides_gut	K01662
Neg1_Bacteroides_gut	K01667
Neg1_Bacteroides_gut	K01673
Neg1_Bacteroides_gut	K01676
Neg1_Bacteroides_gut	K01685
Neg1_Bacteroides_gut	K01686
Neg1_Bacteroides_gut	K01687
Neg1_Bacteroides_gut	K01689
Neg1_Bacteroides_gut	K01695
Neg1_Bacteroides_gut	K01696
Neg1_Bacteroides_gut	K01703
Neg1_Bacteroides_gut	K01704
Neg1_Bacteroides_gut	K01709
Neg1_Bacteroides_gut	K01710
Neg1_Bacteroides_gut	K01711
Neg1_Bacteroides_gut	K01712
Neg1_Bacteroides_gut	K01714
Neg1_Bacteroides_gut	K01719
Neg1_Bacteroides_gut	K01726
Neg1_Bacteroides_gut	K01733
Neg1_Bacteroides_gut	K01734
Neg1_Bacteroides_gut	K01735
Neg1_Bacteroides_gut	K01736
Neg1_Bacteroides_gut	K01737
Neg1_Bacteroides_gut	K01738
Neg1_Bacteroides_gut	K01740
Neg1_Bacteroides_gut	K01744
Neg1_Bacteroides_gut	K01745
Neg1_Bacteroides_gut	K01752
Neg1_Bacteroides_gut	K01755
Neg1_Bacteroides_gut	K01756
Neg1_Bacteroides_gut	K01759
Neg1_Bacteroides_gut	K01770
Neg1_Bacteroides_gut	K01775
Neg1_Bacteroides_gut	K01776
Neg1_Bacteroides_gut	K01778
Neg1_Bacteroides_gut	K01783
Neg1_Bacteroides_gut	K01784
Neg1_Bacteroides_gut	K01785
Neg1_Bacteroides_gut	K01787
Neg1_Bacteroides_gut	K01790
Neg1_Bacteroides_gut	K01791
Neg1_Bacteroides_gut	K01798
Neg1_Bacteroides_gut	K01802
Neg1_Bacteroides_gut	K01803
Neg1_Bacteroides_gut	K01804
Neg1_Bacteroides_gut	K01805
Neg1_Bacteroides_gut	K01807
Neg1_Bacteroides_gut	K01808
Neg1_Bacteroides_gut	K01809
Neg1_Bacteroides_gut	K01810
Neg1_Bacteroides_gut	K01811
Neg1_Bacteroides_gut	K01812
Neg1_Bacteroides_gut	K01813
Neg1_Bacteroides_gut	K01814
Neg1_Bacteroides_gut	K01815
Neg1_Bacteroides_gut	K01818
Neg1_Bacteroides_gut	K01823
Neg1_Bacteroides_gut	K01834
Neg1_Bacteroides_gut	K01835
Neg1_Bacteroides_gut	K01847
Neg1_Bacteroides_gut	K01858
Neg1_Bacteroides_gut	K01866
Neg1_Bacteroides_gut	K01867
Neg1_Bacteroides_gut	K01868
Neg1_Bacteroides_gut	K01869
Neg1_Bacteroides_gut	K01870
Neg1_Bacteroides_gut	K01872
Neg1_Bacteroides_gut	K01873
Neg1_Bacteroides_gut	K01874
Neg1_Bacteroides_gut	K01875
Neg1_Bacteroides_gut	K01876
Neg1_Bacteroides_gut	K01880
Neg1_Bacteroides_gut	K01881
Neg1_Bacteroides_gut	K01883
Neg1_Bacteroides_gut	K01885
Neg1_Bacteroides_gut	K01886
Neg1_Bacteroides_gut	K01887
Neg1_Bacteroides_gut	K01889
Neg1_Bacteroides_gut	K01890
Neg1_Bacteroides_gut	K01892
Neg1_Bacteroides_gut	K01893
Neg1_Bacteroides_gut	K01897
Neg1_Bacteroides_gut	K01902
Neg1_Bacteroides_gut	K01903
Neg1_Bacteroides_gut	K01912
Neg1_Bacteroides_gut	K01914
Neg1_Bacteroides_gut	K01915
Neg1_Bacteroides_gut	K01918
Neg1_Bacteroides_gut	K01921
Neg1_Bacteroides_gut	K01923
Neg1_Bacteroides_gut	K01924
Neg1_Bacteroides_gut	K01925
Neg1_Bacteroides_gut	K01926
Neg1_Bacteroides_gut	K01928
Neg1_Bacteroides_gut	K01929
Neg1_Bacteroides_gut	K01933
Neg1_Bacteroides_gut	K01934
Neg1_Bacteroides_gut	K01935
Neg1_Bacteroides_gut	K01937
Neg1_Bacteroides_gut	K01939
Neg1_Bacteroides_gut	K01940
Neg1_Bacteroides_gut	K01945
Neg1_Bacteroides_gut	K01950
Neg1_Bacteroides_gut	K01951
Neg1_Bacteroides_gut	K01952
Neg1_Bacteroides_gut	K01953
Neg1_Bacteroides_gut	K01955
Neg1_Bacteroides_gut	K01956
Neg1_Bacteroides_gut	K01961
Neg1_Bacteroides_gut	K01966
Neg1_Bacteroides_gut	K01972
Neg1_Bacteroides_gut	K01990
Neg1_Bacteroides_gut	K01991
Neg1_Bacteroides_gut	K01992
Neg1_Bacteroides_gut	K01993
Neg1_Bacteroides_gut	K02000
Neg1_Bacteroides_gut	K02001
Neg1_Bacteroides_gut	K02002
Neg1_Bacteroides_gut	K02003
Neg1_Bacteroides_gut	K02004
Neg1_Bacteroides_gut	K02005
Neg1_Bacteroides_gut	K02013
Neg1_Bacteroides_gut	K02014
Neg1_Bacteroides_gut	K02030
Neg1_Bacteroides_gut	K02036
Neg1_Bacteroides_gut	K02037
Neg1_Bacteroides_gut	K02038
Neg1_Bacteroides_gut	K02039
Neg1_Bacteroides_gut	K02040
Neg1_Bacteroides_gut	K02065
Neg1_Bacteroides_gut	K02066
Neg1_Bacteroides_gut	K02067
Neg1_Bacteroides_gut	K02069
Neg1_Bacteroides_gut	K02078
Neg1_Bacteroides_gut	K02099
Neg1_Bacteroides_gut	K02100
Neg1_Bacteroides_gut	K02108
Neg1_Bacteroides_gut	K02109
Neg1_Bacteroides_gut	K02110
Neg1_Bacteroides_gut	K02111
Neg1_Bacteroides_gut	K02112
Neg1_Bacteroides_gut	K02113
Neg1_Bacteroides_gut	K02114
Neg1_Bacteroides_gut	K02115
Neg1_Bacteroides_gut	K02121
Neg1_Bacteroides_gut	K02123
Neg1_Bacteroides_gut	K02124
Neg1_Bacteroides_gut	K02169
Neg1_Bacteroides_gut	K02171
Neg1_Bacteroides_gut	K02172
Neg1_Bacteroides_gut	K02217
Neg1_Bacteroides_gut	K02230
Neg1_Bacteroides_gut	K02238
Neg1_Bacteroides_gut	K02242
Neg1_Bacteroides_gut	K02313
Neg1_Bacteroides_gut	K02314
Neg1_Bacteroides_gut	K02316
Neg1_Bacteroides_gut	K02335
Neg1_Bacteroides_gut	K02337
Neg1_Bacteroides_gut	K02338
Neg1_Bacteroides_gut	K02340
Neg1_Bacteroides_gut	K02342
Neg1_Bacteroides_gut	K02343
Neg1_Bacteroides_gut	K02346
Neg1_Bacteroides_gut	K02355
Neg1_Bacteroides_gut	K02356
Neg1_Bacteroides_gut	K02357
Neg1_Bacteroides_gut	K02358
Neg1_Bacteroides_gut	K02371
Neg1_Bacteroides_gut	K02372
Neg1_Bacteroides_gut	K02377
Neg1_Bacteroides_gut	K02395
Neg1_Bacteroides_gut	K02426
Neg1_Bacteroides_gut	K02429
Neg1_Bacteroides_gut	K02437
Neg1_Bacteroides_gut	K02469
Neg1_Bacteroides_gut	K02470
Neg1_Bacteroides_gut	K02472
Neg1_Bacteroides_gut	K02477
Neg1_Bacteroides_gut	K02481
Neg1_Bacteroides_gut	K02483
Neg1_Bacteroides_gut	K02493
Neg1_Bacteroides_gut	K02495
Neg1_Bacteroides_gut	K02500
Neg1_Bacteroides_gut	K02501
Neg1_Bacteroides_gut	K02503
Neg1_Bacteroides_gut	K02517
Neg1_Bacteroides_gut	K02518
Neg1_Bacteroides_gut	K02519
Neg1_Bacteroides_gut	K02520
Neg1_Bacteroides_gut	K02527
Neg1_Bacteroides_gut	K02528
Neg1_Bacteroides_gut	K02529
Neg1_Bacteroides_gut	K02536
Neg1_Bacteroides_gut	K02548
Neg1_Bacteroides_gut	K02549
Neg1_Bacteroides_gut	K02551
Neg1_Bacteroides_gut	K02557
Neg1_Bacteroides_gut	K02563
Neg1_Bacteroides_gut	K02564
Neg1_Bacteroides_gut	K02600
Neg1_Bacteroides_gut	K02601
Neg1_Bacteroides_gut	K02614
Neg1_Bacteroides_gut	K02687
Neg1_Bacteroides_gut	K02775
Neg1_Bacteroides_gut	K02823
Neg1_Bacteroides_gut	K02824
Neg1_Bacteroides_gut	K02834
Neg1_Bacteroides_gut	K02835
Neg1_Bacteroides_gut	K02836
Neg1_Bacteroides_gut	K02837
Neg1_Bacteroides_gut	K02838
Neg1_Bacteroides_gut	K02839
Neg1_Bacteroides_gut	K02851
Neg1_Bacteroides_gut	K02856
Neg1_Bacteroides_gut	K02860
Neg1_Bacteroides_gut	K02863
Neg1_Bacteroides_gut	K02864
Neg1_Bacteroides_gut	K02867
Neg1_Bacteroides_gut	K02871
Neg1_Bacteroides_gut	K02874
Neg1_Bacteroides_gut	K02876
Neg1_Bacteroides_gut	K02878
Neg1_Bacteroides_gut	K02879
Neg1_Bacteroides_gut	K02881
Neg1_Bacteroides_gut	K02884
Neg1_Bacteroides_gut	K02886
Neg1_Bacteroides_gut	K02887
Neg1_Bacteroides_gut	K02888
Neg1_Bacteroides_gut	K02890
Neg1_Bacteroides_gut	K02892
Neg1_Bacteroides_gut	K02895
Neg1_Bacteroides_gut	K02897
Neg1_Bacteroides_gut	K02899
Neg1_Bacteroides_gut	K02902
Neg1_Bacteroides_gut	K02906
Neg1_Bacteroides_gut	K02907
Neg1_Bacteroides_gut	K02909
Neg1_Bacteroides_gut	K02911
Neg1_Bacteroides_gut	K02913
Neg1_Bacteroides_gut	K02914
Neg1_Bacteroides_gut	K02916
Neg1_Bacteroides_gut	K02919
Neg1_Bacteroides_gut	K02926
Neg1_Bacteroides_gut	K02931
Neg1_Bacteroides_gut	K02933
Neg1_Bacteroides_gut	K02935
Neg1_Bacteroides_gut	K02939
Neg1_Bacteroides_gut	K02945
Neg1_Bacteroides_gut	K02946
Neg1_Bacteroides_gut	K02948
Neg1_Bacteroides_gut	K02950
Neg1_Bacteroides_gut	K02952
Neg1_Bacteroides_gut	K02954
Neg1_Bacteroides_gut	K02956
Neg1_Bacteroides_gut	K02959
Neg1_Bacteroides_gut	K02961
Neg1_Bacteroides_gut	K02963
Neg1_Bacteroides_gut	K02965
Neg1_Bacteroides_gut	K02967
Neg1_Bacteroides_gut	K02968
Neg1_Bacteroides_gut	K02970
Neg1_Bacteroides_gut	K02982
Neg1_Bacteroides_gut	K02986
Neg1_Bacteroides_gut	K02988
Neg1_Bacteroides_gut	K02990
Neg1_Bacteroides_gut	K02992
Neg1_Bacteroides_gut	K02994
Neg1_Bacteroides_gut	K02996
Neg1_Bacteroides_gut	K03040
Neg1_Bacteroides_gut	K03043
Neg1_Bacteroides_gut	K03046
Neg1_Bacteroides_gut	K03070
Neg1_Bacteroides_gut	K03073
Neg1_Bacteroides_gut	K03075
Neg1_Bacteroides_gut	K03076
Neg1_Bacteroides_gut	K03077
Neg1_Bacteroides_gut	K03088
Neg1_Bacteroides_gut	K03092
Neg1_Bacteroides_gut	K03098
Neg1_Bacteroides_gut	K03100
Neg1_Bacteroides_gut	K03101
Neg1_Bacteroides_gut	K03106
Neg1_Bacteroides_gut	K03110
Neg1_Bacteroides_gut	K03111
Neg1_Bacteroides_gut	K03113
Neg1_Bacteroides_gut	K03116
Neg1_Bacteroides_gut	K03118
Neg1_Bacteroides_gut	K03147
Neg1_Bacteroides_gut	K03149
Neg1_Bacteroides_gut	K03150
Neg1_Bacteroides_gut	K03152
Neg1_Bacteroides_gut	K03154
Neg1_Bacteroides_gut	K03168
Neg1_Bacteroides_gut	K03169
Neg1_Bacteroides_gut	K03177
Neg1_Bacteroides_gut	K03183
Neg1_Bacteroides_gut	K03208
Neg1_Bacteroides_gut	K03210
Neg1_Bacteroides_gut	K03215
Neg1_Bacteroides_gut	K03217
Neg1_Bacteroides_gut	K03218
Neg1_Bacteroides_gut	K03269
Neg1_Bacteroides_gut	K03270
Neg1_Bacteroides_gut	K03271
Neg1_Bacteroides_gut	K03281
Neg1_Bacteroides_gut	K03282
Neg1_Bacteroides_gut	K03284
Neg1_Bacteroides_gut	K03303
Neg1_Bacteroides_gut	K03305
Neg1_Bacteroides_gut	K03306
Neg1_Bacteroides_gut	K03307
Neg1_Bacteroides_gut	K03308
Neg1_Bacteroides_gut	K03310
Neg1_Bacteroides_gut	K03313
Neg1_Bacteroides_gut	K03315
Neg1_Bacteroides_gut	K03320
Neg1_Bacteroides_gut	K03321
Neg1_Bacteroides_gut	K03324
Neg1_Bacteroides_gut	K03325
Neg1_Bacteroides_gut	K03328
Neg1_Bacteroides_gut	K03332
Neg1_Bacteroides_gut	K03340
Neg1_Bacteroides_gut	K03385
Neg1_Bacteroides_gut	K03387
Neg1_Bacteroides_gut	K03402
Neg1_Bacteroides_gut	K03424
Neg1_Bacteroides_gut	K03426
Neg1_Bacteroides_gut	K03427
Neg1_Bacteroides_gut	K03430
Neg1_Bacteroides_gut	K03437
Neg1_Bacteroides_gut	K03438
Neg1_Bacteroides_gut	K03439
Neg1_Bacteroides_gut	K03442
Neg1_Bacteroides_gut	K03466
Neg1_Bacteroides_gut	K03469
Neg1_Bacteroides_gut	K03470
Neg1_Bacteroides_gut	K03473
Neg1_Bacteroides_gut	K03474
Neg1_Bacteroides_gut	K03490
Neg1_Bacteroides_gut	K03495
Neg1_Bacteroides_gut	K03496
Neg1_Bacteroides_gut	K03497
Neg1_Bacteroides_gut	K03498
Neg1_Bacteroides_gut	K03499
Neg1_Bacteroides_gut	K03501
Neg1_Bacteroides_gut	K03517
Neg1_Bacteroides_gut	K03521
Neg1_Bacteroides_gut	K03522
Neg1_Bacteroides_gut	K03524
Neg1_Bacteroides_gut	K03525
Neg1_Bacteroides_gut	K03526
Neg1_Bacteroides_gut	K03527
Neg1_Bacteroides_gut	K03530
Neg1_Bacteroides_gut	K03531
Neg1_Bacteroides_gut	K03534
Neg1_Bacteroides_gut	K03536
Neg1_Bacteroides_gut	K03543
Neg1_Bacteroides_gut	K03544
Neg1_Bacteroides_gut	K03545
Neg1_Bacteroides_gut	K03546
Neg1_Bacteroides_gut	K03547
Neg1_Bacteroides_gut	K03550
Neg1_Bacteroides_gut	K03551
Neg1_Bacteroides_gut	K03553
Neg1_Bacteroides_gut	K03555
Neg1_Bacteroides_gut	K03558
Neg1_Bacteroides_gut	K03559
Neg1_Bacteroides_gut	K03561
Neg1_Bacteroides_gut	K03564
Neg1_Bacteroides_gut	K03565
Neg1_Bacteroides_gut	K03568
Neg1_Bacteroides_gut	K03569
Neg1_Bacteroides_gut	K03570
Neg1_Bacteroides_gut	K03572
Neg1_Bacteroides_gut	K03575
Neg1_Bacteroides_gut	K03584
Neg1_Bacteroides_gut	K03585
Neg1_Bacteroides_gut	K03587
Neg1_Bacteroides_gut	K03589
Neg1_Bacteroides_gut	K03590
Neg1_Bacteroides_gut	K03592
Neg1_Bacteroides_gut	K03593
Neg1_Bacteroides_gut	K03594
Neg1_Bacteroides_gut	K03595
Neg1_Bacteroides_gut	K03596
Neg1_Bacteroides_gut	K03601
Neg1_Bacteroides_gut	K03602
Neg1_Bacteroides_gut	K03612
Neg1_Bacteroides_gut	K03613
Neg1_Bacteroides_gut	K03614
Neg1_Bacteroides_gut	K03615
Neg1_Bacteroides_gut	K03616
Neg1_Bacteroides_gut	K03617
Neg1_Bacteroides_gut	K03624
Neg1_Bacteroides_gut	K03625
Neg1_Bacteroides_gut	K03628
Neg1_Bacteroides_gut	K03629
Neg1_Bacteroides_gut	K03630
Neg1_Bacteroides_gut	K03631
Neg1_Bacteroides_gut	K03644
Neg1_Bacteroides_gut	K03648
Neg1_Bacteroides_gut	K03650
Neg1_Bacteroides_gut	K03654
Neg1_Bacteroides_gut	K03655
Neg1_Bacteroides_gut	K03657
Neg1_Bacteroides_gut	K03658
Neg1_Bacteroides_gut	K03664
Neg1_Bacteroides_gut	K03665
Neg1_Bacteroides_gut	K03668
Neg1_Bacteroides_gut	K03671
Neg1_Bacteroides_gut	K03685
Neg1_Bacteroides_gut	K03686
Neg1_Bacteroides_gut	K03687
Neg1_Bacteroides_gut	K03695
Neg1_Bacteroides_gut	K03699
Neg1_Bacteroides_gut	K03701
Neg1_Bacteroides_gut	K03702
Neg1_Bacteroides_gut	K03703
Neg1_Bacteroides_gut	K03710
Neg1_Bacteroides_gut	K03718
Neg1_Bacteroides_gut	K03719
Neg1_Bacteroides_gut	K03723
Neg1_Bacteroides_gut	K03734
Neg1_Bacteroides_gut	K03737
Neg1_Bacteroides_gut	K03743
Neg1_Bacteroides_gut	K03744
Neg1_Bacteroides_gut	K03748
Neg1_Bacteroides_gut	K03770
Neg1_Bacteroides_gut	K03771
Neg1_Bacteroides_gut	K03772
Neg1_Bacteroides_gut	K03773
Neg1_Bacteroides_gut	K03775
Neg1_Bacteroides_gut	K03778
Neg1_Bacteroides_gut	K03781
Neg1_Bacteroides_gut	K03783
Neg1_Bacteroides_gut	K03786
Neg1_Bacteroides_gut	K03787
Neg1_Bacteroides_gut	K03789
Neg1_Bacteroides_gut	K03797
Neg1_Bacteroides_gut	K03798
Neg1_Bacteroides_gut	K03799
Neg1_Bacteroides_gut	K03801
Neg1_Bacteroides_gut	K03803
Neg1_Bacteroides_gut	K03811
Neg1_Bacteroides_gut	K03814
Neg1_Bacteroides_gut	K03816
Neg1_Bacteroides_gut	K03824
Neg1_Bacteroides_gut	K03827
Neg1_Bacteroides_gut	K03832
Neg1_Bacteroides_gut	K03839
Neg1_Bacteroides_gut	K03885
Neg1_Bacteroides_gut	K03924
Neg1_Bacteroides_gut	K03925
Neg1_Bacteroides_gut	K03930
Neg1_Bacteroides_gut	K03973
Neg1_Bacteroides_gut	K03975
Neg1_Bacteroides_gut	K03976
Neg1_Bacteroides_gut	K03977
Neg1_Bacteroides_gut	K03978
Neg1_Bacteroides_gut	K03979
Neg1_Bacteroides_gut	K04041
Neg1_Bacteroides_gut	K04043
Neg1_Bacteroides_gut	K04047
Neg1_Bacteroides_gut	K04066
Neg1_Bacteroides_gut	K04068
Neg1_Bacteroides_gut	K04069
Neg1_Bacteroides_gut	K04075
Neg1_Bacteroides_gut	K04077
Neg1_Bacteroides_gut	K04078
Neg1_Bacteroides_gut	K04079
Neg1_Bacteroides_gut	K04084
Neg1_Bacteroides_gut	K04085
Neg1_Bacteroides_gut	K04095
Neg1_Bacteroides_gut	K04096
Neg1_Bacteroides_gut	K04485
Neg1_Bacteroides_gut	K04486
Neg1_Bacteroides_gut	K04516
Neg1_Bacteroides_gut	K04564
Neg1_Bacteroides_gut	K04567
Neg1_Bacteroides_gut	K04744
Neg1_Bacteroides_gut	K04751
Neg1_Bacteroides_gut	K04758
Neg1_Bacteroides_gut	K04759
Neg1_Bacteroides_gut	K04761
Neg1_Bacteroides_gut	K04762
Neg1_Bacteroides_gut	K04763
Neg1_Bacteroides_gut	K04765
Neg1_Bacteroides_gut	K04771
Neg1_Bacteroides_gut	K04773
Neg1_Bacteroides_gut	K05275
Neg1_Bacteroides_gut	K05349
Neg1_Bacteroides_gut	K05366
Neg1_Bacteroides_gut	K05367
Neg1_Bacteroides_gut	K05515
Neg1_Bacteroides_gut	K05516
Neg1_Bacteroides_gut	K05540
Neg1_Bacteroides_gut	K05592
Neg1_Bacteroides_gut	K05595
Neg1_Bacteroides_gut	K05601
Neg1_Bacteroides_gut	K05606
Neg1_Bacteroides_gut	K05776
Neg1_Bacteroides_gut	K05807
Neg1_Bacteroides_gut	K05810
Neg1_Bacteroides_gut	K05908
Neg1_Bacteroides_gut	K05970
Neg1_Bacteroides_gut	K05988
Neg1_Bacteroides_gut	K05989
Neg1_Bacteroides_gut	K06001
Neg1_Bacteroides_gut	K06020
Neg1_Bacteroides_gut	K06041
Neg1_Bacteroides_gut	K06076
Neg1_Bacteroides_gut	K06079
Neg1_Bacteroides_gut	K06113
Neg1_Bacteroides_gut	K06131
Neg1_Bacteroides_gut	K06133
Neg1_Bacteroides_gut	K06138
Neg1_Bacteroides_gut	K06142
Neg1_Bacteroides_gut	K06143
Neg1_Bacteroides_gut	K06153
Neg1_Bacteroides_gut	K06158
Neg1_Bacteroides_gut	K06167
Neg1_Bacteroides_gut	K06168
Neg1_Bacteroides_gut	K06173
Neg1_Bacteroides_gut	K06177
Neg1_Bacteroides_gut	K06178
Neg1_Bacteroides_gut	K06180
Neg1_Bacteroides_gut	K06187
Neg1_Bacteroides_gut	K06188
Neg1_Bacteroides_gut	K06199
Neg1_Bacteroides_gut	K06201
Neg1_Bacteroides_gut	K06204
Neg1_Bacteroides_gut	K06207
Neg1_Bacteroides_gut	K06213
Neg1_Bacteroides_gut	K06217
Neg1_Bacteroides_gut	K06221
Neg1_Bacteroides_gut	K06223
Neg1_Bacteroides_gut	K06287
Neg1_Bacteroides_gut	K06373
Neg1_Bacteroides_gut	K06374
Neg1_Bacteroides_gut	K06381
Neg1_Bacteroides_gut	K06384
Neg1_Bacteroides_gut	K06518
Neg1_Bacteroides_gut	K06861
Neg1_Bacteroides_gut	K06872
Neg1_Bacteroides_gut	K06878
Neg1_Bacteroides_gut	K06880
Neg1_Bacteroides_gut	K06881
Neg1_Bacteroides_gut	K06885
Neg1_Bacteroides_gut	K06889
Neg1_Bacteroides_gut	K06894
Neg1_Bacteroides_gut	K06897
Neg1_Bacteroides_gut	K06911
Neg1_Bacteroides_gut	K06920
Neg1_Bacteroides_gut	K06921
Neg1_Bacteroides_gut	K06925
Neg1_Bacteroides_gut	K06934
Neg1_Bacteroides_gut	K06941
Neg1_Bacteroides_gut	K06942
Neg1_Bacteroides_gut	K06949
Neg1_Bacteroides_gut	K06959
Neg1_Bacteroides_gut	K06969
Neg1_Bacteroides_gut	K06970
Neg1_Bacteroides_gut	K06973
Neg1_Bacteroides_gut	K06975
Neg1_Bacteroides_gut	K06996
Neg1_Bacteroides_gut	K06997
Neg1_Bacteroides_gut	K07001
Neg1_Bacteroides_gut	K07005
Neg1_Bacteroides_gut	K07025
Neg1_Bacteroides_gut	K07027
Neg1_Bacteroides_gut	K07029
Neg1_Bacteroides_gut	K07031
Neg1_Bacteroides_gut	K07037
Neg1_Bacteroides_gut	K07040
Neg1_Bacteroides_gut	K07042
Neg1_Bacteroides_gut	K07052
Neg1_Bacteroides_gut	K07056
Neg1_Bacteroides_gut	K07058
Neg1_Bacteroides_gut	K07059
Neg1_Bacteroides_gut	K07071
Neg1_Bacteroides_gut	K07075
Neg1_Bacteroides_gut	K07076
Neg1_Bacteroides_gut	K07078
Neg1_Bacteroides_gut	K07079
Neg1_Bacteroides_gut	K07082
Neg1_Bacteroides_gut	K07085
Neg1_Bacteroides_gut	K07089
Neg1_Bacteroides_gut	K07091
Neg1_Bacteroides_gut	K07092
Neg1_Bacteroides_gut	K07095
Neg1_Bacteroides_gut	K07098
Neg1_Bacteroides_gut	K07102
Neg1_Bacteroides_gut	K07106
Neg1_Bacteroides_gut	K07107
Neg1_Bacteroides_gut	K07114
Neg1_Bacteroides_gut	K07115
Neg1_Bacteroides_gut	K07118
Neg1_Bacteroides_gut	K07126
Neg1_Bacteroides_gut	K07133
Neg1_Bacteroides_gut	K07137
Neg1_Bacteroides_gut	K07139
Neg1_Bacteroides_gut	K07148
Neg1_Bacteroides_gut	K07149
Neg1_Bacteroides_gut	K07164
Neg1_Bacteroides_gut	K07165
Neg1_Bacteroides_gut	K07175
Neg1_Bacteroides_gut	K07192
Neg1_Bacteroides_gut	K07220
Neg1_Bacteroides_gut	K07221
Neg1_Bacteroides_gut	K07223
Neg1_Bacteroides_gut	K07231
Neg1_Bacteroides_gut	K07240
Neg1_Bacteroides_gut	K07257
Neg1_Bacteroides_gut	K07259
Neg1_Bacteroides_gut	K07263
Neg1_Bacteroides_gut	K07270
Neg1_Bacteroides_gut	K07273
Neg1_Bacteroides_gut	K07277
Neg1_Bacteroides_gut	K07301
Neg1_Bacteroides_gut	K07304
Neg1_Bacteroides_gut	K07305
Neg1_Bacteroides_gut	K07318
Neg1_Bacteroides_gut	K07322
Neg1_Bacteroides_gut	K07386
Neg1_Bacteroides_gut	K07387
Neg1_Bacteroides_gut	K07391
Neg1_Bacteroides_gut	K07404
Neg1_Bacteroides_gut	K07405
Neg1_Bacteroides_gut	K07407
Neg1_Bacteroides_gut	K07443
Neg1_Bacteroides_gut	K07447
Neg1_Bacteroides_gut	K07456
Neg1_Bacteroides_gut	K07460
Neg1_Bacteroides_gut	K07462
Neg1_Bacteroides_gut	K07478
Neg1_Bacteroides_gut	K07481
Neg1_Bacteroides_gut	K07484
Neg1_Bacteroides_gut	K07486
Neg1_Bacteroides_gut	K07487
Neg1_Bacteroides_gut	K07493
Neg1_Bacteroides_gut	K07497
Neg1_Bacteroides_gut	K07507
Neg1_Bacteroides_gut	K07560
Neg1_Bacteroides_gut	K07566
Neg1_Bacteroides_gut	K07568
Neg1_Bacteroides_gut	K07588
Neg1_Bacteroides_gut	K07646
Neg1_Bacteroides_gut	K07720
Neg1_Bacteroides_gut	K07727
Neg1_Bacteroides_gut	K07729
Neg1_Bacteroides_gut	K07735
Neg1_Bacteroides_gut	K07780
Neg1_Bacteroides_gut	K07783
Neg1_Bacteroides_gut	K07791
Neg1_Bacteroides_gut	K08138
Neg1_Bacteroides_gut	K08156
Neg1_Bacteroides_gut	K08169
Neg1_Bacteroides_gut	K08191
Neg1_Bacteroides_gut	K08218
Neg1_Bacteroides_gut	K08223
Neg1_Bacteroides_gut	K08224
Neg1_Bacteroides_gut	K08289
Neg1_Bacteroides_gut	K08303
Neg1_Bacteroides_gut	K08307
Neg1_Bacteroides_gut	K08316
Neg1_Bacteroides_gut	K08325
Neg1_Bacteroides_gut	K08363
Neg1_Bacteroides_gut	K08590
Neg1_Bacteroides_gut	K08641
Neg1_Bacteroides_gut	K08659
Neg1_Bacteroides_gut	K08676
Neg1_Bacteroides_gut	K08678
Neg1_Bacteroides_gut	K08679
Neg1_Bacteroides_gut	K08961
Neg1_Bacteroides_gut	K08968
Neg1_Bacteroides_gut	K08978
Neg1_Bacteroides_gut	K08998
Neg1_Bacteroides_gut	K08999
Neg1_Bacteroides_gut	K09011
Neg1_Bacteroides_gut	K09013
Neg1_Bacteroides_gut	K09014
Neg1_Bacteroides_gut	K09015
Neg1_Bacteroides_gut	K09022
Neg1_Bacteroides_gut	K09117
Neg1_Bacteroides_gut	K09125
Neg1_Bacteroides_gut	K09457
Neg1_Bacteroides_gut	K09458
Neg1_Bacteroides_gut	K09459
Neg1_Bacteroides_gut	K09702
Neg1_Bacteroides_gut	K09704
Neg1_Bacteroides_gut	K09710
Neg1_Bacteroides_gut	K09748
Neg1_Bacteroides_gut	K09758
Neg1_Bacteroides_gut	K09760
Neg1_Bacteroides_gut	K09761
Neg1_Bacteroides_gut	K09774
Neg1_Bacteroides_gut	K09789
Neg1_Bacteroides_gut	K09790
Neg1_Bacteroides_gut	K09793
Neg1_Bacteroides_gut	K09800
Neg1_Bacteroides_gut	K09808
Neg1_Bacteroides_gut	K09810
Neg1_Bacteroides_gut	K09811
Neg1_Bacteroides_gut	K09812
Neg1_Bacteroides_gut	K09816
Neg1_Bacteroides_gut	K09861
Neg1_Bacteroides_gut	K09888
Neg1_Bacteroides_gut	K09903
Neg1_Bacteroides_gut	K09922
Neg1_Bacteroides_gut	K09924
Neg1_Bacteroides_gut	K09939
Neg1_Bacteroides_gut	K09955
Neg1_Bacteroides_gut	K09964
Neg1_Bacteroides_gut	K09973
Neg1_Bacteroides_gut	K10026
Neg1_Bacteroides_gut	K10206
Neg1_Bacteroides_gut	K10439
Neg1_Bacteroides_gut	K10536
Neg1_Bacteroides_gut	K10716
Neg1_Bacteroides_gut	K10773
Neg1_Bacteroides_gut	K10947
Neg1_Bacteroides_gut	K11065
Neg1_Bacteroides_gut	K11068
Neg1_Bacteroides_gut	K11070
Neg1_Bacteroides_gut	K11072
Neg1_Bacteroides_gut	K11085
Neg1_Bacteroides_gut	K11089
Neg1_Bacteroides_gut	K11105
Neg1_Bacteroides_gut	K11175
Neg1_Bacteroides_gut	K11381
Neg1_Bacteroides_gut	K11383
Neg1_Bacteroides_gut	K11392
Neg1_Bacteroides_gut	K11537
Neg1_Bacteroides_gut	K11622
Neg1_Bacteroides_gut	K11645
Neg1_Bacteroides_gut	K11717
Neg1_Bacteroides_gut	K11720
Neg1_Bacteroides_gut	K11741
Neg1_Bacteroides_gut	K11749
Neg1_Bacteroides_gut	K11752
Neg1_Bacteroides_gut	K11753
Neg1_Bacteroides_gut	K11754
Neg1_Bacteroides_gut	K11755
Neg1_Bacteroides_gut	K11927
Neg1_Bacteroides_gut	K11991
Neg1_Bacteroides_gut	K12063
Neg1_Bacteroides_gut	K12132
Neg1_Bacteroides_gut	K12251
Neg1_Bacteroides_gut	K12257
Neg1_Bacteroides_gut	K12267
Neg1_Bacteroides_gut	K12308
Neg1_Bacteroides_gut	K12340
Neg1_Bacteroides_gut	K12373
Neg1_Bacteroides_gut	K12410
Neg1_Bacteroides_gut	K12524
Neg1_Bacteroides_gut	K12573
Neg1_Bacteroides_gut	K12630
Neg1_Bacteroides_gut	K12634
Neg1_Bacteroides_gut	K12942
Neg1_Bacteroides_gut	K12976
Neg1_Bacteroides_gut	K13004
Neg1_Bacteroides_gut	K13038
Neg1_Bacteroides_gut	K13043
Neg1_Bacteroides_gut	K13052
Neg1_Bacteroides_gut	K13292
Neg1_Bacteroides_gut	K13378
Neg1_Bacteroides_gut	K13652
Neg1_Bacteroides_gut	K13683
Neg1_Bacteroides_gut	K13694
Neg1_Bacteroides_gut	K13821
Neg1_Bacteroides_gut	K13985
Neg1_Bacteroides_gut	K13993
Neg1_Bacteroides_gut	K14058
Neg1_Bacteroides_gut	K14059
Neg1_Bacteroides_gut	K14060
Neg1_Bacteroides_gut	K14155
Neg1_Bacteroides_gut	K14371
Neg1_Bacteroides_gut	K14373
Neg1_Bacteroides_gut	K14379
Neg1_Bacteroides_gut	K14415
Neg1_Bacteroides_gut	K14441
Neg1_Bacteroides_gut	K14445
Neg1_Bacteroides_gut	K14623
Neg1_Bacteroides_gut	K14652
Neg1_Bacteroides_gut	K14698
Neg1_Bacteroides_gut	K14699
Neg1_Bacteroides_gut	K14742
Neg1_Bacteroides_gut	K14746
Neg1_Bacteroides_gut	K14747
Neg1_Bacteroides_gut	K15255
Neg1_Bacteroides_gut	K15460
Neg1_Bacteroides_gut	K15530
Neg1_Bacteroides_gut	K15532
Neg1_Bacteroides_gut	K15538
Neg1_Bacteroides_gut	K15558
Neg1_Bacteroides_gut	K15633
Neg1_Bacteroides_gut	K15635
Neg1_Bacteroides_gut	K15669
Neg1_Bacteroides_gut	K15725
Neg1_Bacteroides_gut	K15726
Neg1_Bacteroides_gut	K15738
Neg1_Bacteroides_gut	K15753
Neg1_Bacteroides_gut	K15865
Neg1_Bacteroides_gut	K15876
Neg1_Bacteroides_gut	K15894
Neg1_Bacteroides_gut	K15921
Neg1_Bacteroides_gut	K15923
Neg1_Bacteroides_gut	K15956
Neg1_Bacteroides_gut	K15977
Neg1_Bacteroides_gut	K15987
Neg1_Bacteroides_gut	K15999
Neg1_Bacteroides_gut	K16030
Neg1_Bacteroides_gut	K16032
Neg1_Bacteroides_gut	K16036
Neg1_Bacteroides_gut	K16052
Neg1_Bacteroides_gut	K16053
Neg1_Bacteroides_gut	K16066
Neg1_Bacteroides_gut	K16106
Neg1_Bacteroides_gut	K16108
Neg1_Bacteroides_gut	K16110
Neg1_Bacteroides_gut	K16111
Neg1_Bacteroides_gut	K16112
Neg1_Bacteroides_gut	K16116
Neg1_Bacteroides_gut	K16117
Neg1_Bacteroides_gut	K16212
Neg1_Bacteroides_gut	K16264
Neg1_Bacteroides_gut	K16345
Neg1_Bacteroides_gut	K16363
Neg1_Bacteroides_gut	K16399
Neg1_Bacteroides_gut	K16418
Neg1_Bacteroides_gut	K16419
Neg1_Bacteroides_gut	K16450
Neg1_Bacteroides_gut	K16649
Neg1_Bacteroides_gut	K16692
Neg1_Bacteroides_gut	K16870
Neg1_Bacteroides_gut	K16899
Neg1_Bacteroides_gut	K17068
Neg1_Bacteroides_gut	K17103
Neg1_Bacteroides_gut	K17609
Neg1_Bacteroides_gut	K17680
Neg1_Bacteroides_gut	K17686
Neg1_Bacteroides_gut	K17758
Neg1_Bacteroides_gut	K17828
Neg1_Bacteroides_gut	K17832
Neg1_Bacteroides_gut	K17836
Neg1_Bacteroides_gut	K18138
Neg1_Bacteroides_gut	K18139
Neg1_Bacteroides_gut	K18197
Neg1_Bacteroides_gut	K18234
Neg1_Bacteroides_gut	K18330
Neg1_Bacteroides_gut	K18331
Neg1_Bacteroides_gut	K18332
Neg1_Bacteroides_gut	K18353
Neg1_Bacteroides_gut	K18369
Neg1_Bacteroides_gut	K18535
Neg1_Bacteroides_gut	K18570
Neg1_Bacteroides_gut	K18581
Neg1_Bacteroides_gut	K18672
Neg1_Bacteroides_gut	K18682
Neg1_Bacteroides_gut	K18691
Neg1_Bacteroides_gut	K18785
Neg1_Bacteroides_gut	K18788
Neg1_Bacteroides_gut	K18825
Neg1_Bacteroides_gut	K18904
Neg1_Bacteroides_gut	K18928
Neg1_Bacteroides_gut	K18929
Neg1_Bacteroides_gut	K18954
Neg1_Bacteroides_gut	K18979
Neg1_Bacteroides_gut	K19005
Neg1_Bacteroides_gut	K19049
Neg1_Bacteroides_gut	K19050
Neg1_Bacteroides_gut	K19052
Neg1_Bacteroides_gut	K19068
Neg1_Bacteroides_gut	K19191
Neg1_Bacteroides_gut	K19222
Neg1_Bacteroides_gut	K19225
Neg1_Bacteroides_gut	K19265
Neg1_Bacteroides_gut	K19271
Neg1_Bacteroides_gut	K19294
Neg1_Bacteroides_gut	K19302
Neg1_Bacteroides_gut	K19334
Neg1_Bacteroides_gut	K19353
Neg1_Bacteroides_gut	K19632
Neg1_Bacteroides_gut	K19653
Neg1_Bacteroides_gut	K19693
Neg1_Bacteroides_gut	K19793
Neg1_Bacteroides_gut	K19802
Neg1_Bacteroides_gut	K19814
Neg1_Bacteroides_gut	K19824
Neg1_Bacteroides_gut	K19960
Neg1_Bacteroides_gut	K19961
Neg1_Bacteroides_gut	K19962
Neg1_Bacteroides_gut	K19997
Neg1_Bacteroides_gut	K20074
Neg1_Bacteroides_gut	K20265
Neg1_Bacteroides_gut	K20386
Neg1_Bacteroides_gut	K20429
Neg1_Bacteroides_gut	K20439
Neg1_Bacteroides_gut	K20509
Neg1_Bacteroides_gut	K20534
Neg1_Bacteroides_gut	K20572
Neg1_Bacteroides_gut	K20615
Neg1_Bacteroides_gut	K20707
Neg1_Bacteroides_gut	K20742
Neg1_Bacteroides_gut	K20836
Neg1_Bacteroides_gut	K20866
Neg1_Bacteroides_gut	K21055
Neg1_Bacteroides_gut	K21063
Neg1_Bacteroides_gut	K21065
Neg1_Bacteroides_gut	K21071
Neg1_Bacteroides_gut	K21132
Neg1_Bacteroides_gut	K21179
Neg1_Bacteroides_gut	K21254
Neg1_Bacteroides_gut	K21279
Neg1_Bacteroides_gut	K21320
Neg1_Bacteroides_gut	K21326
Neg1_Bacteroides_gut	K21556
Neg1_Bacteroides_gut	K21557
Neg1_Bacteroides_gut	K21571
Neg1_Bacteroides_gut	K21572
Neg1_Bacteroides_gut	K21573
Neg1_Bacteroides_gut	K21574
Neg1_Bacteroides_gut	K21575
Neg1_Bacteroides_gut	K21586
Neg1_Bacteroides_gut	K21636
Neg1_Bacteroides_gut	K21681
Neg1_Bacteroides_gut	K21739
Neg1_Bacteroides_gut	K21741
Neg1_Bacteroides_gut	K21750
Neg1_Bacteroides_gut	K21908
Neg1_Bacteroides_gut	K22132
Neg1_Bacteroides_gut	K22214
Neg1_Bacteroides_gut	K22278
Neg1_Bacteroides_gut	K22347
Neg1_Bacteroides_gut	K22362
Neg1_Bacteroides_gut	K22391
Neg1_Bacteroides_gut	K22522
Neg1_Bacteroides_gut	K22719
Neg1_Bacteroides_gut	K22721
Neg1_Bacteroides_gut	K22723
Neg1_Bacteroides_gut	K22736
Neg1_Bacteroides_gut	K22905
Neg1_Bacteroides_gut	K23003
Neg1_Bacteroides_gut	K23004
Neg1_Bacteroides_gut	K23005
Neg1_Bacteroides_gut	K23073
Neg1_Bacteroides_gut	K23101
Neg1_Bacteroides_gut	K23102
Neg1_Bacteroides_gut	K23103
Neg1_Bacteroides_gut	K23104
Neg1_Bacteroides_gut	K23105
Neg1_Bacteroides_gut	K23130
Neg1_Bacteroides_gut	K23131
Neg1_Bacteroides_gut	K23199
Neg1_Bacteroides_gut	K23202
Neg1_Bacteroides_gut	K23229
Neg1_Bacteroides_gut	K23230
Neg1_Bacteroides_gut	K23242
Neg1_Bacteroides_gut	K23250
Neg1_Bacteroides_gut	K23251
Neg1_Bacteroides_gut	K23351
Neg1_Bacteroides_gut	K23365
Neg1_Bacteroides_gut	K23367
Neg1_Bacteroides_gut	K23397
Neg1_Bacteroides_gut	K23514
Neg1_Bacteroides_gut	K23738
Neg1_Bacteroides_gut	K23744
Neg1_Bacteroides_gut	K23997
Neg1_Bacteroides_gut	K23999
Neg1_Bacteroides_gut	K24118
Neg1_Bacteroides_gut	K24119
Neg1_Bacteroides_gut	K24159
Neg1_Bacteroides_gut	K24245
Neg1_Bacteroides_gut	K24258
Neg1_Bacteroides_gut	K24312
Neg1_Bacteroides_gut	K24528
Neg1_Bacteroides_gut	K24557
Neg1_Bacteroides_gut	K24558
Neg1_Bacteroides_gut	K24559
Neg1_Bacteroides_gut	K24567
Neg1_Bacteroides_gut	K24568
Neg1_Bacteroides_gut	K24569
Neg1_Bacteroides_gut	K24649
Neg1_Bacteroides_gut	K24847
Neg1_Bacteroides_gut	K25010
Neg1_Bacteroides_gut	K25026
Neg1_Bacteroides_gut	K25137
Neg1_Bacteroides_gut	K25180
Neg1_Bacteroides_gut	K25181
Neg1_Bacteroides_gut	K25197
Neg1_Bacteroides_gut	K25307
Neg1_Bacteroides_gut	K25314
Neg1_Bacteroides_gut	K25626
Neg1_Bacteroides_gut	K25706
Neg1_Bacteroides_gut	K25767
Neg1_Bacteroides_gut	K26073
Neg1_Bacteroides_gut	K26217
Neg1_Bacteroides_gut	K26288
Neg1_Bacteroides_gut	K26569
Neg1_Bacteroides_gut	K26576
Neg1_Bacteroides_gut	K26730
Neg1_Bacteroides_gut	K26731
Neg1_Bacteroides_gut	K26933
Neg1_Bacteroides_gut	K26937
Neg1_Bacteroides_gut	K26939
Neg1_Bacteroides_gut	K27186
Neg1_Bacteroides_gut	K27305
Neg1_Bacteroides_gut	K27502
Neg1_Bacteroides_gut	K27681
Neg1_Bacteroides_gut	K27684
Neg1_Bacteroides_gut	K27956
Neg1_Bacteroides_gut	K28014
Neg1_Bacteroides_gut	K28224
Neg1_Bacteroides_gut	K28370
Neg1_Bacteroides_gut	K28560
Neg1_Bacteroides_gut	K28561
Neg1_Bacteroides_gut	K28568
Neg1_Bacteroides_gut	K28569
Neg1_Bacteroides_gut	K28570
Neg1_Bacteroides_gut	K28588
Neg1_Bacteroides_gut	K28589
Neg1_Bacteroides_gut	K28640
Neg1_Bacteroides_gut	K28641
Neg1_Bacteroides_gut	K28868
Neg2_Ecoli_K12	K00005
Neg2_Ecoli_K12	K00009
Neg2_Ecoli_K12	K00012
Neg2_Ecoli_K12	K00013
Neg2_Ecoli_K12	K00014
Neg2_Ecoli_K12	K00027
Neg2_Ecoli_K12	K00029
Neg2_Ecoli_K12	K00031
Neg2_Ecoli_K12	K00033
Neg2_Ecoli_K12	K00036
Neg2_Ecoli_K12	K00040
Neg2_Ecoli_K12	K00041
Neg2_Ecoli_K12	K00042
Neg2_Ecoli_K12	K00046
Neg2_Ecoli_K12	K00048
Neg2_Ecoli_K12	K00052
Neg2_Ecoli_K12	K00053
Neg2_Ecoli_K12	K00057
Neg2_Ecoli_K12	K00058
Neg2_Ecoli_K12	K00059
Neg2_Ecoli_K12	K00060
Neg2_Ecoli_K12	K00065
Neg2_Ecoli_K12	K00067
Neg2_Ecoli_K12	K00068
Neg2_Ecoli_K12	K00073
Neg2_Ecoli_K12	K00074
Neg2_Ecoli_K12	K00075
Neg2_Ecoli_K12	K00076
Neg2_Ecoli_K12	K00077
Neg2_Ecoli_K12	K00087
Neg2_Ecoli_K12	K00088
Neg2_Ecoli_K12	K00090
Neg2_Ecoli_K12	K00094
Neg2_Ecoli_K12	K00097
Neg2_Ecoli_K12	K00098
Neg2_Ecoli_K12	K00099
Neg2_Ecoli_K12	K00104
Neg2_Ecoli_K12	K00108
Neg2_Ecoli_K12	K00111
Neg2_Ecoli_K12	K00112
Neg2_Ecoli_K12	K00113
Neg2_Ecoli_K12	K00116
Neg2_Ecoli_K12	K00117
Neg2_Ecoli_K12	K00121
Neg2_Ecoli_K12	K00124
Neg2_Ecoli_K12	K00127
Neg2_Ecoli_K12	K00130
Neg2_Ecoli_K12	K00133
Neg2_Ecoli_K12	K00134
Neg2_Ecoli_K12	K00135
Neg2_Ecoli_K12	K00137
Neg2_Ecoli_K12	K00138
Neg2_Ecoli_K12	K00145
Neg2_Ecoli_K12	K00146
Neg2_Ecoli_K12	K00147
Neg2_Ecoli_K12	K00156
Neg2_Ecoli_K12	K00163
Neg2_Ecoli_K12	K00164
Neg2_Ecoli_K12	K00208
Neg2_Ecoli_K12	K00215
Neg2_Ecoli_K12	K00216
Neg2_Ecoli_K12	K00219
Neg2_Ecoli_K12	K00228
Neg2_Ecoli_K12	K00230
Neg2_Ecoli_K12	K00239
Neg2_Ecoli_K12	K00240
Neg2_Ecoli_K12	K00241
Neg2_Ecoli_K12	K00242
Neg2_Ecoli_K12	K00244
Neg2_Ecoli_K12	K00245
Neg2_Ecoli_K12	K00246
Neg2_Ecoli_K12	K00247
Neg2_Ecoli_K12	K00254
Neg2_Ecoli_K12	K00262
Neg2_Ecoli_K12	K00265
Neg2_Ecoli_K12	K00266
Neg2_Ecoli_K12	K00275
Neg2_Ecoli_K12	K00276
Neg2_Ecoli_K12	K00278
Neg2_Ecoli_K12	K00281
Neg2_Ecoli_K12	K00285
Neg2_Ecoli_K12	K00286
Neg2_Ecoli_K12	K00287
Neg2_Ecoli_K12	K00297
Neg2_Ecoli_K12	K00299
Neg2_Ecoli_K12	K00313
Neg2_Ecoli_K12	K00322
Neg2_Ecoli_K12	K00324
Neg2_Ecoli_K12	K00325
Neg2_Ecoli_K12	K00330
Neg2_Ecoli_K12	K00331
Neg2_Ecoli_K12	K00334
Neg2_Ecoli_K12	K00335
Neg2_Ecoli_K12	K00336
Neg2_Ecoli_K12	K00337
Neg2_Ecoli_K12	K00338
Neg2_Ecoli_K12	K00339
Neg2_Ecoli_K12	K00340
Neg2_Ecoli_K12	K00341
Neg2_Ecoli_K12	K00342
Neg2_Ecoli_K12	K00343
Neg2_Ecoli_K12	K00344
Neg2_Ecoli_K12	K00355
Neg2_Ecoli_K12	K00362
Neg2_Ecoli_K12	K00363
Neg2_Ecoli_K12	K00364
Neg2_Ecoli_K12	K00373
Neg2_Ecoli_K12	K00374
Neg2_Ecoli_K12	K00380
Neg2_Ecoli_K12	K00381
Neg2_Ecoli_K12	K00382
Neg2_Ecoli_K12	K00383
Neg2_Ecoli_K12	K00384
Neg2_Ecoli_K12	K00389
Neg2_Ecoli_K12	K00390
Neg2_Ecoli_K12	K00424
Neg2_Ecoli_K12	K00425
Neg2_Ecoli_K12	K00426
Neg2_Ecoli_K12	K00427
Neg2_Ecoli_K12	K00428
Neg2_Ecoli_K12	K00432
Neg2_Ecoli_K12	K00525
Neg2_Ecoli_K12	K00526
Neg2_Ecoli_K12	K00529
Neg2_Ecoli_K12	K00537
Neg2_Ecoli_K12	K00547
Neg2_Ecoli_K12	K00548
Neg2_Ecoli_K12	K00549
Neg2_Ecoli_K12	K00554
Neg2_Ecoli_K12	K00556
Neg2_Ecoli_K12	K00557
Neg2_Ecoli_K12	K00558
Neg2_Ecoli_K12	K00560
Neg2_Ecoli_K12	K00563
Neg2_Ecoli_K12	K00564
Neg2_Ecoli_K12	K00566
Neg2_Ecoli_K12	K00567
Neg2_Ecoli_K12	K00568
Neg2_Ecoli_K12	K00571
Neg2_Ecoli_K12	K00573
Neg2_Ecoli_K12	K00574
Neg2_Ecoli_K12	K00575
Neg2_Ecoli_K12	K00598
Neg2_Ecoli_K12	K00600
Neg2_Ecoli_K12	K00602
Neg2_Ecoli_K12	K00604
Neg2_Ecoli_K12	K00605
Neg2_Ecoli_K12	K00606
Neg2_Ecoli_K12	K00609
Neg2_Ecoli_K12	K00610
Neg2_Ecoli_K12	K00611
Neg2_Ecoli_K12	K00615
Neg2_Ecoli_K12	K00616
Neg2_Ecoli_K12	K00625
Neg2_Ecoli_K12	K00626
Neg2_Ecoli_K12	K00627
Neg2_Ecoli_K12	K00631
Neg2_Ecoli_K12	K00632
Neg2_Ecoli_K12	K00633
Neg2_Ecoli_K12	K00639
Neg2_Ecoli_K12	K00640
Neg2_Ecoli_K12	K00645
Neg2_Ecoli_K12	K00647
Neg2_Ecoli_K12	K00648
Neg2_Ecoli_K12	K00651
Neg2_Ecoli_K12	K00652
Neg2_Ecoli_K12	K00655
Neg2_Ecoli_K12	K00656
Neg2_Ecoli_K12	K00658
Neg2_Ecoli_K12	K00661
Neg2_Ecoli_K12	K00673
Neg2_Ecoli_K12	K00674
Neg2_Ecoli_K12	K00675
Neg2_Ecoli_K12	K00677
Neg2_Ecoli_K12	K00681
Neg2_Ecoli_K12	K00684
Neg2_Ecoli_K12	K00688
Neg2_Ecoli_K12	K00690
Neg2_Ecoli_K12	K00694
Neg2_Ecoli_K12	K00697
Neg2_Ecoli_K12	K00700
Neg2_Ecoli_K12	K00703
Neg2_Ecoli_K12	K00705
Neg2_Ecoli_K12	K00748
Neg2_Ecoli_K12	K00757
Neg2_Ecoli_K12	K00758
Neg2_Ecoli_K12	K00759
Neg2_Ecoli_K12	K00760
Neg2_Ecoli_K12	K00761
Neg2_Ecoli_K12	K00762
Neg2_Ecoli_K12	K00763
Neg2_Ecoli_K12	K00764
Neg2_Ecoli_K12	K00765
Neg2_Ecoli_K12	K00766
Neg2_Ecoli_K12	K00767
Neg2_Ecoli_K12	K00768
Neg2_Ecoli_K12	K00769
Neg2_Ecoli_K12	K00773
Neg2_Ecoli_K12	K00782
Neg2_Ecoli_K12	K00783
Neg2_Ecoli_K12	K00784
Neg2_Ecoli_K12	K00788
Neg2_Ecoli_K12	K00789
Neg2_Ecoli_K12	K00790
Neg2_Ecoli_K12	K00791
Neg2_Ecoli_K12	K00793
Neg2_Ecoli_K12	K00794
Neg2_Ecoli_K12	K00795
Neg2_Ecoli_K12	K00796
Neg2_Ecoli_K12	K00797
Neg2_Ecoli_K12	K00799
Neg2_Ecoli_K12	K00800
Neg2_Ecoli_K12	K00803
Neg2_Ecoli_K12	K00806
Neg2_Ecoli_K12	K00813
Neg2_Ecoli_K12	K00817
Neg2_Ecoli_K12	K00820
Neg2_Ecoli_K12	K00821
Neg2_Ecoli_K12	K00823
Neg2_Ecoli_K12	K00826
Neg2_Ecoli_K12	K00831
Neg2_Ecoli_K12	K00832
Neg2_Ecoli_K12	K00833
Neg2_Ecoli_K12	K00835
Neg2_Ecoli_K12	K00840
Neg2_Ecoli_K12	K00845
Neg2_Ecoli_K12	K00848
Neg2_Ecoli_K12	K00849
Neg2_Ecoli_K12	K00850
Neg2_Ecoli_K12	K00851
Neg2_Ecoli_K12	K00852
Neg2_Ecoli_K12	K00853
Neg2_Ecoli_K12	K00854
Neg2_Ecoli_K12	K00857
Neg2_Ecoli_K12	K00858
Neg2_Ecoli_K12	K00859
Neg2_Ecoli_K12	K00860
Neg2_Ecoli_K12	K00864
Neg2_Ecoli_K12	K00865
Neg2_Ecoli_K12	K00867
Neg2_Ecoli_K12	K00868
Neg2_Ecoli_K12	K00872
Neg2_Ecoli_K12	K00873
Neg2_Ecoli_K12	K00874
Neg2_Ecoli_K12	K00876
Neg2_Ecoli_K12	K00878
Neg2_Ecoli_K12	K00879
Neg2_Ecoli_K12	K00880
Neg2_Ecoli_K12	K00881
Neg2_Ecoli_K12	K00882
Neg2_Ecoli_K12	K00883
Neg2_Ecoli_K12	K00885
Neg2_Ecoli_K12	K00891
Neg2_Ecoli_K12	K00892
Neg2_Ecoli_K12	K00906
Neg2_Ecoli_K12	K00912
Neg2_Ecoli_K12	K00919
Neg2_Ecoli_K12	K00925
Neg2_Ecoli_K12	K00926
Neg2_Ecoli_K12	K00927
Neg2_Ecoli_K12	K00928
Neg2_Ecoli_K12	K00930
Neg2_Ecoli_K12	K00931
Neg2_Ecoli_K12	K00932
Neg2_Ecoli_K12	K00937
Neg2_Ecoli_K12	K00939
Neg2_Ecoli_K12	K00940
Neg2_Ecoli_K12	K00941
Neg2_Ecoli_K12	K00942
Neg2_Ecoli_K12	K00943
Neg2_Ecoli_K12	K00945
Neg2_Ecoli_K12	K00946
Neg2_Ecoli_K12	K00948
Neg2_Ecoli_K12	K00950
Neg2_Ecoli_K12	K00951
Neg2_Ecoli_K12	K00954
Neg2_Ecoli_K12	K00956
Neg2_Ecoli_K12	K00957
Neg2_Ecoli_K12	K00962
Neg2_Ecoli_K12	K00963
Neg2_Ecoli_K12	K00965
Neg2_Ecoli_K12	K00969
Neg2_Ecoli_K12	K00970
Neg2_Ecoli_K12	K00971
Neg2_Ecoli_K12	K00973
Neg2_Ecoli_K12	K00974
Neg2_Ecoli_K12	K00975
Neg2_Ecoli_K12	K00979
Neg2_Ecoli_K12	K00981
Neg2_Ecoli_K12	K00982
Neg2_Ecoli_K12	K00986
Neg2_Ecoli_K12	K00989
Neg2_Ecoli_K12	K00990
Neg2_Ecoli_K12	K00991
Neg2_Ecoli_K12	K00995
Neg2_Ecoli_K12	K00997
Neg2_Ecoli_K12	K00998
Neg2_Ecoli_K12	K01000
Neg2_Ecoli_K12	K01002
Neg2_Ecoli_K12	K01007
Neg2_Ecoli_K12	K01008
Neg2_Ecoli_K12	K01011
Neg2_Ecoli_K12	K01012
Neg2_Ecoli_K12	K01026
Neg2_Ecoli_K12	K01034
Neg2_Ecoli_K12	K01035
Neg2_Ecoli_K12	K01042
Neg2_Ecoli_K12	K01048
Neg2_Ecoli_K12	K01051
Neg2_Ecoli_K12	K01056
Neg2_Ecoli_K12	K01058
Neg2_Ecoli_K12	K01061
Neg2_Ecoli_K12	K01066
Neg2_Ecoli_K12	K01069
Neg2_Ecoli_K12	K01070
Neg2_Ecoli_K12	K01073
Neg2_Ecoli_K12	K01077
Neg2_Ecoli_K12	K01079
Neg2_Ecoli_K12	K01082
Neg2_Ecoli_K12	K01085
Neg2_Ecoli_K12	K01087
Neg2_Ecoli_K12	K01089
Neg2_Ecoli_K12	K01091
Neg2_Ecoli_K12	K01092
Neg2_Ecoli_K12	K01093
Neg2_Ecoli_K12	K01095
Neg2_Ecoli_K12	K01096
Neg2_Ecoli_K12	K01118
Neg2_Ecoli_K12	K01119
Neg2_Ecoli_K12	K01126
Neg2_Ecoli_K12	K01129
Neg2_Ecoli_K12	K01138
Neg2_Ecoli_K12	K01139
Neg2_Ecoli_K12	K01141
Neg2_Ecoli_K12	K01142
Neg2_Ecoli_K12	K01146
Neg2_Ecoli_K12	K01147
Neg2_Ecoli_K12	K01150
Neg2_Ecoli_K12	K01151
Neg2_Ecoli_K12	K01153
Neg2_Ecoli_K12	K01154
Neg2_Ecoli_K12	K01157
Neg2_Ecoli_K12	K01159
Neg2_Ecoli_K12	K01160
Neg2_Ecoli_K12	K01169
Neg2_Ecoli_K12	K01175
Neg2_Ecoli_K12	K01176
Neg2_Ecoli_K12	K01185
Neg2_Ecoli_K12	K01190
Neg2_Ecoli_K12	K01194
Neg2_Ecoli_K12	K01195
Neg2_Ecoli_K12	K01198
Neg2_Ecoli_K12	K01207
Neg2_Ecoli_K12	K01222
Neg2_Ecoli_K12	K01223
Neg2_Ecoli_K12	K01226
Neg2_Ecoli_K12	K01241
Neg2_Ecoli_K12	K01243
Neg2_Ecoli_K12	K01246
Neg2_Ecoli_K12	K01250
Neg2_Ecoli_K12	K01252
Neg2_Ecoli_K12	K01255
Neg2_Ecoli_K12	K01256
Neg2_Ecoli_K12	K01258
Neg2_Ecoli_K12	K01262
Neg2_Ecoli_K12	K01265
Neg2_Ecoli_K12	K01270
Neg2_Ecoli_K12	K01271
Neg2_Ecoli_K12	K01284
Neg2_Ecoli_K12	K01297
Neg2_Ecoli_K12	K01305
Neg2_Ecoli_K12	K01338
Neg2_Ecoli_K12	K01354
Neg2_Ecoli_K12	K01355
Neg2_Ecoli_K12	K01356
Neg2_Ecoli_K12	K01358
Neg2_Ecoli_K12	K01407
Neg2_Ecoli_K12	K01414
Neg2_Ecoli_K12	K01419
Neg2_Ecoli_K12	K01420
Neg2_Ecoli_K12	K01423
Neg2_Ecoli_K12	K01424
Neg2_Ecoli_K12	K01425
Neg2_Ecoli_K12	K01433
Neg2_Ecoli_K12	K01438
Neg2_Ecoli_K12	K01439
Neg2_Ecoli_K12	K01443
Neg2_Ecoli_K12	K01448
Neg2_Ecoli_K12	K01460
Neg2_Ecoli_K12	K01462
Neg2_Ecoli_K12	K01464
Neg2_Ecoli_K12	K01466
Neg2_Ecoli_K12	K01467
Neg2_Ecoli_K12	K01480
Neg2_Ecoli_K12	K01483
Neg2_Ecoli_K12	K01484
Neg2_Ecoli_K12	K01485
Neg2_Ecoli_K12	K01486
Neg2_Ecoli_K12	K01487
Neg2_Ecoli_K12	K01488
Neg2_Ecoli_K12	K01489
Neg2_Ecoli_K12	K01491
Neg2_Ecoli_K12	K01494
Neg2_Ecoli_K12	K01495
Neg2_Ecoli_K12	K01497
Neg2_Ecoli_K12	K01507
Neg2_Ecoli_K12	K01512
Neg2_Ecoli_K12	K01515
Neg2_Ecoli_K12	K01519
Neg2_Ecoli_K12	K01520
Neg2_Ecoli_K12	K01521
Neg2_Ecoli_K12	K01524
Neg2_Ecoli_K12	K01525
Neg2_Ecoli_K12	K01529
Neg2_Ecoli_K12	K01531
Neg2_Ecoli_K12	K01534
Neg2_Ecoli_K12	K01546
Neg2_Ecoli_K12	K01547
Neg2_Ecoli_K12	K01548
Neg2_Ecoli_K12	K01577
Neg2_Ecoli_K12	K01579
Neg2_Ecoli_K12	K01580
Neg2_Ecoli_K12	K01582
Neg2_Ecoli_K12	K01584
Neg2_Ecoli_K12	K01585
Neg2_Ecoli_K12	K01586
Neg2_Ecoli_K12	K01588
Neg2_Ecoli_K12	K01589
Neg2_Ecoli_K12	K01591
Neg2_Ecoli_K12	K01595
Neg2_Ecoli_K12	K01599
Neg2_Ecoli_K12	K01608
Neg2_Ecoli_K12	K01610
Neg2_Ecoli_K12	K01611
Neg2_Ecoli_K12	K01613
Neg2_Ecoli_K12	K01619
Neg2_Ecoli_K12	K01620
Neg2_Ecoli_K12	K01624
Neg2_Ecoli_K12	K01625
Neg2_Ecoli_K12	K01626
Neg2_Ecoli_K12	K01627
Neg2_Ecoli_K12	K01628
Neg2_Ecoli_K12	K01629
Neg2_Ecoli_K12	K01630
Neg2_Ecoli_K12	K01631
Neg2_Ecoli_K12	K01633
Neg2_Ecoli_K12	K01637
Neg2_Ecoli_K12	K01638
Neg2_Ecoli_K12	K01639
Neg2_Ecoli_K12	K01643
Neg2_Ecoli_K12	K01644
Neg2_Ecoli_K12	K01646
Neg2_Ecoli_K12	K01647
Neg2_Ecoli_K12	K01649
Neg2_Ecoli_K12	K01652
Neg2_Ecoli_K12	K01653
Neg2_Ecoli_K12	K01657
Neg2_Ecoli_K12	K01658
Neg2_Ecoli_K12	K01659
Neg2_Ecoli_K12	K01661
Neg2_Ecoli_K12	K01662
Neg2_Ecoli_K12	K01664
Neg2_Ecoli_K12	K01665
Neg2_Ecoli_K12	K01666
Neg2_Ecoli_K12	K01667
Neg2_Ecoli_K12	K01669
Neg2_Ecoli_K12	K01671
Neg2_Ecoli_K12	K01673
Neg2_Ecoli_K12	K01675
Neg2_Ecoli_K12	K01676
Neg2_Ecoli_K12	K01679
Neg2_Ecoli_K12	K01682
Neg2_Ecoli_K12	K01684
Neg2_Ecoli_K12	K01685
Neg2_Ecoli_K12	K01686
Neg2_Ecoli_K12	K01687
Neg2_Ecoli_K12	K01689
Neg2_Ecoli_K12	K01690
Neg2_Ecoli_K12	K01693
Neg2_Ecoli_K12	K01695
Neg2_Ecoli_K12	K01696
Neg2_Ecoli_K12	K01698
Neg2_Ecoli_K12	K01703
Neg2_Ecoli_K12	K01704
Neg2_Ecoli_K12	K01706
Neg2_Ecoli_K12	K01708
Neg2_Ecoli_K12	K01710
Neg2_Ecoli_K12	K01711
Neg2_Ecoli_K12	K01714
Neg2_Ecoli_K12	K01716
Neg2_Ecoli_K12	K01719
Neg2_Ecoli_K12	K01720
Neg2_Ecoli_K12	K01725
Neg2_Ecoli_K12	K01726
Neg2_Ecoli_K12	K01733
Neg2_Ecoli_K12	K01734
Neg2_Ecoli_K12	K01735
Neg2_Ecoli_K12	K01736
Neg2_Ecoli_K12	K01737
Neg2_Ecoli_K12	K01738
Neg2_Ecoli_K12	K01744
Neg2_Ecoli_K12	K01749
Neg2_Ecoli_K12	K01751
Neg2_Ecoli_K12	K01752
Neg2_Ecoli_K12	K01753
Neg2_Ecoli_K12	K01754
Neg2_Ecoli_K12	K01755
Neg2_Ecoli_K12	K01756
Neg2_Ecoli_K12	K01759
Neg2_Ecoli_K12	K01760
Neg2_Ecoli_K12	K01766
Neg2_Ecoli_K12	K01770
Neg2_Ecoli_K12	K01772
Neg2_Ecoli_K12	K01774
Neg2_Ecoli_K12	K01775
Neg2_Ecoli_K12	K01776
Neg2_Ecoli_K12	K01778
Neg2_Ecoli_K12	K01779
Neg2_Ecoli_K12	K01782
Neg2_Ecoli_K12	K01783
Neg2_Ecoli_K12	K01784
Neg2_Ecoli_K12	K01785
Neg2_Ecoli_K12	K01788
Neg2_Ecoli_K12	K01790
Neg2_Ecoli_K12	K01791
Neg2_Ecoli_K12	K01792
Neg2_Ecoli_K12	K01802
Neg2_Ecoli_K12	K01803
Neg2_Ecoli_K12	K01804
Neg2_Ecoli_K12	K01805
Neg2_Ecoli_K12	K01807
Neg2_Ecoli_K12	K01808
Neg2_Ecoli_K12	K01809
Neg2_Ecoli_K12	K01810
Neg2_Ecoli_K12	K01811
Neg2_Ecoli_K12	K01812
Neg2_Ecoli_K12	K01813
Neg2_Ecoli_K12	K01814
Neg2_Ecoli_K12	K01815
Neg2_Ecoli_K12	K01816
Neg2_Ecoli_K12	K01818
Neg2_Ecoli_K12	K01821
Neg2_Ecoli_K12	K01823
Neg2_Ecoli_K12	K01825
Neg2_Ecoli_K12	K01834
Neg2_Ecoli_K12	K01835
Neg2_Ecoli_K12	K01838
Neg2_Ecoli_K12	K01839
Neg2_Ecoli_K12	K01840
Neg2_Ecoli_K12	K01845
Neg2_Ecoli_K12	K01847
Neg2_Ecoli_K12	K01854
Neg2_Ecoli_K12	K01866
Neg2_Ecoli_K12	K01867
Neg2_Ecoli_K12	K01868
Neg2_Ecoli_K12	K01869
Neg2_Ecoli_K12	K01870
Neg2_Ecoli_K12	K01872
Neg2_Ecoli_K12	K01873
Neg2_Ecoli_K12	K01874
Neg2_Ecoli_K12	K01875
Neg2_Ecoli_K12	K01876
Neg2_Ecoli_K12	K01878
Neg2_Ecoli_K12	K01879
Neg2_Ecoli_K12	K01881
Neg2_Ecoli_K12	K01883
Neg2_Ecoli_K12	K01885
Neg2_Ecoli_K12	K01886
Neg2_Ecoli_K12	K01887
Neg2_Ecoli_K12	K01889
Neg2_Ecoli_K12	K01890
Neg2_Ecoli_K12	K01892
Neg2_Ecoli_K12	K01893
Neg2_Ecoli_K12	K01894
Neg2_Ecoli_K12	K01895
Neg2_Ecoli_K12	K01897
Neg2_Ecoli_K12	K01902
Neg2_Ecoli_K12	K01903
Neg2_Ecoli_K12	K01908
Neg2_Ecoli_K12	K01910
Neg2_Ecoli_K12	K01911
Neg2_Ecoli_K12	K01912
Neg2_Ecoli_K12	K01914
Neg2_Ecoli_K12	K01915
Neg2_Ecoli_K12	K01916
Neg2_Ecoli_K12	K01918
Neg2_Ecoli_K12	K01919
Neg2_Ecoli_K12	K01920
Neg2_Ecoli_K12	K01921
Neg2_Ecoli_K12	K01923
Neg2_Ecoli_K12	K01924
Neg2_Ecoli_K12	K01925
Neg2_Ecoli_K12	K01928
Neg2_Ecoli_K12	K01929
Neg2_Ecoli_K12	K01933
Neg2_Ecoli_K12	K01934
Neg2_Ecoli_K12	K01935
Neg2_Ecoli_K12	K01937
Neg2_Ecoli_K12	K01939
Neg2_Ecoli_K12	K01940
Neg2_Ecoli_K12	K01945
Neg2_Ecoli_K12	K01951
Neg2_Ecoli_K12	K01952
Neg2_Ecoli_K12	K01953
Neg2_Ecoli_K12	K01955
Neg2_Ecoli_K12	K01956
Neg2_Ecoli_K12	K01961
Neg2_Ecoli_K12	K01962
Neg2_Ecoli_K12	K01963
Neg2_Ecoli_K12	K01972
Neg2_Ecoli_K12	K01974
Neg2_Ecoli_K12	K01975
Neg2_Ecoli_K12	K01990
Neg2_Ecoli_K12	K01991
Neg2_Ecoli_K12	K01992
Neg2_Ecoli_K12	K01993
Neg2_Ecoli_K12	K01995
Neg2_Ecoli_K12	K01996
Neg2_Ecoli_K12	K01997
Neg2_Ecoli_K12	K01998
Neg2_Ecoli_K12	K01999
Neg2_Ecoli_K12	K02000
Neg2_Ecoli_K12	K02001
Neg2_Ecoli_K12	K02002
Neg2_Ecoli_K12	K02003
Neg2_Ecoli_K12	K02004
Neg2_Ecoli_K12	K02005
Neg2_Ecoli_K12	K02010
Neg2_Ecoli_K12	K02013
Neg2_Ecoli_K12	K02014
Neg2_Ecoli_K12	K02017
Neg2_Ecoli_K12	K02018
Neg2_Ecoli_K12	K02019
Neg2_Ecoli_K12	K02020
Neg2_Ecoli_K12	K02024
Neg2_Ecoli_K12	K02026
Neg2_Ecoli_K12	K02027
Neg2_Ecoli_K12	K02028
Neg2_Ecoli_K12	K02029
Neg2_Ecoli_K12	K02030
Neg2_Ecoli_K12	K02031
Neg2_Ecoli_K12	K02032
Neg2_Ecoli_K12	K02033
Neg2_Ecoli_K12	K02034
Neg2_Ecoli_K12	K02035
Neg2_Ecoli_K12	K02036
Neg2_Ecoli_K12	K02037
Neg2_Ecoli_K12	K02038
Neg2_Ecoli_K12	K02039
Neg2_Ecoli_K12	K02040
Neg2_Ecoli_K12	K02041
Neg2_Ecoli_K12	K02042
Neg2_Ecoli_K12	K02043
Neg2_Ecoli_K12	K02044
Neg2_Ecoli_K12	K02045
Neg2_Ecoli_K12	K02046
Neg2_Ecoli_K12	K02047
Neg2_Ecoli_K12	K02048
Neg2_Ecoli_K12	K02050
Neg2_Ecoli_K12	K02053
Neg2_Ecoli_K12	K02055
Neg2_Ecoli_K12	K02063
Neg2_Ecoli_K12	K02064
Neg2_Ecoli_K12	K02065
Neg2_Ecoli_K12	K02066
Neg2_Ecoli_K12	K02067
Neg2_Ecoli_K12	K02068
Neg2_Ecoli_K12	K02069
Neg2_Ecoli_K12	K02071
Neg2_Ecoli_K12	K02072
Neg2_Ecoli_K12	K02073
Neg2_Ecoli_K12	K02078
Neg2_Ecoli_K12	K02080
Neg2_Ecoli_K12	K02081
Neg2_Ecoli_K12	K02082
Neg2_Ecoli_K12	K02099
Neg2_Ecoli_K12	K02100
Neg2_Ecoli_K12	K02106
Neg2_Ecoli_K12	K02108
Neg2_Ecoli_K12	K02109
Neg2_Ecoli_K12	K02110
Neg2_Ecoli_K12	K02111
Neg2_Ecoli_K12	K02112
Neg2_Ecoli_K12	K02113
Neg2_Ecoli_K12	K02114
Neg2_Ecoli_K12	K02115
Neg2_Ecoli_K12	K02116
Neg2_Ecoli_K12	K02160
Neg2_Ecoli_K12	K02167
Neg2_Ecoli_K12	K02168
Neg2_Ecoli_K12	K02169
Neg2_Ecoli_K12	K02170
Neg2_Ecoli_K12	K02173
Neg2_Ecoli_K12	K02182
Neg2_Ecoli_K12	K02192
Neg2_Ecoli_K12	K02193
Neg2_Ecoli_K12	K02194
Neg2_Ecoli_K12	K02195
Neg2_Ecoli_K12	K02196
Neg2_Ecoli_K12	K02197
Neg2_Ecoli_K12	K02198
Neg2_Ecoli_K12	K02199
Neg2_Ecoli_K12	K02200
Neg2_Ecoli_K12	K02217
Neg2_Ecoli_K12	K02221
Neg2_Ecoli_K12	K02226
Neg2_Ecoli_K12	K02231
Neg2_Ecoli_K12	K02233
Neg2_Ecoli_K12	K02237
Neg2_Ecoli_K12	K02238
Neg2_Ecoli_K12	K02242
Neg2_Ecoli_K12	K02255
Neg2_Ecoli_K12	K02257
Neg2_Ecoli_K12	K02297
Neg2_Ecoli_K12	K02298
Neg2_Ecoli_K12	K02299
Neg2_Ecoli_K12	K02300
Neg2_Ecoli_K12	K02302
Neg2_Ecoli_K12	K02303
Neg2_Ecoli_K12	K02313
Neg2_Ecoli_K12	K02314
Neg2_Ecoli_K12	K02315
Neg2_Ecoli_K12	K02316
Neg2_Ecoli_K12	K02317
Neg2_Ecoli_K12	K02335
Neg2_Ecoli_K12	K02336
Neg2_Ecoli_K12	K02337
Neg2_Ecoli_K12	K02338
Neg2_Ecoli_K12	K02339
Neg2_Ecoli_K12	K02340
Neg2_Ecoli_K12	K02341
Neg2_Ecoli_K12	K02342
Neg2_Ecoli_K12	K02343
Neg2_Ecoli_K12	K02344
Neg2_Ecoli_K12	K02345
Neg2_Ecoli_K12	K02346
Neg2_Ecoli_K12	K02348
Neg2_Ecoli_K12	K02355
Neg2_Ecoli_K12	K02356
Neg2_Ecoli_K12	K02357
Neg2_Ecoli_K12	K02358
Neg2_Ecoli_K12	K02361
Neg2_Ecoli_K12	K02362
Neg2_Ecoli_K12	K02363
Neg2_Ecoli_K12	K02364
Neg2_Ecoli_K12	K02372
Neg2_Ecoli_K12	K02377
Neg2_Ecoli_K12	K02379
Neg2_Ecoli_K12	K02380
Neg2_Ecoli_K12	K02381
Neg2_Ecoli_K12	K02386
Neg2_Ecoli_K12	K02387
Neg2_Ecoli_K12	K02388
Neg2_Ecoli_K12	K02389
Neg2_Ecoli_K12	K02390
Neg2_Ecoli_K12	K02391
Neg2_Ecoli_K12	K02392
Neg2_Ecoli_K12	K02393
Neg2_Ecoli_K12	K02394
Neg2_Ecoli_K12	K02395
Neg2_Ecoli_K12	K02396
Neg2_Ecoli_K12	K02397
Neg2_Ecoli_K12	K02398
Neg2_Ecoli_K12	K02399
Neg2_Ecoli_K12	K02400
Neg2_Ecoli_K12	K02401
Neg2_Ecoli_K12	K02402
Neg2_Ecoli_K12	K02403
Neg2_Ecoli_K12	K02405
Neg2_Ecoli_K12	K02406
Neg2_Ecoli_K12	K02407
Neg2_Ecoli_K12	K02408
Neg2_Ecoli_K12	K02409
Neg2_Ecoli_K12	K02410
Neg2_Ecoli_K12	K02411
Neg2_Ecoli_K12	K02412
Neg2_Ecoli_K12	K02413
Neg2_Ecoli_K12	K02414
Neg2_Ecoli_K12	K02415
Neg2_Ecoli_K12	K02416
Neg2_Ecoli_K12	K02417
Neg2_Ecoli_K12	K02418
Neg2_Ecoli_K12	K02419
Neg2_Ecoli_K12	K02420
Neg2_Ecoli_K12	K02421
Neg2_Ecoli_K12	K02422
Neg2_Ecoli_K12	K02423
Neg2_Ecoli_K12	K02424
Neg2_Ecoli_K12	K02425
Neg2_Ecoli_K12	K02426
Neg2_Ecoli_K12	K02427
Neg2_Ecoli_K12	K02429
Neg2_Ecoli_K12	K02430
Neg2_Ecoli_K12	K02431
Neg2_Ecoli_K12	K02437
Neg2_Ecoli_K12	K02438
Neg2_Ecoli_K12	K02439
Neg2_Ecoli_K12	K02440
Neg2_Ecoli_K12	K02441
Neg2_Ecoli_K12	K02442
Neg2_Ecoli_K12	K02443
Neg2_Ecoli_K12	K02444
Neg2_Ecoli_K12	K02445
Neg2_Ecoli_K12	K02446
Neg2_Ecoli_K12	K02452
Neg2_Ecoli_K12	K02453
Neg2_Ecoli_K12	K02454
Neg2_Ecoli_K12	K02455
Neg2_Ecoli_K12	K02456
Neg2_Ecoli_K12	K02457
Neg2_Ecoli_K12	K02458
Neg2_Ecoli_K12	K02459
Neg2_Ecoli_K12	K02460
Neg2_Ecoli_K12	K02461
Neg2_Ecoli_K12	K02462
Neg2_Ecoli_K12	K02466
Neg2_Ecoli_K12	K02467
Neg2_Ecoli_K12	K02468
Neg2_Ecoli_K12	K02469
Neg2_Ecoli_K12	K02470
Neg2_Ecoli_K12	K02471
Neg2_Ecoli_K12	K02472
Neg2_Ecoli_K12	K02477
Neg2_Ecoli_K12	K02481
Neg2_Ecoli_K12	K02483
Neg2_Ecoli_K12	K02485
Neg2_Ecoli_K12	K02492
Neg2_Ecoli_K12	K02493
Neg2_Ecoli_K12	K02494
Neg2_Ecoli_K12	K02495
Neg2_Ecoli_K12	K02496
Neg2_Ecoli_K12	K02498
Neg2_Ecoli_K12	K02500
Neg2_Ecoli_K12	K02501
Neg2_Ecoli_K12	K02503
Neg2_Ecoli_K12	K02504
Neg2_Ecoli_K12	K02505
Neg2_Ecoli_K12	K02507
Neg2_Ecoli_K12	K02510
Neg2_Ecoli_K12	K02517
Neg2_Ecoli_K12	K02518
Neg2_Ecoli_K12	K02519
Neg2_Ecoli_K12	K02520
Neg2_Ecoli_K12	K02521
Neg2_Ecoli_K12	K02523
Neg2_Ecoli_K12	K02526
Neg2_Ecoli_K12	K02527
Neg2_Ecoli_K12	K02528
Neg2_Ecoli_K12	K02529
Neg2_Ecoli_K12	K02532
Neg2_Ecoli_K12	K02535
Neg2_Ecoli_K12	K02536
Neg2_Ecoli_K12	K02548
Neg2_Ecoli_K12	K02549
Neg2_Ecoli_K12	K02550
Neg2_Ecoli_K12	K02551
Neg2_Ecoli_K12	K02552
Neg2_Ecoli_K12	K02553
Neg2_Ecoli_K12	K02554
Neg2_Ecoli_K12	K02556
Neg2_Ecoli_K12	K02557
Neg2_Ecoli_K12	K02558
Neg2_Ecoli_K12	K02560
Neg2_Ecoli_K12	K02562
Neg2_Ecoli_K12	K02563
Neg2_Ecoli_K12	K02564
Neg2_Ecoli_K12	K02565
Neg2_Ecoli_K12	K02566
Neg2_Ecoli_K12	K02567
Neg2_Ecoli_K12	K02568
Neg2_Ecoli_K12	K02569
Neg2_Ecoli_K12	K02570
Neg2_Ecoli_K12	K02572
Neg2_Ecoli_K12	K02573
Neg2_Ecoli_K12	K02574
Neg2_Ecoli_K12	K02575
Neg2_Ecoli_K12	K02598
Neg2_Ecoli_K12	K02600
Neg2_Ecoli_K12	K02601
Neg2_Ecoli_K12	K02609
Neg2_Ecoli_K12	K02610
Neg2_Ecoli_K12	K02611
Neg2_Ecoli_K12	K02612
Neg2_Ecoli_K12	K02613
Neg2_Ecoli_K12	K02614
Neg2_Ecoli_K12	K02615
Neg2_Ecoli_K12	K02616
Neg2_Ecoli_K12	K02617
Neg2_Ecoli_K12	K02618
Neg2_Ecoli_K12	K02619
Neg2_Ecoli_K12	K02621
Neg2_Ecoli_K12	K02622
Neg2_Ecoli_K12	K02623
Neg2_Ecoli_K12	K02647
Neg2_Ecoli_K12	K02650
Neg2_Ecoli_K12	K02654
Neg2_Ecoli_K12	K02679
Neg2_Ecoli_K12	K02680
Neg2_Ecoli_K12	K02681
Neg2_Ecoli_K12	K02682
Neg2_Ecoli_K12	K02686
Neg2_Ecoli_K12	K02687
Neg2_Ecoli_K12	K02688
Neg2_Ecoli_K12	K02742
Neg2_Ecoli_K12	K02745
Neg2_Ecoli_K12	K02750
Neg2_Ecoli_K12	K02753
Neg2_Ecoli_K12	K02757
Neg2_Ecoli_K12	K02759
Neg2_Ecoli_K12	K02760
Neg2_Ecoli_K12	K02761
Neg2_Ecoli_K12	K02770
Neg2_Ecoli_K12	K02774
Neg2_Ecoli_K12	K02775
Neg2_Ecoli_K12	K02777
Neg2_Ecoli_K12	K02779
Neg2_Ecoli_K12	K02781
Neg2_Ecoli_K12	K02782
Neg2_Ecoli_K12	K02783
Neg2_Ecoli_K12	K02784
Neg2_Ecoli_K12	K02791
Neg2_Ecoli_K12	K02794
Neg2_Ecoli_K12	K02795
Neg2_Ecoli_K12	K02796
Neg2_Ecoli_K12	K02800
Neg2_Ecoli_K12	K02804
Neg2_Ecoli_K12	K02805
Neg2_Ecoli_K12	K02806
Neg2_Ecoli_K12	K02819
Neg2_Ecoli_K12	K02821
Neg2_Ecoli_K12	K02822
Neg2_Ecoli_K12	K02824
Neg2_Ecoli_K12	K02834
Neg2_Ecoli_K12	K02835
Neg2_Ecoli_K12	K02836
Neg2_Ecoli_K12	K02837
Neg2_Ecoli_K12	K02838
Neg2_Ecoli_K12	K02839
Neg2_Ecoli_K12	K02840
Neg2_Ecoli_K12	K02841
Neg2_Ecoli_K12	K02843
Neg2_Ecoli_K12	K02844
Neg2_Ecoli_K12	K02846
Neg2_Ecoli_K12	K02847
Neg2_Ecoli_K12	K02848
Neg2_Ecoli_K12	K02849
Neg2_Ecoli_K12	K02850
Neg2_Ecoli_K12	K02851
Neg2_Ecoli_K12	K02852
Neg2_Ecoli_K12	K02853
Neg2_Ecoli_K12	K02854
Neg2_Ecoli_K12	K02855
Neg2_Ecoli_K12	K02856
Neg2_Ecoli_K12	K02858
Neg2_Ecoli_K12	K02860
Neg2_Ecoli_K12	K02863
Neg2_Ecoli_K12	K02864
Neg2_Ecoli_K12	K02867
Neg2_Ecoli_K12	K02871
Neg2_Ecoli_K12	K02874
Neg2_Ecoli_K12	K02876
Neg2_Ecoli_K12	K02878
Neg2_Ecoli_K12	K02879
Neg2_Ecoli_K12	K02881
Neg2_Ecoli_K12	K02884
Neg2_Ecoli_K12	K02886
Neg2_Ecoli_K12	K02887
Neg2_Ecoli_K12	K02888
Neg2_Ecoli_K12	K02890
Neg2_Ecoli_K12	K02892
Neg2_Ecoli_K12	K02895
Neg2_Ecoli_K12	K02897
Neg2_Ecoli_K12	K02899
Neg2_Ecoli_K12	K02902
Neg2_Ecoli_K12	K02904
Neg2_Ecoli_K12	K02906
Neg2_Ecoli_K12	K02907
Neg2_Ecoli_K12	K02909
Neg2_Ecoli_K12	K02911
Neg2_Ecoli_K12	K02913
Neg2_Ecoli_K12	K02914
Neg2_Ecoli_K12	K02916
Neg2_Ecoli_K12	K02919
Neg2_Ecoli_K12	K02926
Neg2_Ecoli_K12	K02931
Neg2_Ecoli_K12	K02933
Neg2_Ecoli_K12	K02935
Neg2_Ecoli_K12	K02939
Neg2_Ecoli_K12	K02945
Neg2_Ecoli_K12	K02946
Neg2_Ecoli_K12	K02948
Neg2_Ecoli_K12	K02950
Neg2_Ecoli_K12	K02952
Neg2_Ecoli_K12	K02954
Neg2_Ecoli_K12	K02956
Neg2_Ecoli_K12	K02959
Neg2_Ecoli_K12	K02961
Neg2_Ecoli_K12	K02963
Neg2_Ecoli_K12	K02965
Neg2_Ecoli_K12	K02967
Neg2_Ecoli_K12	K02968
Neg2_Ecoli_K12	K02970
Neg2_Ecoli_K12	K02972
Neg2_Ecoli_K12	K02982
Neg2_Ecoli_K12	K02986
Neg2_Ecoli_K12	K02988
Neg2_Ecoli_K12	K02990
Neg2_Ecoli_K12	K02992
Neg2_Ecoli_K12	K02994
Neg2_Ecoli_K12	K02996
Neg2_Ecoli_K12	K03040
Neg2_Ecoli_K12	K03043
Neg2_Ecoli_K12	K03046
Neg2_Ecoli_K12	K03060
Neg2_Ecoli_K12	K03070
Neg2_Ecoli_K12	K03071
Neg2_Ecoli_K12	K03072
Neg2_Ecoli_K12	K03073
Neg2_Ecoli_K12	K03074
Neg2_Ecoli_K12	K03075
Neg2_Ecoli_K12	K03076
Neg2_Ecoli_K12	K03077
Neg2_Ecoli_K12	K03078
Neg2_Ecoli_K12	K03079
Neg2_Ecoli_K12	K03086
Neg2_Ecoli_K12	K03087
Neg2_Ecoli_K12	K03088
Neg2_Ecoli_K12	K03089
Neg2_Ecoli_K12	K03092
Neg2_Ecoli_K12	K03098
Neg2_Ecoli_K12	K03100
Neg2_Ecoli_K12	K03101
Neg2_Ecoli_K12	K03106
Neg2_Ecoli_K12	K03110
Neg2_Ecoli_K12	K03111
Neg2_Ecoli_K12	K03112
Neg2_Ecoli_K12	K03113
Neg2_Ecoli_K12	K03116
Neg2_Ecoli_K12	K03117
Neg2_Ecoli_K12	K03118
Neg2_Ecoli_K12	K03119
Neg2_Ecoli_K12	K03147
Neg2_Ecoli_K12	K03148
Neg2_Ecoli_K12	K03149
Neg2_Ecoli_K12	K03150
Neg2_Ecoli_K12	K03151
Neg2_Ecoli_K12	K03152
Neg2_Ecoli_K12	K03154
Neg2_Ecoli_K12	K03168
Neg2_Ecoli_K12	K03169
Neg2_Ecoli_K12	K03177
Neg2_Ecoli_K12	K03179
Neg2_Ecoli_K12	K03181
Neg2_Ecoli_K12	K03182
Neg2_Ecoli_K12	K03183
Neg2_Ecoli_K12	K03184
Neg2_Ecoli_K12	K03185
Neg2_Ecoli_K12	K03186
Neg2_Ecoli_K12	K03207
Neg2_Ecoli_K12	K03208
Neg2_Ecoli_K12	K03210
Neg2_Ecoli_K12	K03212
Neg2_Ecoli_K12	K03214
Neg2_Ecoli_K12	K03215
Neg2_Ecoli_K12	K03216
Neg2_Ecoli_K12	K03217
Neg2_Ecoli_K12	K03218
Neg2_Ecoli_K12	K03269
Neg2_Ecoli_K12	K03270
Neg2_Ecoli_K12	K03271
Neg2_Ecoli_K12	K03272
Neg2_Ecoli_K12	K03273
Neg2_Ecoli_K12	K03274
Neg2_Ecoli_K12	K03276
Neg2_Ecoli_K12	K03277
Neg2_Ecoli_K12	K03281
Neg2_Ecoli_K12	K03282
Neg2_Ecoli_K12	K03284
Neg2_Ecoli_K12	K03286
Neg2_Ecoli_K12	K03289
Neg2_Ecoli_K12	K03290
Neg2_Ecoli_K12	K03291
Neg2_Ecoli_K12	K03292
Neg2_Ecoli_K12	K03293
Neg2_Ecoli_K12	K03297
Neg2_Ecoli_K12	K03299
Neg2_Ecoli_K12	K03303
Neg2_Ecoli_K12	K03304
Neg2_Ecoli_K12	K03305
Neg2_Ecoli_K12	K03307
Neg2_Ecoli_K12	K03310
Neg2_Ecoli_K12	K03311
Neg2_Ecoli_K12	K03312
Neg2_Ecoli_K12	K03313
Neg2_Ecoli_K12	K03314
Neg2_Ecoli_K12	K03319
Neg2_Ecoli_K12	K03320
Neg2_Ecoli_K12	K03321
Neg2_Ecoli_K12	K03322
Neg2_Ecoli_K12	K03324
Neg2_Ecoli_K12	K03326
Neg2_Ecoli_K12	K03329
Neg2_Ecoli_K12	K03385
Neg2_Ecoli_K12	K03387
Neg2_Ecoli_K12	K03391
Neg2_Ecoli_K12	K03402
Neg2_Ecoli_K12	K03406
Neg2_Ecoli_K12	K03407
Neg2_Ecoli_K12	K03408
Neg2_Ecoli_K12	K03412
Neg2_Ecoli_K12	K03413
Neg2_Ecoli_K12	K03414
Neg2_Ecoli_K12	K03417
Neg2_Ecoli_K12	K03424
Neg2_Ecoli_K12	K03425
Neg2_Ecoli_K12	K03426
Neg2_Ecoli_K12	K03427
Neg2_Ecoli_K12	K03431
Neg2_Ecoli_K12	K03435
Neg2_Ecoli_K12	K03438
Neg2_Ecoli_K12	K03439
Neg2_Ecoli_K12	K03442
Neg2_Ecoli_K12	K03445
Neg2_Ecoli_K12	K03446
Neg2_Ecoli_K12	K03449
Neg2_Ecoli_K12	K03457
Neg2_Ecoli_K12	K03459
Neg2_Ecoli_K12	K03466
Neg2_Ecoli_K12	K03468
Neg2_Ecoli_K12	K03469
Neg2_Ecoli_K12	K03470
Neg2_Ecoli_K12	K03472
Neg2_Ecoli_K12	K03473
Neg2_Ecoli_K12	K03474
Neg2_Ecoli_K12	K03475
Neg2_Ecoli_K12	K03476
Neg2_Ecoli_K12	K03477
Neg2_Ecoli_K12	K03478
Neg2_Ecoli_K12	K03482
Neg2_Ecoli_K12	K03485
Neg2_Ecoli_K12	K03487
Neg2_Ecoli_K12	K03488
Neg2_Ecoli_K12	K03490
Neg2_Ecoli_K12	K03495
Neg2_Ecoli_K12	K03498
Neg2_Ecoli_K12	K03499
Neg2_Ecoli_K12	K03500
Neg2_Ecoli_K12	K03501
Neg2_Ecoli_K12	K03502
Neg2_Ecoli_K12	K03503
Neg2_Ecoli_K12	K03516
Neg2_Ecoli_K12	K03517
Neg2_Ecoli_K12	K03521
Neg2_Ecoli_K12	K03522
Neg2_Ecoli_K12	K03524
Neg2_Ecoli_K12	K03526
Neg2_Ecoli_K12	K03527
Neg2_Ecoli_K12	K03528
Neg2_Ecoli_K12	K03530
Neg2_Ecoli_K12	K03531
Neg2_Ecoli_K12	K03532
Neg2_Ecoli_K12	K03533
Neg2_Ecoli_K12	K03534
Neg2_Ecoli_K12	K03535
Neg2_Ecoli_K12	K03536
Neg2_Ecoli_K12	K03543
Neg2_Ecoli_K12	K03544
Neg2_Ecoli_K12	K03545
Neg2_Ecoli_K12	K03546
Neg2_Ecoli_K12	K03547
Neg2_Ecoli_K12	K03548
Neg2_Ecoli_K12	K03549
Neg2_Ecoli_K12	K03550
Neg2_Ecoli_K12	K03551
Neg2_Ecoli_K12	K03553
Neg2_Ecoli_K12	K03554
Neg2_Ecoli_K12	K03555
Neg2_Ecoli_K12	K03556
Neg2_Ecoli_K12	K03557
Neg2_Ecoli_K12	K03558
Neg2_Ecoli_K12	K03559
Neg2_Ecoli_K12	K03561
Neg2_Ecoli_K12	K03562
Neg2_Ecoli_K12	K03563
Neg2_Ecoli_K12	K03564
Neg2_Ecoli_K12	K03565
Neg2_Ecoli_K12	K03566
Neg2_Ecoli_K12	K03567
Neg2_Ecoli_K12	K03568
Neg2_Ecoli_K12	K03569
Neg2_Ecoli_K12	K03570
Neg2_Ecoli_K12	K03571
Neg2_Ecoli_K12	K03572
Neg2_Ecoli_K12	K03573
Neg2_Ecoli_K12	K03574
Neg2_Ecoli_K12	K03575
Neg2_Ecoli_K12	K03576
Neg2_Ecoli_K12	K03577
Neg2_Ecoli_K12	K03578
Neg2_Ecoli_K12	K03579
Neg2_Ecoli_K12	K03580
Neg2_Ecoli_K12	K03581
Neg2_Ecoli_K12	K03582
Neg2_Ecoli_K12	K03583
Neg2_Ecoli_K12	K03584
Neg2_Ecoli_K12	K03585
Neg2_Ecoli_K12	K03586
Neg2_Ecoli_K12	K03587
Neg2_Ecoli_K12	K03588
Neg2_Ecoli_K12	K03589
Neg2_Ecoli_K12	K03590
Neg2_Ecoli_K12	K03591
Neg2_Ecoli_K12	K03592
Neg2_Ecoli_K12	K03593
Neg2_Ecoli_K12	K03594
Neg2_Ecoli_K12	K03595
Neg2_Ecoli_K12	K03596
Neg2_Ecoli_K12	K03597
Neg2_Ecoli_K12	K03598
Neg2_Ecoli_K12	K03599
Neg2_Ecoli_K12	K03600
Neg2_Ecoli_K12	K03601
Neg2_Ecoli_K12	K03602
Neg2_Ecoli_K12	K03603
Neg2_Ecoli_K12	K03604
Neg2_Ecoli_K12	K03605
Neg2_Ecoli_K12	K03606
Neg2_Ecoli_K12	K03607
Neg2_Ecoli_K12	K03608
Neg2_Ecoli_K12	K03609
Neg2_Ecoli_K12	K03610
Neg2_Ecoli_K12	K03611
Neg2_Ecoli_K12	K03612
Neg2_Ecoli_K12	K03613
Neg2_Ecoli_K12	K03614
Neg2_Ecoli_K12	K03615
Neg2_Ecoli_K12	K03616
Neg2_Ecoli_K12	K03617
Neg2_Ecoli_K12	K03618
Neg2_Ecoli_K12	K03619
Neg2_Ecoli_K12	K03620
Neg2_Ecoli_K12	K03621
Neg2_Ecoli_K12	K03623
Neg2_Ecoli_K12	K03624
Neg2_Ecoli_K12	K03625
Neg2_Ecoli_K12	K03628
Neg2_Ecoli_K12	K03629
Neg2_Ecoli_K12	K03630
Neg2_Ecoli_K12	K03631
Neg2_Ecoli_K12	K03632
Neg2_Ecoli_K12	K03633
Neg2_Ecoli_K12	K03634
Neg2_Ecoli_K12	K03635
Neg2_Ecoli_K12	K03636
Neg2_Ecoli_K12	K03637
Neg2_Ecoli_K12	K03638
Neg2_Ecoli_K12	K03639
Neg2_Ecoli_K12	K03640
Neg2_Ecoli_K12	K03641
Neg2_Ecoli_K12	K03642
Neg2_Ecoli_K12	K03643
Neg2_Ecoli_K12	K03644
Neg2_Ecoli_K12	K03645
Neg2_Ecoli_K12	K03646
Neg2_Ecoli_K12	K03647
Neg2_Ecoli_K12	K03648
Neg2_Ecoli_K12	K03649
Neg2_Ecoli_K12	K03650
Neg2_Ecoli_K12	K03651
Neg2_Ecoli_K12	K03654
Neg2_Ecoli_K12	K03655
Neg2_Ecoli_K12	K03656
Neg2_Ecoli_K12	K03657
Neg2_Ecoli_K12	K03658
Neg2_Ecoli_K12	K03664
Neg2_Ecoli_K12	K03665
Neg2_Ecoli_K12	K03666
Neg2_Ecoli_K12	K03667
Neg2_Ecoli_K12	K03668
Neg2_Ecoli_K12	K03669
Neg2_Ecoli_K12	K03670
Neg2_Ecoli_K12	K03671
Neg2_Ecoli_K12	K03672
Neg2_Ecoli_K12	K03673
Neg2_Ecoli_K12	K03674
Neg2_Ecoli_K12	K03675
Neg2_Ecoli_K12	K03676
Neg2_Ecoli_K12	K03683
Neg2_Ecoli_K12	K03684
Neg2_Ecoli_K12	K03685
Neg2_Ecoli_K12	K03686
Neg2_Ecoli_K12	K03687
Neg2_Ecoli_K12	K03688
Neg2_Ecoli_K12	K03690
Neg2_Ecoli_K12	K03694
Neg2_Ecoli_K12	K03695
Neg2_Ecoli_K12	K03699
Neg2_Ecoli_K12	K03701
Neg2_Ecoli_K12	K03702
Neg2_Ecoli_K12	K03703
Neg2_Ecoli_K12	K03704
Neg2_Ecoli_K12	K03710
Neg2_Ecoli_K12	K03711
Neg2_Ecoli_K12	K03712
Neg2_Ecoli_K12	K03717
Neg2_Ecoli_K12	K03718
Neg2_Ecoli_K12	K03719
Neg2_Ecoli_K12	K03720
Neg2_Ecoli_K12	K03721
Neg2_Ecoli_K12	K03722
Neg2_Ecoli_K12	K03723
Neg2_Ecoli_K12	K03724
Neg2_Ecoli_K12	K03732
Neg2_Ecoli_K12	K03733
Neg2_Ecoli_K12	K03734
Neg2_Ecoli_K12	K03735
Neg2_Ecoli_K12	K03736
Neg2_Ecoli_K12	K03737
Neg2_Ecoli_K12	K03738
Neg2_Ecoli_K12	K03743
Neg2_Ecoli_K12	K03745
Neg2_Ecoli_K12	K03746
Neg2_Ecoli_K12	K03747
Neg2_Ecoli_K12	K03748
Neg2_Ecoli_K12	K03749
Neg2_Ecoli_K12	K03750
Neg2_Ecoli_K12	K03752
Neg2_Ecoli_K12	K03753
Neg2_Ecoli_K12	K03755
Neg2_Ecoli_K12	K03756
Neg2_Ecoli_K12	K03757
Neg2_Ecoli_K12	K03758
Neg2_Ecoli_K12	K03759
Neg2_Ecoli_K12	K03760
Neg2_Ecoli_K12	K03761
Neg2_Ecoli_K12	K03762
Neg2_Ecoli_K12	K03764
Neg2_Ecoli_K12	K03765
Neg2_Ecoli_K12	K03770
Neg2_Ecoli_K12	K03771
Neg2_Ecoli_K12	K03772
Neg2_Ecoli_K12	K03773
Neg2_Ecoli_K12	K03774
Neg2_Ecoli_K12	K03775
Neg2_Ecoli_K12	K03776
Neg2_Ecoli_K12	K03777
Neg2_Ecoli_K12	K03778
Neg2_Ecoli_K12	K03779
Neg2_Ecoli_K12	K03780
Neg2_Ecoli_K12	K03781
Neg2_Ecoli_K12	K03782
Neg2_Ecoli_K12	K03783
Neg2_Ecoli_K12	K03784
Neg2_Ecoli_K12	K03785
Neg2_Ecoli_K12	K03787
Neg2_Ecoli_K12	K03788
Neg2_Ecoli_K12	K03789
Neg2_Ecoli_K12	K03790
Neg2_Ecoli_K12	K03796
Neg2_Ecoli_K12	K03797
Neg2_Ecoli_K12	K03798
Neg2_Ecoli_K12	K03799
Neg2_Ecoli_K12	K03800
Neg2_Ecoli_K12	K03801
Neg2_Ecoli_K12	K03803
Neg2_Ecoli_K12	K03804
Neg2_Ecoli_K12	K03805
Neg2_Ecoli_K12	K03806
Neg2_Ecoli_K12	K03807
Neg2_Ecoli_K12	K03808
Neg2_Ecoli_K12	K03809
Neg2_Ecoli_K12	K03810
Neg2_Ecoli_K12	K03811
Neg2_Ecoli_K12	K03812
Neg2_Ecoli_K12	K03814
Neg2_Ecoli_K12	K03817
Neg2_Ecoli_K12	K03818
Neg2_Ecoli_K12	K03819
Neg2_Ecoli_K12	K03820
Neg2_Ecoli_K12	K03824
Neg2_Ecoli_K12	K03825
Neg2_Ecoli_K12	K03826
Neg2_Ecoli_K12	K03827
Neg2_Ecoli_K12	K03828
Neg2_Ecoli_K12	K03829
Neg2_Ecoli_K12	K03830
Neg2_Ecoli_K12	K03831
Neg2_Ecoli_K12	K03832
Neg2_Ecoli_K12	K03833
Neg2_Ecoli_K12	K03834
Neg2_Ecoli_K12	K03835
Neg2_Ecoli_K12	K03836
Neg2_Ecoli_K12	K03837
Neg2_Ecoli_K12	K03838
Neg2_Ecoli_K12	K03839
Neg2_Ecoli_K12	K03840
Neg2_Ecoli_K12	K03841
Neg2_Ecoli_K12	K03855
Neg2_Ecoli_K12	K03885
Neg2_Ecoli_K12	K03892
Neg2_Ecoli_K12	K03893
Neg2_Ecoli_K12	K03919
Neg2_Ecoli_K12	K03923
Neg2_Ecoli_K12	K03924
Neg2_Ecoli_K12	K03925
Neg2_Ecoli_K12	K03926
Neg2_Ecoli_K12	K03931
Neg2_Ecoli_K12	K03969
Neg2_Ecoli_K12	K03970
Neg2_Ecoli_K12	K03971
Neg2_Ecoli_K12	K03972
Neg2_Ecoli_K12	K03973
Neg2_Ecoli_K12	K03974
Neg2_Ecoli_K12	K03975
Neg2_Ecoli_K12	K03976
Neg2_Ecoli_K12	K03977
Neg2_Ecoli_K12	K03978
Neg2_Ecoli_K12	K03979
Neg2_Ecoli_K12	K03980
Neg2_Ecoli_K12	K03981
Neg2_Ecoli_K12	K04013
Neg2_Ecoli_K12	K04014
Neg2_Ecoli_K12	K04015
Neg2_Ecoli_K12	K04016
Neg2_Ecoli_K12	K04017
Neg2_Ecoli_K12	K04018
Neg2_Ecoli_K12	K04019
Neg2_Ecoli_K12	K04020
Neg2_Ecoli_K12	K04021
Neg2_Ecoli_K12	K04022
Neg2_Ecoli_K12	K04023
Neg2_Ecoli_K12	K04024
Neg2_Ecoli_K12	K04025
Neg2_Ecoli_K12	K04026
Neg2_Ecoli_K12	K04028
Neg2_Ecoli_K12	K04029
Neg2_Ecoli_K12	K04030
Neg2_Ecoli_K12	K04031
Neg2_Ecoli_K12	K04032
Neg2_Ecoli_K12	K04033
Neg2_Ecoli_K12	K04042
Neg2_Ecoli_K12	K04043
Neg2_Ecoli_K12	K04044
Neg2_Ecoli_K12	K04045
Neg2_Ecoli_K12	K04046
Neg2_Ecoli_K12	K04047
Neg2_Ecoli_K12	K04062
Neg2_Ecoli_K12	K04063
Neg2_Ecoli_K12	K04064
Neg2_Ecoli_K12	K04065
Neg2_Ecoli_K12	K04066
Neg2_Ecoli_K12	K04067
Neg2_Ecoli_K12	K04068
Neg2_Ecoli_K12	K04069
Neg2_Ecoli_K12	K04072
Neg2_Ecoli_K12	K04073
Neg2_Ecoli_K12	K04075
Neg2_Ecoli_K12	K04077
Neg2_Ecoli_K12	K04078
Neg2_Ecoli_K12	K04079
Neg2_Ecoli_K12	K04080
Neg2_Ecoli_K12	K04081
Neg2_Ecoli_K12	K04082
Neg2_Ecoli_K12	K04083
Neg2_Ecoli_K12	K04084
Neg2_Ecoli_K12	K04085
Neg2_Ecoli_K12	K04087
Neg2_Ecoli_K12	K04088
Neg2_Ecoli_K12	K04091
Neg2_Ecoli_K12	K04095
Neg2_Ecoli_K12	K04096
Neg2_Ecoli_K12	K04333
Neg2_Ecoli_K12	K04334
Neg2_Ecoli_K12	K04335
Neg2_Ecoli_K12	K04336
Neg2_Ecoli_K12	K04337
Neg2_Ecoli_K12	K04338
Neg2_Ecoli_K12	K04485
Neg2_Ecoli_K12	K04487
Neg2_Ecoli_K12	K04488
Neg2_Ecoli_K12	K04564
Neg2_Ecoli_K12	K04565
Neg2_Ecoli_K12	K04567
Neg2_Ecoli_K12	K04568
Neg2_Ecoli_K12	K04651
Neg2_Ecoli_K12	K04652
Neg2_Ecoli_K12	K04653
Neg2_Ecoli_K12	K04654
Neg2_Ecoli_K12	K04655
Neg2_Ecoli_K12	K04656
Neg2_Ecoli_K12	K04691
Neg2_Ecoli_K12	K04744
Neg2_Ecoli_K12	K04750
Neg2_Ecoli_K12	K04751
Neg2_Ecoli_K12	K04752
Neg2_Ecoli_K12	K04753
Neg2_Ecoli_K12	K04754
Neg2_Ecoli_K12	K04755
Neg2_Ecoli_K12	K04758
Neg2_Ecoli_K12	K04759
Neg2_Ecoli_K12	K04760
Neg2_Ecoli_K12	K04761
Neg2_Ecoli_K12	K04762
Neg2_Ecoli_K12	K04763
Neg2_Ecoli_K12	K04764
Neg2_Ecoli_K12	K04765
Neg2_Ecoli_K12	K04770
Neg2_Ecoli_K12	K04771
Neg2_Ecoli_K12	K04772
Neg2_Ecoli_K12	K04773
Neg2_Ecoli_K12	K04774
Neg2_Ecoli_K12	K04775
Neg2_Ecoli_K12	K05245
Neg2_Ecoli_K12	K05275
Neg2_Ecoli_K12	K05349
Neg2_Ecoli_K12	K05365
Neg2_Ecoli_K12	K05366
Neg2_Ecoli_K12	K05367
Neg2_Ecoli_K12	K05368
Neg2_Ecoli_K12	K05375
Neg2_Ecoli_K12	K05394
Neg2_Ecoli_K12	K05396
Neg2_Ecoli_K12	K05499
Neg2_Ecoli_K12	K05501
Neg2_Ecoli_K12	K05515
Neg2_Ecoli_K12	K05516
Neg2_Ecoli_K12	K05517
Neg2_Ecoli_K12	K05520
Neg2_Ecoli_K12	K05522
Neg2_Ecoli_K12	K05523
Neg2_Ecoli_K12	K05526
Neg2_Ecoli_K12	K05527
Neg2_Ecoli_K12	K05539
Neg2_Ecoli_K12	K05540
Neg2_Ecoli_K12	K05541
Neg2_Ecoli_K12	K05589
Neg2_Ecoli_K12	K05590
Neg2_Ecoli_K12	K05591
Neg2_Ecoli_K12	K05592
Neg2_Ecoli_K12	K05594
Neg2_Ecoli_K12	K05595
Neg2_Ecoli_K12	K05596
Neg2_Ecoli_K12	K05601
Neg2_Ecoli_K12	K05685
Neg2_Ecoli_K12	K05708
Neg2_Ecoli_K12	K05709
Neg2_Ecoli_K12	K05710
Neg2_Ecoli_K12	K05711
Neg2_Ecoli_K12	K05712
Neg2_Ecoli_K12	K05713
Neg2_Ecoli_K12	K05714
Neg2_Ecoli_K12	K05774
Neg2_Ecoli_K12	K05775
Neg2_Ecoli_K12	K05776
Neg2_Ecoli_K12	K05777
Neg2_Ecoli_K12	K05778
Neg2_Ecoli_K12	K05779
Neg2_Ecoli_K12	K05780
Neg2_Ecoli_K12	K05781
Neg2_Ecoli_K12	K05782
Neg2_Ecoli_K12	K05785
Neg2_Ecoli_K12	K05786
Neg2_Ecoli_K12	K05787
Neg2_Ecoli_K12	K05788
Neg2_Ecoli_K12	K05789
Neg2_Ecoli_K12	K05790
Neg2_Ecoli_K12	K05796
Neg2_Ecoli_K12	K05798
Neg2_Ecoli_K12	K05799
Neg2_Ecoli_K12	K05800
Neg2_Ecoli_K12	K05801
Neg2_Ecoli_K12	K05802
Neg2_Ecoli_K12	K05803
Neg2_Ecoli_K12	K05804
Neg2_Ecoli_K12	K05805
Neg2_Ecoli_K12	K05807
Neg2_Ecoli_K12	K05808
Neg2_Ecoli_K12	K05809
Neg2_Ecoli_K12	K05810
Neg2_Ecoli_K12	K05811
Neg2_Ecoli_K12	K05812
Neg2_Ecoli_K12	K05813
Neg2_Ecoli_K12	K05814
Neg2_Ecoli_K12	K05815
Neg2_Ecoli_K12	K05816
Neg2_Ecoli_K12	K05817
Neg2_Ecoli_K12	K05818
Neg2_Ecoli_K12	K05819
Neg2_Ecoli_K12	K05820
Neg2_Ecoli_K12	K05834
Neg2_Ecoli_K12	K05835
Neg2_Ecoli_K12	K05837
Neg2_Ecoli_K12	K05838
Neg2_Ecoli_K12	K05839
Neg2_Ecoli_K12	K05844
Neg2_Ecoli_K12	K05845
Neg2_Ecoli_K12	K05846
Neg2_Ecoli_K12	K05847
Neg2_Ecoli_K12	K05851
Neg2_Ecoli_K12	K05874
Neg2_Ecoli_K12	K05875
Neg2_Ecoli_K12	K05876
Neg2_Ecoli_K12	K05877
Neg2_Ecoli_K12	K05878
Neg2_Ecoli_K12	K05879
Neg2_Ecoli_K12	K05880
Neg2_Ecoli_K12	K05881
Neg2_Ecoli_K12	K05887
Neg2_Ecoli_K12	K05916
Neg2_Ecoli_K12	K05939
Neg2_Ecoli_K12	K05964
Neg2_Ecoli_K12	K05966
Neg2_Ecoli_K12	K05982
Neg2_Ecoli_K12	K05984
Neg2_Ecoli_K12	K05995
Neg2_Ecoli_K12	K05997
Neg2_Ecoli_K12	K06006
Neg2_Ecoli_K12	K06020
Neg2_Ecoli_K12	K06039
Neg2_Ecoli_K12	K06041
Neg2_Ecoli_K12	K06048
Neg2_Ecoli_K12	K06073
Neg2_Ecoli_K12	K06074
Neg2_Ecoli_K12	K06075
Neg2_Ecoli_K12	K06076
Neg2_Ecoli_K12	K06077
Neg2_Ecoli_K12	K06078
Neg2_Ecoli_K12	K06079
Neg2_Ecoli_K12	K06080
Neg2_Ecoli_K12	K06131
Neg2_Ecoli_K12	K06132
Neg2_Ecoli_K12	K06133
Neg2_Ecoli_K12	K06140
Neg2_Ecoli_K12	K06141
Neg2_Ecoli_K12	K06142
Neg2_Ecoli_K12	K06143
Neg2_Ecoli_K12	K06144
Neg2_Ecoli_K12	K06145
Neg2_Ecoli_K12	K06146
Neg2_Ecoli_K12	K06149
Neg2_Ecoli_K12	K06153
Neg2_Ecoli_K12	K06155
Neg2_Ecoli_K12	K06156
Neg2_Ecoli_K12	K06157
Neg2_Ecoli_K12	K06158
Neg2_Ecoli_K12	K06159
Neg2_Ecoli_K12	K06162
Neg2_Ecoli_K12	K06163
Neg2_Ecoli_K12	K06164
Neg2_Ecoli_K12	K06165
Neg2_Ecoli_K12	K06166
Neg2_Ecoli_K12	K06167
Neg2_Ecoli_K12	K06168
Neg2_Ecoli_K12	K06173
Neg2_Ecoli_K12	K06175
Neg2_Ecoli_K12	K06176
Neg2_Ecoli_K12	K06177
Neg2_Ecoli_K12	K06178
Neg2_Ecoli_K12	K06179
Neg2_Ecoli_K12	K06180
Neg2_Ecoli_K12	K06181
Neg2_Ecoli_K12	K06182
Neg2_Ecoli_K12	K06183
Neg2_Ecoli_K12	K06186
Neg2_Ecoli_K12	K06187
Neg2_Ecoli_K12	K06188
Neg2_Ecoli_K12	K06189
Neg2_Ecoli_K12	K06190
Neg2_Ecoli_K12	K06191
Neg2_Ecoli_K12	K06192
Neg2_Ecoli_K12	K06193
Neg2_Ecoli_K12	K06194
Neg2_Ecoli_K12	K06195
Neg2_Ecoli_K12	K06197
Neg2_Ecoli_K12	K06199
Neg2_Ecoli_K12	K06200
Neg2_Ecoli_K12	K06201
Neg2_Ecoli_K12	K06202
Neg2_Ecoli_K12	K06203
Neg2_Ecoli_K12	K06204
Neg2_Ecoli_K12	K06205
Neg2_Ecoli_K12	K06206
Neg2_Ecoli_K12	K06207
Neg2_Ecoli_K12	K06211
Neg2_Ecoli_K12	K06212
Neg2_Ecoli_K12	K06214
Neg2_Ecoli_K12	K06217
Neg2_Ecoli_K12	K06218
Neg2_Ecoli_K12	K06219
Neg2_Ecoli_K12	K06221
Neg2_Ecoli_K12	K06222
Neg2_Ecoli_K12	K06223
Neg2_Ecoli_K12	K06281
Neg2_Ecoli_K12	K06282
Neg2_Ecoli_K12	K06287
Neg2_Ecoli_K12	K06415
Neg2_Ecoli_K12	K06445
Neg2_Ecoli_K12	K06447
Neg2_Ecoli_K12	K06518
Neg2_Ecoli_K12	K06726
Neg2_Ecoli_K12	K06858
Neg2_Ecoli_K12	K06861
Neg2_Ecoli_K12	K06866
Neg2_Ecoli_K12	K06871
Neg2_Ecoli_K12	K06872
Neg2_Ecoli_K12	K06879
Neg2_Ecoli_K12	K06884
Neg2_Ecoli_K12	K06887
Neg2_Ecoli_K12	K06889
Neg2_Ecoli_K12	K06890
Neg2_Ecoli_K12	K06891
Neg2_Ecoli_K12	K06894
Neg2_Ecoli_K12	K06895
Neg2_Ecoli_K12	K06899
Neg2_Ecoli_K12	K06901
Neg2_Ecoli_K12	K06911
Neg2_Ecoli_K12	K06915
Neg2_Ecoli_K12	K06916
Neg2_Ecoli_K12	K06917
Neg2_Ecoli_K12	K06918
Neg2_Ecoli_K12	K06920
Neg2_Ecoli_K12	K06925
Neg2_Ecoli_K12	K06929
Neg2_Ecoli_K12	K06938
Neg2_Ecoli_K12	K06940
Neg2_Ecoli_K12	K06941
Neg2_Ecoli_K12	K06942
Neg2_Ecoli_K12	K06946
Neg2_Ecoli_K12	K06949
Neg2_Ecoli_K12	K06950
Neg2_Ecoli_K12	K06952
Neg2_Ecoli_K12	K06956
Neg2_Ecoli_K12	K06957
Neg2_Ecoli_K12	K06958
Neg2_Ecoli_K12	K06959
Neg2_Ecoli_K12	K06966
Neg2_Ecoli_K12	K06968
Neg2_Ecoli_K12	K06969
Neg2_Ecoli_K12	K06970
Neg2_Ecoli_K12	K06971
Neg2_Ecoli_K12	K06975
Neg2_Ecoli_K12	K06980
Neg2_Ecoli_K12	K06997
Neg2_Ecoli_K12	K06998
Neg2_Ecoli_K12	K07000
Neg2_Ecoli_K12	K07001
Neg2_Ecoli_K12	K07007
Neg2_Ecoli_K12	K07010
Neg2_Ecoli_K12	K07012
Neg2_Ecoli_K12	K07014
Neg2_Ecoli_K12	K07019
Neg2_Ecoli_K12	K07025
Neg2_Ecoli_K12	K07026
Neg2_Ecoli_K12	K07027
Neg2_Ecoli_K12	K07029
Neg2_Ecoli_K12	K07034
Neg2_Ecoli_K12	K07038
Neg2_Ecoli_K12	K07039
Neg2_Ecoli_K12	K07040
Neg2_Ecoli_K12	K07042
Neg2_Ecoli_K12	K07043
Neg2_Ecoli_K12	K07048
Neg2_Ecoli_K12	K07053
Neg2_Ecoli_K12	K07054
Neg2_Ecoli_K12	K07056
Neg2_Ecoli_K12	K07058
Neg2_Ecoli_K12	K07070
Neg2_Ecoli_K12	K07071
Neg2_Ecoli_K12	K07082
Neg2_Ecoli_K12	K07085
Neg2_Ecoli_K12	K07089
Neg2_Ecoli_K12	K07090
Neg2_Ecoli_K12	K07091
Neg2_Ecoli_K12	K07095
Neg2_Ecoli_K12	K07098
Neg2_Ecoli_K12	K07106
Neg2_Ecoli_K12	K07107
Neg2_Ecoli_K12	K07109
Neg2_Ecoli_K12	K07112
Neg2_Ecoli_K12	K07113
Neg2_Ecoli_K12	K07114
Neg2_Ecoli_K12	K07115
Neg2_Ecoli_K12	K07120
Neg2_Ecoli_K12	K07121
Neg2_Ecoli_K12	K07122
Neg2_Ecoli_K12	K07126
Neg2_Ecoli_K12	K07127
Neg2_Ecoli_K12	K07136
Neg2_Ecoli_K12	K07139
Neg2_Ecoli_K12	K07140
Neg2_Ecoli_K12	K07141
Neg2_Ecoli_K12	K07146
Neg2_Ecoli_K12	K07147
Neg2_Ecoli_K12	K07148
Neg2_Ecoli_K12	K07150
Neg2_Ecoli_K12	K07153
Neg2_Ecoli_K12	K07154
Neg2_Ecoli_K12	K07156
Neg2_Ecoli_K12	K07160
Neg2_Ecoli_K12	K07165
Neg2_Ecoli_K12	K07171
Neg2_Ecoli_K12	K07172
Neg2_Ecoli_K12	K07173
Neg2_Ecoli_K12	K07180
Neg2_Ecoli_K12	K07184
Neg2_Ecoli_K12	K07186
Neg2_Ecoli_K12	K07192
Neg2_Ecoli_K12	K07214
Neg2_Ecoli_K12	K07219
Neg2_Ecoli_K12	K07223
Neg2_Ecoli_K12	K07224
Neg2_Ecoli_K12	K07229
Neg2_Ecoli_K12	K07232
Neg2_Ecoli_K12	K07235
Neg2_Ecoli_K12	K07236
Neg2_Ecoli_K12	K07237
Neg2_Ecoli_K12	K07238
Neg2_Ecoli_K12	K07243
Neg2_Ecoli_K12	K07245
Neg2_Ecoli_K12	K07246
Neg2_Ecoli_K12	K07248
Neg2_Ecoli_K12	K07250
Neg2_Ecoli_K12	K07251
Neg2_Ecoli_K12	K07258
Neg2_Ecoli_K12	K07259
Neg2_Ecoli_K12	K07261
Neg2_Ecoli_K12	K07262
Neg2_Ecoli_K12	K07263
Neg2_Ecoli_K12	K07264
Neg2_Ecoli_K12	K07269
Neg2_Ecoli_K12	K07273
Neg2_Ecoli_K12	K07274
Neg2_Ecoli_K12	K07275
Neg2_Ecoli_K12	K07277
Neg2_Ecoli_K12	K07278
Neg2_Ecoli_K12	K07279
Neg2_Ecoli_K12	K07283
Neg2_Ecoli_K12	K07285
Neg2_Ecoli_K12	K07286
Neg2_Ecoli_K12	K07287
Neg2_Ecoli_K12	K07289
Neg2_Ecoli_K12	K07290
Neg2_Ecoli_K12	K07300
Neg2_Ecoli_K12	K07301
Neg2_Ecoli_K12	K07304
Neg2_Ecoli_K12	K07305
Neg2_Ecoli_K12	K07306
Neg2_Ecoli_K12	K07307
Neg2_Ecoli_K12	K07308
Neg2_Ecoli_K12	K07309
Neg2_Ecoli_K12	K07310
Neg2_Ecoli_K12	K07312
Neg2_Ecoli_K12	K07313
Neg2_Ecoli_K12	K07314
Neg2_Ecoli_K12	K07319
Neg2_Ecoli_K12	K07320
Neg2_Ecoli_K12	K07322
Neg2_Ecoli_K12	K07323
Neg2_Ecoli_K12	K07336
Neg2_Ecoli_K12	K07337
Neg2_Ecoli_K12	K07339
Neg2_Ecoli_K12	K07340
Neg2_Ecoli_K12	K07343
Neg2_Ecoli_K12	K07345
Neg2_Ecoli_K12	K07346
Neg2_Ecoli_K12	K07347
Neg2_Ecoli_K12	K07348
Neg2_Ecoli_K12	K07349
Neg2_Ecoli_K12	K07350
Neg2_Ecoli_K12	K07351
Neg2_Ecoli_K12	K07352
Neg2_Ecoli_K12	K07353
Neg2_Ecoli_K12	K07354
Neg2_Ecoli_K12	K07355
Neg2_Ecoli_K12	K07356
Neg2_Ecoli_K12	K07357
Neg2_Ecoli_K12	K07358
Neg2_Ecoli_K12	K07387
Neg2_Ecoli_K12	K07390
Neg2_Ecoli_K12	K07391
Neg2_Ecoli_K12	K07393
Neg2_Ecoli_K12	K07397
Neg2_Ecoli_K12	K07400
Neg2_Ecoli_K12	K07402
Neg2_Ecoli_K12	K07404
Neg2_Ecoli_K12	K07406
Neg2_Ecoli_K12	K07443
Neg2_Ecoli_K12	K07447
Neg2_Ecoli_K12	K07448
Neg2_Ecoli_K12	K07451
Neg2_Ecoli_K12	K07452
Neg2_Ecoli_K12	K07455
Neg2_Ecoli_K12	K07458
Neg2_Ecoli_K12	K07459
Neg2_Ecoli_K12	K07460
Neg2_Ecoli_K12	K07461
Neg2_Ecoli_K12	K07462
Neg2_Ecoli_K12	K07470
Neg2_Ecoli_K12	K07471
Neg2_Ecoli_K12	K07473
Neg2_Ecoli_K12	K07478
Neg2_Ecoli_K12	K07479
Neg2_Ecoli_K12	K07480
Neg2_Ecoli_K12	K07481
Neg2_Ecoli_K12	K07482
Neg2_Ecoli_K12	K07483
Neg2_Ecoli_K12	K07490
Neg2_Ecoli_K12	K07491
Neg2_Ecoli_K12	K07495
Neg2_Ecoli_K12	K07496
Neg2_Ecoli_K12	K07497
Neg2_Ecoli_K12	K07507
Neg2_Ecoli_K12	K07552
Neg2_Ecoli_K12	K07559
Neg2_Ecoli_K12	K07560
Neg2_Ecoli_K12	K07566
Neg2_Ecoli_K12	K07568
Neg2_Ecoli_K12	K07574
Neg2_Ecoli_K12	K07588
Neg2_Ecoli_K12	K07589
Neg2_Ecoli_K12	K07592
Neg2_Ecoli_K12	K07636
Neg2_Ecoli_K12	K07637
Neg2_Ecoli_K12	K07638
Neg2_Ecoli_K12	K07639
Neg2_Ecoli_K12	K07640
Neg2_Ecoli_K12	K07641
Neg2_Ecoli_K12	K07642
Neg2_Ecoli_K12	K07643
Neg2_Ecoli_K12	K07644
Neg2_Ecoli_K12	K07645
Neg2_Ecoli_K12	K07646
Neg2_Ecoli_K12	K07647
Neg2_Ecoli_K12	K07648
Neg2_Ecoli_K12	K07657
Neg2_Ecoli_K12	K07659
Neg2_Ecoli_K12	K07660
Neg2_Ecoli_K12	K07661
Neg2_Ecoli_K12	K07662
Neg2_Ecoli_K12	K07663
Neg2_Ecoli_K12	K07664
Neg2_Ecoli_K12	K07665
Neg2_Ecoli_K12	K07666
Neg2_Ecoli_K12	K07667
Neg2_Ecoli_K12	K07673
Neg2_Ecoli_K12	K07674
Neg2_Ecoli_K12	K07675
Neg2_Ecoli_K12	K07676
Neg2_Ecoli_K12	K07677
Neg2_Ecoli_K12	K07678
Neg2_Ecoli_K12	K07679
Neg2_Ecoli_K12	K07684
Neg2_Ecoli_K12	K07685
Neg2_Ecoli_K12	K07686
Neg2_Ecoli_K12	K07687
Neg2_Ecoli_K12	K07688
Neg2_Ecoli_K12	K07689
Neg2_Ecoli_K12	K07690
Neg2_Ecoli_K12	K07700
Neg2_Ecoli_K12	K07701
Neg2_Ecoli_K12	K07702
Neg2_Ecoli_K12	K07703
Neg2_Ecoli_K12	K07708
Neg2_Ecoli_K12	K07709
Neg2_Ecoli_K12	K07710
Neg2_Ecoli_K12	K07711
Neg2_Ecoli_K12	K07712
Neg2_Ecoli_K12	K07713
Neg2_Ecoli_K12	K07714
Neg2_Ecoli_K12	K07715
Neg2_Ecoli_K12	K07722
Neg2_Ecoli_K12	K07724
Neg2_Ecoli_K12	K07726
Neg2_Ecoli_K12	K07733
Neg2_Ecoli_K12	K07735
Neg2_Ecoli_K12	K07738
Neg2_Ecoli_K12	K07740
Neg2_Ecoli_K12	K07749
Neg2_Ecoli_K12	K07751
Neg2_Ecoli_K12	K07757
Neg2_Ecoli_K12	K07771
Neg2_Ecoli_K12	K07772
Neg2_Ecoli_K12	K07773
Neg2_Ecoli_K12	K07780
Neg2_Ecoli_K12	K07781
Neg2_Ecoli_K12	K07782
Neg2_Ecoli_K12	K07783
Neg2_Ecoli_K12	K07784
Neg2_Ecoli_K12	K07786
Neg2_Ecoli_K12	K07787
Neg2_Ecoli_K12	K07788
Neg2_Ecoli_K12	K07789
Neg2_Ecoli_K12	K07791
Neg2_Ecoli_K12	K07792
Neg2_Ecoli_K12	K07797
Neg2_Ecoli_K12	K07798
Neg2_Ecoli_K12	K07799
Neg2_Ecoli_K12	K07803
Neg2_Ecoli_K12	K07806
Neg2_Ecoli_K12	K07810
Neg2_Ecoli_K12	K07811
Neg2_Ecoli_K12	K07812
Neg2_Ecoli_K12	K07821
Neg2_Ecoli_K12	K07823
Neg2_Ecoli_K12	K07862
Neg2_Ecoli_K12	K08092
Neg2_Ecoli_K12	K08137
Neg2_Ecoli_K12	K08138
Neg2_Ecoli_K12	K08154
Neg2_Ecoli_K12	K08156
Neg2_Ecoli_K12	K08159
Neg2_Ecoli_K12	K08160
Neg2_Ecoli_K12	K08161
Neg2_Ecoli_K12	K08162
Neg2_Ecoli_K12	K08163
Neg2_Ecoli_K12	K08169
Neg2_Ecoli_K12	K08172
Neg2_Ecoli_K12	K08173
Neg2_Ecoli_K12	K08177
Neg2_Ecoli_K12	K08191
Neg2_Ecoli_K12	K08194
Neg2_Ecoli_K12	K08218
Neg2_Ecoli_K12	K08219
Neg2_Ecoli_K12	K08223
Neg2_Ecoli_K12	K08224
Neg2_Ecoli_K12	K08225
Neg2_Ecoli_K12	K08227
Neg2_Ecoli_K12	K08234
Neg2_Ecoli_K12	K08276
Neg2_Ecoli_K12	K08277
Neg2_Ecoli_K12	K08279
Neg2_Ecoli_K12	K08280
Neg2_Ecoli_K12	K08281
Neg2_Ecoli_K12	K08289
Neg2_Ecoli_K12	K08296
Neg2_Ecoli_K12	K08297
Neg2_Ecoli_K12	K08298
Neg2_Ecoli_K12	K08299
Neg2_Ecoli_K12	K08300
Neg2_Ecoli_K12	K08301
Neg2_Ecoli_K12	K08302
Neg2_Ecoli_K12	K08303
Neg2_Ecoli_K12	K08304
Neg2_Ecoli_K12	K08305
Neg2_Ecoli_K12	K08306
Neg2_Ecoli_K12	K08307
Neg2_Ecoli_K12	K08308
Neg2_Ecoli_K12	K08309
Neg2_Ecoli_K12	K08310
Neg2_Ecoli_K12	K08311
Neg2_Ecoli_K12	K08312
Neg2_Ecoli_K12	K08313
Neg2_Ecoli_K12	K08314
Neg2_Ecoli_K12	K08315
Neg2_Ecoli_K12	K08316
Neg2_Ecoli_K12	K08317
Neg2_Ecoli_K12	K08318
Neg2_Ecoli_K12	K08319
Neg2_Ecoli_K12	K08320
Neg2_Ecoli_K12	K08321
Neg2_Ecoli_K12	K08322
Neg2_Ecoli_K12	K08323
Neg2_Ecoli_K12	K08324
Neg2_Ecoli_K12	K08325
Neg2_Ecoli_K12	K08326
Neg2_Ecoli_K12	K08349
Neg2_Ecoli_K12	K08350
Neg2_Ecoli_K12	K08351
Neg2_Ecoli_K12	K08354
Neg2_Ecoli_K12	K08368
Neg2_Ecoli_K12	K08483
Neg2_Ecoli_K12	K08484
Neg2_Ecoli_K12	K08485
Neg2_Ecoli_K12	K08590
Neg2_Ecoli_K12	K08591
Neg2_Ecoli_K12	K08641
Neg2_Ecoli_K12	K08680
Neg2_Ecoli_K12	K08682
Neg2_Ecoli_K12	K08687
Neg2_Ecoli_K12	K08722
Neg2_Ecoli_K12	K08723
Neg2_Ecoli_K12	K08968
Neg2_Ecoli_K12	K08970
Neg2_Ecoli_K12	K08984
Neg2_Ecoli_K12	K08989
Neg2_Ecoli_K12	K08990
Neg2_Ecoli_K12	K08992
Neg2_Ecoli_K12	K08993
Neg2_Ecoli_K12	K08994
Neg2_Ecoli_K12	K08996
Neg2_Ecoli_K12	K08997
Neg2_Ecoli_K12	K09001
Neg2_Ecoli_K12	K09013
Neg2_Ecoli_K12	K09014
Neg2_Ecoli_K12	K09015
Neg2_Ecoli_K12	K09016
Neg2_Ecoli_K12	K09017
Neg2_Ecoli_K12	K09018
Neg2_Ecoli_K12	K09019
Neg2_Ecoli_K12	K09020
Neg2_Ecoli_K12	K09021
Neg2_Ecoli_K12	K09022
Neg2_Ecoli_K12	K09023
Neg2_Ecoli_K12	K09024
Neg2_Ecoli_K12	K09125
Neg2_Ecoli_K12	K09131
Neg2_Ecoli_K12	K09136
Neg2_Ecoli_K12	K09158
Neg2_Ecoli_K12	K09159
Neg2_Ecoli_K12	K09160
Neg2_Ecoli_K12	K09161
Neg2_Ecoli_K12	K09181
Neg2_Ecoli_K12	K09251
Neg2_Ecoli_K12	K09456
Neg2_Ecoli_K12	K09458
Neg2_Ecoli_K12	K09470
Neg2_Ecoli_K12	K09471
Neg2_Ecoli_K12	K09472
Neg2_Ecoli_K12	K09473
Neg2_Ecoli_K12	K09475
Neg2_Ecoli_K12	K09476
Neg2_Ecoli_K12	K09477
Neg2_Ecoli_K12	K09612
Neg2_Ecoli_K12	K09710
Neg2_Ecoli_K12	K09712
Neg2_Ecoli_K12	K09747
Neg2_Ecoli_K12	K09748
Neg2_Ecoli_K12	K09760
Neg2_Ecoli_K12	K09761
Neg2_Ecoli_K12	K09767
Neg2_Ecoli_K12	K09768
Neg2_Ecoli_K12	K09771
Neg2_Ecoli_K12	K09773
Neg2_Ecoli_K12	K09774
Neg2_Ecoli_K12	K09780
Neg2_Ecoli_K12	K09781
Neg2_Ecoli_K12	K09786
Neg2_Ecoli_K12	K09790
Neg2_Ecoli_K12	K09791
Neg2_Ecoli_K12	K09794
Neg2_Ecoli_K12	K09798
Neg2_Ecoli_K12	K09800
Neg2_Ecoli_K12	K09801
Neg2_Ecoli_K12	K09802
Neg2_Ecoli_K12	K09806
Neg2_Ecoli_K12	K09807
Neg2_Ecoli_K12	K09808
Neg2_Ecoli_K12	K09810
Neg2_Ecoli_K12	K09811
Neg2_Ecoli_K12	K09812
Neg2_Ecoli_K12	K09815
Neg2_Ecoli_K12	K09816
Neg2_Ecoli_K12	K09817
Neg2_Ecoli_K12	K09823
Neg2_Ecoli_K12	K09824
Neg2_Ecoli_K12	K09857
Neg2_Ecoli_K12	K09858
Neg2_Ecoli_K12	K09861
Neg2_Ecoli_K12	K09862
Neg2_Ecoli_K12	K09888
Neg2_Ecoli_K12	K09889
Neg2_Ecoli_K12	K09890
Neg2_Ecoli_K12	K09891
Neg2_Ecoli_K12	K09892
Neg2_Ecoli_K12	K09893
Neg2_Ecoli_K12	K09894
Neg2_Ecoli_K12	K09895
Neg2_Ecoli_K12	K09896
Neg2_Ecoli_K12	K09897
Neg2_Ecoli_K12	K09898
Neg2_Ecoli_K12	K09899
Neg2_Ecoli_K12	K09900
Neg2_Ecoli_K12	K09901
Neg2_Ecoli_K12	K09902
Neg2_Ecoli_K12	K09903
Neg2_Ecoli_K12	K09904
Neg2_Ecoli_K12	K09906
Neg2_Ecoli_K12	K09907
Neg2_Ecoli_K12	K09908
Neg2_Ecoli_K12	K09909
Neg2_Ecoli_K12	K09910
Neg2_Ecoli_K12	K09911
Neg2_Ecoli_K12	K09912
Neg2_Ecoli_K12	K09913
Neg2_Ecoli_K12	K09914
Neg2_Ecoli_K12	K09915
Neg2_Ecoli_K12	K09916
Neg2_Ecoli_K12	K09917
Neg2_Ecoli_K12	K09918
Neg2_Ecoli_K12	K09920
Neg2_Ecoli_K12	K09921
Neg2_Ecoli_K12	K09923
Neg2_Ecoli_K12	K09925
Neg2_Ecoli_K12	K09927
Neg2_Ecoli_K12	K09933
Neg2_Ecoli_K12	K09934
Neg2_Ecoli_K12	K09935
Neg2_Ecoli_K12	K09936
Neg2_Ecoli_K12	K09937
Neg2_Ecoli_K12	K09946
Neg2_Ecoli_K12	K09951
Neg2_Ecoli_K12	K09954
Neg2_Ecoli_K12	K09969
Neg2_Ecoli_K12	K09970
Neg2_Ecoli_K12	K09971
Neg2_Ecoli_K12	K09972
Neg2_Ecoli_K12	K09973
Neg2_Ecoli_K12	K09974
Neg2_Ecoli_K12	K09975
Neg2_Ecoli_K12	K09978
Neg2_Ecoli_K12	K09979
Neg2_Ecoli_K12	K09980
Neg2_Ecoli_K12	K09982
Neg2_Ecoli_K12	K09994
Neg2_Ecoli_K12	K09996
Neg2_Ecoli_K12	K09997
Neg2_Ecoli_K12	K09998
Neg2_Ecoli_K12	K09999
Neg2_Ecoli_K12	K10000
Neg2_Ecoli_K12	K10001
Neg2_Ecoli_K12	K10002
Neg2_Ecoli_K12	K10003
Neg2_Ecoli_K12	K10004
Neg2_Ecoli_K12	K10009
Neg2_Ecoli_K12	K10010
Neg2_Ecoli_K12	K10011
Neg2_Ecoli_K12	K10012
Neg2_Ecoli_K12	K10013
Neg2_Ecoli_K12	K10014
Neg2_Ecoli_K12	K10015
Neg2_Ecoli_K12	K10016
Neg2_Ecoli_K12	K10017
Neg2_Ecoli_K12	K10026
Neg2_Ecoli_K12	K10038
Neg2_Ecoli_K12	K10108
Neg2_Ecoli_K12	K10109
Neg2_Ecoli_K12	K10110
Neg2_Ecoli_K12	K10111
Neg2_Ecoli_K12	K10112
Neg2_Ecoli_K12	K10124
Neg2_Ecoli_K12	K10213
Neg2_Ecoli_K12	K10231
Neg2_Ecoli_K12	K10439
Neg2_Ecoli_K12	K10440
Neg2_Ecoli_K12	K10441
Neg2_Ecoli_K12	K10537
Neg2_Ecoli_K12	K10538
Neg2_Ecoli_K12	K10539
Neg2_Ecoli_K12	K10540
Neg2_Ecoli_K12	K10541
Neg2_Ecoli_K12	K10542
Neg2_Ecoli_K12	K10543
Neg2_Ecoli_K12	K10544
Neg2_Ecoli_K12	K10545
Neg2_Ecoli_K12	K10549
Neg2_Ecoli_K12	K10550
Neg2_Ecoli_K12	K10551
Neg2_Ecoli_K12	K10555
Neg2_Ecoli_K12	K10556
Neg2_Ecoli_K12	K10557
Neg2_Ecoli_K12	K10558
Neg2_Ecoli_K12	K10563
Neg2_Ecoli_K12	K10678
Neg2_Ecoli_K12	K10679
Neg2_Ecoli_K12	K10680
Neg2_Ecoli_K12	K10700
Neg2_Ecoli_K12	K10708
Neg2_Ecoli_K12	K10709
Neg2_Ecoli_K12	K10710
Neg2_Ecoli_K12	K10711
Neg2_Ecoli_K12	K10748
Neg2_Ecoli_K12	K10762
Neg2_Ecoli_K12	K10763
Neg2_Ecoli_K12	K10773
Neg2_Ecoli_K12	K10778
Neg2_Ecoli_K12	K10804
Neg2_Ecoli_K12	K10805
Neg2_Ecoli_K12	K10806
Neg2_Ecoli_K12	K10820
Neg2_Ecoli_K12	K10824
Neg2_Ecoli_K12	K10829
Neg2_Ecoli_K12	K10831
Neg2_Ecoli_K12	K10857
Neg2_Ecoli_K12	K10906
Neg2_Ecoli_K12	K10914
Neg2_Ecoli_K12	K10923
Neg2_Ecoli_K12	K10939
Neg2_Ecoli_K12	K10961
Neg2_Ecoli_K12	K10966
Neg2_Ecoli_K12	K10972
Neg2_Ecoli_K12	K10973
Neg2_Ecoli_K12	K10974
Neg2_Ecoli_K12	K10975
Neg2_Ecoli_K12	K10984
Neg2_Ecoli_K12	K10985
Neg2_Ecoli_K12	K10986
Neg2_Ecoli_K12	K11065
Neg2_Ecoli_K12	K11066
Neg2_Ecoli_K12	K11068
Neg2_Ecoli_K12	K11069
Neg2_Ecoli_K12	K11070
Neg2_Ecoli_K12	K11071
Neg2_Ecoli_K12	K11072
Neg2_Ecoli_K12	K11073
Neg2_Ecoli_K12	K11074
Neg2_Ecoli_K12	K11075
Neg2_Ecoli_K12	K11076
Neg2_Ecoli_K12	K11085
Neg2_Ecoli_K12	K11102
Neg2_Ecoli_K12	K11103
Neg2_Ecoli_K12	K11104
Neg2_Ecoli_K12	K11105
Neg2_Ecoli_K12	K11106
Neg2_Ecoli_K12	K11107
Neg2_Ecoli_K12	K11139
Neg2_Ecoli_K12	K11175
Neg2_Ecoli_K12	K11177
Neg2_Ecoli_K12	K11178
Neg2_Ecoli_K12	K11179
Neg2_Ecoli_K12	K11183
Neg2_Ecoli_K12	K11192
Neg2_Ecoli_K12	K11200
Neg2_Ecoli_K12	K11201
Neg2_Ecoli_K12	K11202
Neg2_Ecoli_K12	K11203
Neg2_Ecoli_K12	K11208
Neg2_Ecoli_K12	K11209
Neg2_Ecoli_K12	K11216
Neg2_Ecoli_K12	K11249
Neg2_Ecoli_K12	K11250
Neg2_Ecoli_K12	K11258
Neg2_Ecoli_K12	K11264
Neg2_Ecoli_K12	K11391
Neg2_Ecoli_K12	K11392
Neg2_Ecoli_K12	K11472
Neg2_Ecoli_K12	K11473
Neg2_Ecoli_K12	K11474
Neg2_Ecoli_K12	K11477
Neg2_Ecoli_K12	K11530
Neg2_Ecoli_K12	K11531
Neg2_Ecoli_K12	K11534
Neg2_Ecoli_K12	K11535
Neg2_Ecoli_K12	K11537
Neg2_Ecoli_K12	K11645
Neg2_Ecoli_K12	K11685
Neg2_Ecoli_K12	K11687
Neg2_Ecoli_K12	K11688
Neg2_Ecoli_K12	K11689
Neg2_Ecoli_K12	K11690
Neg2_Ecoli_K12	K11717
Neg2_Ecoli_K12	K11719
Neg2_Ecoli_K12	K11720
Neg2_Ecoli_K12	K11732
Neg2_Ecoli_K12	K11733
Neg2_Ecoli_K12	K11734
Neg2_Ecoli_K12	K11735
Neg2_Ecoli_K12	K11736
Neg2_Ecoli_K12	K11737
Neg2_Ecoli_K12	K11738
Neg2_Ecoli_K12	K11739
Neg2_Ecoli_K12	K11740
Neg2_Ecoli_K12	K11741
Neg2_Ecoli_K12	K11742
Neg2_Ecoli_K12	K11743
Neg2_Ecoli_K12	K11744
Neg2_Ecoli_K12	K11745
Neg2_Ecoli_K12	K11746
Neg2_Ecoli_K12	K11747
Neg2_Ecoli_K12	K11748
Neg2_Ecoli_K12	K11749
Neg2_Ecoli_K12	K11750
Neg2_Ecoli_K12	K11751
Neg2_Ecoli_K12	K11752
Neg2_Ecoli_K12	K11753
Neg2_Ecoli_K12	K11754
Neg2_Ecoli_K12	K11755
Neg2_Ecoli_K12	K11920
Neg2_Ecoli_K12	K11921
Neg2_Ecoli_K12	K11922
Neg2_Ecoli_K12	K11924
Neg2_Ecoli_K12	K11925
Neg2_Ecoli_K12	K11926
Neg2_Ecoli_K12	K11927
Neg2_Ecoli_K12	K11928
Neg2_Ecoli_K12	K11929
Neg2_Ecoli_K12	K11930
Neg2_Ecoli_K12	K11931
Neg2_Ecoli_K12	K11932
Neg2_Ecoli_K12	K11933
Neg2_Ecoli_K12	K11934
Neg2_Ecoli_K12	K11935
Neg2_Ecoli_K12	K11936
Neg2_Ecoli_K12	K11937
Neg2_Ecoli_K12	K11938
Neg2_Ecoli_K12	K11939
Neg2_Ecoli_K12	K11940
Neg2_Ecoli_K12	K11941
Neg2_Ecoli_K12	K11991
Neg2_Ecoli_K12	K12111
Neg2_Ecoli_K12	K12112
Neg2_Ecoli_K12	K12113
Neg2_Ecoli_K12	K12136
Neg2_Ecoli_K12	K12137
Neg2_Ecoli_K12	K12138
Neg2_Ecoli_K12	K12139
Neg2_Ecoli_K12	K12140
Neg2_Ecoli_K12	K12141
Neg2_Ecoli_K12	K12143
Neg2_Ecoli_K12	K12145
Neg2_Ecoli_K12	K12146
Neg2_Ecoli_K12	K12147
Neg2_Ecoli_K12	K12148
Neg2_Ecoli_K12	K12149
Neg2_Ecoli_K12	K12151
Neg2_Ecoli_K12	K12152
Neg2_Ecoli_K12	K12262
Neg2_Ecoli_K12	K12264
Neg2_Ecoli_K12	K12265
Neg2_Ecoli_K12	K12266
Neg2_Ecoli_K12	K12288
Neg2_Ecoli_K12	K12289
Neg2_Ecoli_K12	K12290
Neg2_Ecoli_K12	K12291
Neg2_Ecoli_K12	K12297
Neg2_Ecoli_K12	K12299
Neg2_Ecoli_K12	K12339
Neg2_Ecoli_K12	K12340
Neg2_Ecoli_K12	K12368
Neg2_Ecoli_K12	K12369
Neg2_Ecoli_K12	K12370
Neg2_Ecoli_K12	K12371
Neg2_Ecoli_K12	K12372
Neg2_Ecoli_K12	K12410
Neg2_Ecoli_K12	K12500
Neg2_Ecoli_K12	K12507
Neg2_Ecoli_K12	K12516
Neg2_Ecoli_K12	K12518
Neg2_Ecoli_K12	K12519
Neg2_Ecoli_K12	K12524
Neg2_Ecoli_K12	K12525
Neg2_Ecoli_K12	K12527
Neg2_Ecoli_K12	K12528
Neg2_Ecoli_K12	K12529
Neg2_Ecoli_K12	K12573
Neg2_Ecoli_K12	K12582
Neg2_Ecoli_K12	K12630
Neg2_Ecoli_K12	K12634
Neg2_Ecoli_K12	K12660
Neg2_Ecoli_K12	K12661
Neg2_Ecoli_K12	K12678
Neg2_Ecoli_K12	K12687
Neg2_Ecoli_K12	K12700
Neg2_Ecoli_K12	K12940
Neg2_Ecoli_K12	K12941
Neg2_Ecoli_K12	K12942
Neg2_Ecoli_K12	K12943
Neg2_Ecoli_K12	K12944
Neg2_Ecoli_K12	K12945
Neg2_Ecoli_K12	K12957
Neg2_Ecoli_K12	K12961
Neg2_Ecoli_K12	K12962
Neg2_Ecoli_K12	K12963
Neg2_Ecoli_K12	K12972
Neg2_Ecoli_K12	K12973
Neg2_Ecoli_K12	K12974
Neg2_Ecoli_K12	K12975
Neg2_Ecoli_K12	K12981
Neg2_Ecoli_K12	K12986
Neg2_Ecoli_K12	K13008
Neg2_Ecoli_K12	K13014
Neg2_Ecoli_K12	K13038
Neg2_Ecoli_K12	K13051
Neg2_Ecoli_K12	K13053
Neg2_Ecoli_K12	K13069
Neg2_Ecoli_K12	K13243
Neg2_Ecoli_K12	K13255
Neg2_Ecoli_K12	K13256
Neg2_Ecoli_K12	K13283
Neg2_Ecoli_K12	K13288
Neg2_Ecoli_K12	K13292
Neg2_Ecoli_K12	K13301
Neg2_Ecoli_K12	K13378
Neg2_Ecoli_K12	K13381
Neg2_Ecoli_K12	K13479
Neg2_Ecoli_K12	K13483
Neg2_Ecoli_K12	K13497
Neg2_Ecoli_K12	K13498
Neg2_Ecoli_K12	K13574
Neg2_Ecoli_K12	K13620
Neg2_Ecoli_K12	K13628
Neg2_Ecoli_K12	K13629
Neg2_Ecoli_K12	K13630
Neg2_Ecoli_K12	K13631
Neg2_Ecoli_K12	K13632
Neg2_Ecoli_K12	K13634
Neg2_Ecoli_K12	K13635
Neg2_Ecoli_K12	K13636
Neg2_Ecoli_K12	K13637
Neg2_Ecoli_K12	K13638
Neg2_Ecoli_K12	K13639
Neg2_Ecoli_K12	K13641
Neg2_Ecoli_K12	K13643
Neg2_Ecoli_K12	K13650
Neg2_Ecoli_K12	K13651
Neg2_Ecoli_K12	K13654
Neg2_Ecoli_K12	K13655
Neg2_Ecoli_K12	K13683
Neg2_Ecoli_K12	K13684
Neg2_Ecoli_K12	K13694
Neg2_Ecoli_K12	K13695
Neg2_Ecoli_K12	K13735
Neg2_Ecoli_K12	K13771
Neg2_Ecoli_K12	K13788
Neg2_Ecoli_K12	K13821
Neg2_Ecoli_K12	K13888
Neg2_Ecoli_K12	K13889
Neg2_Ecoli_K12	K13890
Neg2_Ecoli_K12	K13891
Neg2_Ecoli_K12	K13893
Neg2_Ecoli_K12	K13894
Neg2_Ecoli_K12	K13895
Neg2_Ecoli_K12	K13896
Neg2_Ecoli_K12	K13918
Neg2_Ecoli_K12	K13926
Neg2_Ecoli_K12	K13936
Neg2_Ecoli_K12	K13938
Neg2_Ecoli_K12	K13953
Neg2_Ecoli_K12	K13954
Neg2_Ecoli_K12	K13979
Neg2_Ecoli_K12	K14051
Neg2_Ecoli_K12	K14052
Neg2_Ecoli_K12	K14053
Neg2_Ecoli_K12	K14054
Neg2_Ecoli_K12	K14055
Neg2_Ecoli_K12	K14056
Neg2_Ecoli_K12	K14057
Neg2_Ecoli_K12	K14058
Neg2_Ecoli_K12	K14059
Neg2_Ecoli_K12	K14060
Neg2_Ecoli_K12	K14061
Neg2_Ecoli_K12	K14062
Neg2_Ecoli_K12	K14063
Neg2_Ecoli_K12	K14064
Neg2_Ecoli_K12	K14065
Neg2_Ecoli_K12	K14155
Neg2_Ecoli_K12	K14170
Neg2_Ecoli_K12	K14187
Neg2_Ecoli_K12	K14260
Neg2_Ecoli_K12	K14261
Neg2_Ecoli_K12	K14287
Neg2_Ecoli_K12	K14347
Neg2_Ecoli_K12	K14348
Neg2_Ecoli_K12	K14371
Neg2_Ecoli_K12	K14373
Neg2_Ecoli_K12	K14392
Neg2_Ecoli_K12	K14393
Neg2_Ecoli_K12	K14414
Neg2_Ecoli_K12	K14415
Neg2_Ecoli_K12	K14441
Neg2_Ecoli_K12	K14587
Neg2_Ecoli_K12	K14588
Neg2_Ecoli_K12	K14591
Neg2_Ecoli_K12	K14604
Neg2_Ecoli_K12	K14623
Neg2_Ecoli_K12	K14682
Neg2_Ecoli_K12	K14742
Neg2_Ecoli_K12	K14744
Neg2_Ecoli_K12	K14746
Neg2_Ecoli_K12	K14747
Neg2_Ecoli_K12	K14761
Neg2_Ecoli_K12	K14762
Neg2_Ecoli_K12	K14977
Neg2_Ecoli_K12	K15034
Neg2_Ecoli_K12	K15256
Neg2_Ecoli_K12	K15257
Neg2_Ecoli_K12	K15268
Neg2_Ecoli_K12	K15342
Neg2_Ecoli_K12	K15396
Neg2_Ecoli_K12	K15460
Neg2_Ecoli_K12	K15461
Neg2_Ecoli_K12	K15523
Neg2_Ecoli_K12	K15524
Neg2_Ecoli_K12	K15536
Neg2_Ecoli_K12	K15539
Neg2_Ecoli_K12	K15540
Neg2_Ecoli_K12	K15545
Neg2_Ecoli_K12	K15547
Neg2_Ecoli_K12	K15548
Neg2_Ecoli_K12	K15549
Neg2_Ecoli_K12	K15550
Neg2_Ecoli_K12	K15551
Neg2_Ecoli_K12	K15552
Neg2_Ecoli_K12	K15553
Neg2_Ecoli_K12	K15554
Neg2_Ecoli_K12	K15555
Neg2_Ecoli_K12	K15557
Neg2_Ecoli_K12	K15558
Neg2_Ecoli_K12	K15580
Neg2_Ecoli_K12	K15581
Neg2_Ecoli_K12	K15582
Neg2_Ecoli_K12	K15584
Neg2_Ecoli_K12	K15585
Neg2_Ecoli_K12	K15586
Neg2_Ecoli_K12	K15633
Neg2_Ecoli_K12	K15634
Neg2_Ecoli_K12	K15722
Neg2_Ecoli_K12	K15723
Neg2_Ecoli_K12	K15724
Neg2_Ecoli_K12	K15735
Neg2_Ecoli_K12	K15736
Neg2_Ecoli_K12	K15737
Neg2_Ecoli_K12	K15738
Neg2_Ecoli_K12	K15753
Neg2_Ecoli_K12	K15773
Neg2_Ecoli_K12	K15777
Neg2_Ecoli_K12	K15827
Neg2_Ecoli_K12	K15828
Neg2_Ecoli_K12	K15829
Neg2_Ecoli_K12	K15830
Neg2_Ecoli_K12	K15831
Neg2_Ecoli_K12	K15832
Neg2_Ecoli_K12	K15833
Neg2_Ecoli_K12	K15834
Neg2_Ecoli_K12	K15835
Neg2_Ecoli_K12	K15836
Neg2_Ecoli_K12	K15866
Neg2_Ecoli_K12	K15922
Neg2_Ecoli_K12	K15932
Neg2_Ecoli_K12	K15956
Neg2_Ecoli_K12	K15974
Neg2_Ecoli_K12	K15977
Neg2_Ecoli_K12	K15984
Neg2_Ecoli_K12	K16011
Neg2_Ecoli_K12	K16012
Neg2_Ecoli_K12	K16013
Neg2_Ecoli_K12	K16030
Neg2_Ecoli_K12	K16032
Neg2_Ecoli_K12	K16037
Neg2_Ecoli_K12	K16052
Neg2_Ecoli_K12	K16053
Neg2_Ecoli_K12	K16066
Neg2_Ecoli_K12	K16074
Neg2_Ecoli_K12	K16076
Neg2_Ecoli_K12	K16088
Neg2_Ecoli_K12	K16089
Neg2_Ecoli_K12	K16090
Neg2_Ecoli_K12	K16091
Neg2_Ecoli_K12	K16092
Neg2_Ecoli_K12	K16106
Neg2_Ecoli_K12	K16108
Neg2_Ecoli_K12	K16109
Neg2_Ecoli_K12	K16110
Neg2_Ecoli_K12	K16111
Neg2_Ecoli_K12	K16112
Neg2_Ecoli_K12	K16113
Neg2_Ecoli_K12	K16116
Neg2_Ecoli_K12	K16117
Neg2_Ecoli_K12	K16135
Neg2_Ecoli_K12	K16136
Neg2_Ecoli_K12	K16137
Neg2_Ecoli_K12	K16138
Neg2_Ecoli_K12	K16139
Neg2_Ecoli_K12	K16140
Neg2_Ecoli_K12	K16235
Neg2_Ecoli_K12	K16263
Neg2_Ecoli_K12	K16264
Neg2_Ecoli_K12	K16291
Neg2_Ecoli_K12	K16301
Neg2_Ecoli_K12	K16321
Neg2_Ecoli_K12	K16322
Neg2_Ecoli_K12	K16324
Neg2_Ecoli_K12	K16325
Neg2_Ecoli_K12	K16326
Neg2_Ecoli_K12	K16328
Neg2_Ecoli_K12	K16329
Neg2_Ecoli_K12	K16345
Neg2_Ecoli_K12	K16346
Neg2_Ecoli_K12	K16347
Neg2_Ecoli_K12	K16348
Neg2_Ecoli_K12	K16370
Neg2_Ecoli_K12	K16371
Neg2_Ecoli_K12	K16399
Neg2_Ecoli_K12	K16418
Neg2_Ecoli_K12	K16419
Neg2_Ecoli_K12	K16450
Neg2_Ecoli_K12	K16514
Neg2_Ecoli_K12	K16554
Neg2_Ecoli_K12	K16692
Neg2_Ecoli_K12	K16693
Neg2_Ecoli_K12	K16695
Neg2_Ecoli_K12	K16703
Neg2_Ecoli_K12	K16704
Neg2_Ecoli_K12	K16710
Neg2_Ecoli_K12	K16711
Neg2_Ecoli_K12	K16868
Neg2_Ecoli_K12	K17048
Neg2_Ecoli_K12	K17051
Neg2_Ecoli_K12	K17068
Neg2_Ecoli_K12	K17195
Neg2_Ecoli_K12	K17247
Neg2_Ecoli_K12	K17686
Neg2_Ecoli_K12	K17713
Neg2_Ecoli_K12	K17722
Neg2_Ecoli_K12	K17723
Neg2_Ecoli_K12	K17737
Neg2_Ecoli_K12	K17758
Neg2_Ecoli_K12	K17832
Neg2_Ecoli_K12	K17938
Neg2_Ecoli_K12	K17948
Neg2_Ecoli_K12	K18015
Neg2_Ecoli_K12	K18138
Neg2_Ecoli_K12	K18139
Neg2_Ecoli_K12	K18140
Neg2_Ecoli_K12	K18141
Neg2_Ecoli_K12	K18142
Neg2_Ecoli_K12	K18324
Neg2_Ecoli_K12	K18326
Neg2_Ecoli_K12	K18446
Neg2_Ecoli_K12	K18471
Neg2_Ecoli_K12	K18478
Neg2_Ecoli_K12	K18479
Neg2_Ecoli_K12	K18530
Neg2_Ecoli_K12	K18531
Neg2_Ecoli_K12	K18535
Neg2_Ecoli_K12	K18570
Neg2_Ecoli_K12	K18588
Neg2_Ecoli_K12	K18657
Neg2_Ecoli_K12	K18691
Neg2_Ecoli_K12	K18697
Neg2_Ecoli_K12	K18702
Neg2_Ecoli_K12	K18765
Neg2_Ecoli_K12	K18778
Neg2_Ecoli_K12	K18784
Neg2_Ecoli_K12	K18799
Neg2_Ecoli_K12	K18800
Neg2_Ecoli_K12	K18825
Neg2_Ecoli_K12	K18831
Neg2_Ecoli_K12	K18837
Neg2_Ecoli_K12	K18838
Neg2_Ecoli_K12	K18839
Neg2_Ecoli_K12	K18840
Neg2_Ecoli_K12	K18841
Neg2_Ecoli_K12	K18842
Neg2_Ecoli_K12	K18843
Neg2_Ecoli_K12	K18850
Neg2_Ecoli_K12	K18862
Neg2_Ecoli_K12	K18889
Neg2_Ecoli_K12	K18890
Neg2_Ecoli_K12	K18898
Neg2_Ecoli_K12	K18899
Neg2_Ecoli_K12	K18900
Neg2_Ecoli_K12	K18918
Neg2_Ecoli_K12	K18919
Neg2_Ecoli_K12	K18920
Neg2_Ecoli_K12	K18921
Neg2_Ecoli_K12	K18922
Neg2_Ecoli_K12	K18928
Neg2_Ecoli_K12	K18929
Neg2_Ecoli_K12	K18968
Neg2_Ecoli_K12	K18979
Neg2_Ecoli_K12	K18988
Neg2_Ecoli_K12	K18997
Neg2_Ecoli_K12	K19000
Neg2_Ecoli_K12	K19046
Neg2_Ecoli_K12	K19048
Neg2_Ecoli_K12	K19055
Neg2_Ecoli_K12	K19124
Neg2_Ecoli_K12	K19125
Neg2_Ecoli_K12	K19126
Neg2_Ecoli_K12	K19147
Neg2_Ecoli_K12	K19148
Neg2_Ecoli_K12	K19155
Neg2_Ecoli_K12	K19156
Neg2_Ecoli_K12	K19157
Neg2_Ecoli_K12	K19158
Neg2_Ecoli_K12	K19159
Neg2_Ecoli_K12	K19160
Neg2_Ecoli_K12	K19161
Neg2_Ecoli_K12	K19162
Neg2_Ecoli_K12	K19166
Neg2_Ecoli_K12	K19168
Neg2_Ecoli_K12	K19221
Neg2_Ecoli_K12	K19222
Neg2_Ecoli_K12	K19226
Neg2_Ecoli_K12	K19227
Neg2_Ecoli_K12	K19228
Neg2_Ecoli_K12	K19229
Neg2_Ecoli_K12	K19230
Neg2_Ecoli_K12	K19234
Neg2_Ecoli_K12	K19235
Neg2_Ecoli_K12	K19236
Neg2_Ecoli_K12	K19238
Neg2_Ecoli_K12	K19265
Neg2_Ecoli_K12	K19267
Neg2_Ecoli_K12	K19270
Neg2_Ecoli_K12	K19302
Neg2_Ecoli_K12	K19303
Neg2_Ecoli_K12	K19304
Neg2_Ecoli_K12	K19333
Neg2_Ecoli_K12	K19334
Neg2_Ecoli_K12	K19335
Neg2_Ecoli_K12	K19336
Neg2_Ecoli_K12	K19337
Neg2_Ecoli_K12	K19338
Neg2_Ecoli_K12	K19353
Neg2_Ecoli_K12	K19354
Neg2_Ecoli_K12	K19416
Neg2_Ecoli_K12	K19540
Neg2_Ecoli_K12	K19577
Neg2_Ecoli_K12	K19591
Neg2_Ecoli_K12	K19611
Neg2_Ecoli_K12	K19653
Neg2_Ecoli_K12	K19688
Neg2_Ecoli_K12	K19709
Neg2_Ecoli_K12	K19745
Neg2_Ecoli_K12	K19775
Neg2_Ecoli_K12	K19776
Neg2_Ecoli_K12	K19777
Neg2_Ecoli_K12	K19778
Neg2_Ecoli_K12	K19780
Neg2_Ecoli_K12	K19784
Neg2_Ecoli_K12	K19789
Neg2_Ecoli_K12	K19802
Neg2_Ecoli_K12	K19803
Neg2_Ecoli_K12	K19804
Neg2_Ecoli_K12	K19810
Neg2_Ecoli_K12	K19956
Neg2_Ecoli_K12	K19960
Neg2_Ecoli_K12	K19961
Neg2_Ecoli_K12	K19962
Neg2_Ecoli_K12	K20146
Neg2_Ecoli_K12	K20172
Neg2_Ecoli_K12	K20265
Neg2_Ecoli_K12	K20386
Neg2_Ecoli_K12	K20439
Neg2_Ecoli_K12	K20534
Neg2_Ecoli_K12	K20541
Neg2_Ecoli_K12	K20542
Neg2_Ecoli_K12	K20543
Neg2_Ecoli_K12	K20567
Neg2_Ecoli_K12	K20571
Neg2_Ecoli_K12	K20572
Neg2_Ecoli_K12	K20609
Neg2_Ecoli_K12	K20615
Neg2_Ecoli_K12	K20707
Neg2_Ecoli_K12	K20836
Neg2_Ecoli_K12	K20861
Neg2_Ecoli_K12	K20862
Neg2_Ecoli_K12	K20866
Neg2_Ecoli_K12	K20881
Neg2_Ecoli_K12	K21021
Neg2_Ecoli_K12	K21028
Neg2_Ecoli_K12	K21029
Neg2_Ecoli_K12	K21064
Neg2_Ecoli_K12	K21084
Neg2_Ecoli_K12	K21085
Neg2_Ecoli_K12	K21086
Neg2_Ecoli_K12	K21087
Neg2_Ecoli_K12	K21088
Neg2_Ecoli_K12	K21089
Neg2_Ecoli_K12	K21090
Neg2_Ecoli_K12	K21179
Neg2_Ecoli_K12	K21254
Neg2_Ecoli_K12	K21320
Neg2_Ecoli_K12	K21324
Neg2_Ecoli_K12	K21326
Neg2_Ecoli_K12	K21430
Neg2_Ecoli_K12	K21469
Neg2_Ecoli_K12	K21470
Neg2_Ecoli_K12	K21498
Neg2_Ecoli_K12	K21528
Neg2_Ecoli_K12	K21602
Neg2_Ecoli_K12	K21636
Neg2_Ecoli_K12	K21637
Neg2_Ecoli_K12	K21645
Neg2_Ecoli_K12	K21695
Neg2_Ecoli_K12	K21698
Neg2_Ecoli_K12	K21739
Neg2_Ecoli_K12	K21741
Neg2_Ecoli_K12	K21742
Neg2_Ecoli_K12	K21746
Neg2_Ecoli_K12	K21757
Neg2_Ecoli_K12	K21836
Neg2_Ecoli_K12	K21901
Neg2_Ecoli_K12	K21905
Neg2_Ecoli_K12	K21906
Neg2_Ecoli_K12	K21907
Neg2_Ecoli_K12	K21908
Neg2_Ecoli_K12	K21948
Neg2_Ecoli_K12	K21963
Neg2_Ecoli_K12	K21964
Neg2_Ecoli_K12	K21965
Neg2_Ecoli_K12	K21966
Neg2_Ecoli_K12	K21967
Neg2_Ecoli_K12	K21968
Neg2_Ecoli_K12	K21972
Neg2_Ecoli_K12	K21973
Neg2_Ecoli_K12	K21974
Neg2_Ecoli_K12	K21976
Neg2_Ecoli_K12	K21990
Neg2_Ecoli_K12	K22014
Neg2_Ecoli_K12	K22015
Neg2_Ecoli_K12	K22041
Neg2_Ecoli_K12	K22042
Neg2_Ecoli_K12	K22044
Neg2_Ecoli_K12	K22051
Neg2_Ecoli_K12	K22104
Neg2_Ecoli_K12	K22105
Neg2_Ecoli_K12	K22110
Neg2_Ecoli_K12	K22111
Neg2_Ecoli_K12	K22130
Neg2_Ecoli_K12	K22132
Neg2_Ecoli_K12	K22214
Neg2_Ecoli_K12	K22230
Neg2_Ecoli_K12	K22293
Neg2_Ecoli_K12	K22300
Neg2_Ecoli_K12	K22302
Neg2_Ecoli_K12	K22304
Neg2_Ecoli_K12	K22362
Neg2_Ecoli_K12	K22396
Neg2_Ecoli_K12	K22397
Neg2_Ecoli_K12	K22443
Neg2_Ecoli_K12	K22444
Neg2_Ecoli_K12	K22477
Neg2_Ecoli_K12	K22486
Neg2_Ecoli_K12	K22501
Neg2_Ecoli_K12	K22597
Neg2_Ecoli_K12	K22650
Neg2_Ecoli_K12	K22715
Neg2_Ecoli_K12	K22716
Neg2_Ecoli_K12	K22717
Neg2_Ecoli_K12	K22719
Neg2_Ecoli_K12	K22720
Neg2_Ecoli_K12	K22900
Neg2_Ecoli_K12	K23007
Neg2_Ecoli_K12	K23015
Neg2_Ecoli_K12	K23016
Neg2_Ecoli_K12	K23072
Neg2_Ecoli_K12	K23073
Neg2_Ecoli_K12	K23107
Neg2_Ecoli_K12	K23123
Neg2_Ecoli_K12	K23124
Neg2_Ecoli_K12	K23130
Neg2_Ecoli_K12	K23131
Neg2_Ecoli_K12	K23163
Neg2_Ecoli_K12	K23181
Neg2_Ecoli_K12	K23182
Neg2_Ecoli_K12	K23183
Neg2_Ecoli_K12	K23184
Neg2_Ecoli_K12	K23185
Neg2_Ecoli_K12	K23186
Neg2_Ecoli_K12	K23187
Neg2_Ecoli_K12	K23188
Neg2_Ecoli_K12	K23227
Neg2_Ecoli_K12	K23228
Neg2_Ecoli_K12	K23229
Neg2_Ecoli_K12	K23236
Neg2_Ecoli_K12	K23237
Neg2_Ecoli_K12	K23238
Neg2_Ecoli_K12	K23239
Neg2_Ecoli_K12	K23240
Neg2_Ecoli_K12	K23241
Neg2_Ecoli_K12	K23242
Neg2_Ecoli_K12	K23243
Neg2_Ecoli_K12	K23256
Neg2_Ecoli_K12	K23349
Neg2_Ecoli_K12	K23365
Neg2_Ecoli_K12	K23367
Neg2_Ecoli_K12	K23394
Neg2_Ecoli_K12	K23397
Neg2_Ecoli_K12	K23508
Neg2_Ecoli_K12	K23509
Neg2_Ecoli_K12	K23514
Neg2_Ecoli_K12	K23518
Neg2_Ecoli_K12	K23545
Neg2_Ecoli_K12	K23546
Neg2_Ecoli_K12	K23547
Neg2_Ecoli_K12	K23676
Neg2_Ecoli_K12	K23738
Neg2_Ecoli_K12	K23744
Neg2_Ecoli_K12	K23773
Neg2_Ecoli_K12	K23777
Neg2_Ecoli_K12	K23778
Neg2_Ecoli_K12	K23779
Neg2_Ecoli_K12	K23876
Neg2_Ecoli_K12	K23991
Neg2_Ecoli_K12	K23997
Neg2_Ecoli_K12	K24082
Neg2_Ecoli_K12	K24087
Neg2_Ecoli_K12	K24088
Neg2_Ecoli_K12	K24090
Neg2_Ecoli_K12	K24118
Neg2_Ecoli_K12	K24119
Neg2_Ecoli_K12	K24147
Neg2_Ecoli_K12	K24163
Neg2_Ecoli_K12	K24204
Neg2_Ecoli_K12	K24206
Neg2_Ecoli_K12	K24217
Neg2_Ecoli_K12	K24245
Neg2_Ecoli_K12	K24312
Neg2_Ecoli_K12	K24528
Neg2_Ecoli_K12	K24557
Neg2_Ecoli_K12	K24558
Neg2_Ecoli_K12	K24559
Neg2_Ecoli_K12	K24567
Neg2_Ecoli_K12	K24568
Neg2_Ecoli_K12	K24569
Neg2_Ecoli_K12	K24843
Neg2_Ecoli_K12	K24844
Neg2_Ecoli_K12	K24845
Neg2_Ecoli_K12	K24847
Neg2_Ecoli_K12	K24866
Neg2_Ecoli_K12	K25180
Neg2_Ecoli_K12	K25181
Neg2_Ecoli_K12	K25182
Neg2_Ecoli_K12	K25183
Neg2_Ecoli_K12	K25227
Neg2_Ecoli_K12	K25307
Neg2_Ecoli_K12	K25316
Neg2_Ecoli_K12	K25422
Neg2_Ecoli_K12	K25494
Neg2_Ecoli_K12	K25495
Neg2_Ecoli_K12	K25706
Neg2_Ecoli_K12	K25859
Neg2_Ecoli_K12	K25864
Neg2_Ecoli_K12	K25875
Neg2_Ecoli_K12	K25986
Neg2_Ecoli_K12	K26063
Neg2_Ecoli_K12	K26148
Neg2_Ecoli_K12	K26149
Neg2_Ecoli_K12	K26217
Neg2_Ecoli_K12	K26569
Neg2_Ecoli_K12	K26576
Neg2_Ecoli_K12	K26579
Neg2_Ecoli_K12	K26580
Neg2_Ecoli_K12	K26602
Neg2_Ecoli_K12	K26603
Neg2_Ecoli_K12	K26604
Neg2_Ecoli_K12	K26605
Neg2_Ecoli_K12	K26606
Neg2_Ecoli_K12	K26607
Neg2_Ecoli_K12	K26735
Neg2_Ecoli_K12	K26745
Neg2_Ecoli_K12	K26937
Neg2_Ecoli_K12	K26939
Neg2_Ecoli_K12	K26980
Neg2_Ecoli_K12	K27069
Neg2_Ecoli_K12	K27186
Neg2_Ecoli_K12	K27243
Neg2_Ecoli_K12	K27305
Neg2_Ecoli_K12	K27311
Neg2_Ecoli_K12	K27802
Neg2_Ecoli_K12	K27843
Neg2_Ecoli_K12	K27882
Neg2_Ecoli_K12	K27883
Neg2_Ecoli_K12	K27884
Neg2_Ecoli_K12	K27885
Neg2_Ecoli_K12	K28014
Neg2_Ecoli_K12	K28156
Neg2_Ecoli_K12	K28207
Neg2_Ecoli_K12	K28274
Neg2_Ecoli_K12	K28369
Neg2_Ecoli_K12	K28370
Neg2_Ecoli_K12	K28371
Neg2_Ecoli_K12	K28462
Neg2_Ecoli_K12	K28560
Neg2_Ecoli_K12	K28568
Neg2_Ecoli_K12	K28569
Neg2_Ecoli_K12	K28570
Neg2_Ecoli_K12	K28588
Neg2_Ecoli_K12	K28589
Neg2_Ecoli_K12	K28636
Neg2_Ecoli_K12	K28639
Neg2_Ecoli_K12	K28640
Neg2_Ecoli_K12	K28641
Neg2_Ecoli_K12	K28794
Neg2_Ecoli_K12	K28795
Neg2_Ecoli_K12	K28853
Neg2_Ecoli_K12	K28854
